:1000000000070000FFF802D8436F707972696768D3
:10001000742028432920323031312D3230313620BE
:100020004A6F686E20522E20436F66666D616E20A7
:10003000203C6A6F686E696E736440676D61696CBD
:100040002E636F6D3E0D0A436F7079726967687435
:100050002028432920323031352057696C6C696182
:100060006D20522E20536F77657262757474732001
:100070003C77696C6C40736F7765726275747473EA
:100080002E636F6D3E0D0A00FFF804A0FFF804A870
:0F009100F804B0FFF804B8FFF804C0FFF804C883
:0F00A100F804D0FFF804D8FFF804E0FFF804E8F3
:0F00B100F804F0FFF804F8FFF80500FFF8050861
:0F00C100F825F0FFF825F0FFF825F0FFF825A847
:0F00D100F825F0FFF825F0FFF825F0FFF825F0EF
:0F00E100F806FCFFF806FCFFF806FCFFF806FC2B
:0F00F100F806FCFFF806FCFFF806FCFFF806FC1B
:0F010100F806FCFFF806FCFFF806FCFFF806FC0A
:0F011100F806FCFFF806FCFFF806FCFFF806FCFA
:0F012100F827A4FFF806FCFFF806FCFFF806FC21
:0F013100F806FCFFF806FCFFF806FCFFF806FCDA
:0F014100F806FCFFF806FCFFF806FCFFF806FCCA
:0F015100F806FCFFF806FCFFF806FCFFF806FCBA
:0F016100F806FCFFF806FCFFF806FCFFF806FCAA
:0F017100F806FCFFF806FCFFF806FCFFF806FC9A
:10018000546F20656E7465722053657475702074A9
:100190007970652027732720647572696E672074F3
:1001A0006865206D656D6F727920746573742E0DAE
:1001B0000A0D54657374696E672C2073697A696ED1
:1001C000672C20616E6420636C656172696E6720C4
:1001D0006D656D6F7279202E2E2E000D466F756E37
:1001E00064206D656D6F72792066726F6D200020DE
:1001F000746F200020202020202020202020004D6F
:10020000656D6F7279206661696C757265206265D3
:10021000747765656E20302E2E33323736373B20AB
:100220007468652073797374656D206973207374C5
:100230006F707065642E0D0A000D0A0A20202020C0
:1002400020524553455420657863657074696F6E1C
:1002500020747261702072657175657374732061AA
:100260002066756C6C206D656D6F72792074657396
:10027000742E0D0A0000103C002060001FE441FABB
:10028000FE056000202A4840611048406006484052
:1002900061024840E0586102E058E8186102E8183D
:1002A0002F000200000F060000300C00003A65002D
:1002B00000045E0061001FAA201F4E75028000002E
:0E02C20080FC000A300067062F0061EE201F4E
:0E02D000484060CC4E754E7546FC2700203C21
:1002E00080484DFA00084EF9FFF85ABC2F017004FF
:1002F0004A8166084BFA00064EFA059A2A39000030
:1003000001942E3C0020000041F9000080004DFACD
:100310000006600004AE200C8C80200D04800000DC
:1003200080008C8041F900000BB8240843F90000DC
:10033000010491C920086002421951C8FFFC23C280
:100340000000016823C70000019023C5000001944C
:10035000201F13C00000016C41F9FFF896E623C886
:100360000000010042790000016061003028610056
:100370001EB46100FF0A4A866600038841F9FFF84F
:10038000894C61001F2A41FAFC8061001F222E392E
:10039000000001906100047E23C00000016449F95F
:1003A000000001942A14203C3456789A2880BA80A0
:1003B0006612429441FAFE834EB9FFF822AE4EB95E
:0F03C100F85BB041F9FFF8898C61001EE241FA48
:1003D000FDB061001EDA43FAFC284280244024D993
:1003E00024D143FAFCA4323C003B24D951C9FFFC80
:1003F00045F900000BB8263900000164968AE48BA9
:1004000060044843429A51CBFFFC484351CBFFF470
:1004100041FAFDC961001E9842806100FE6A41FAFE
:10042000FDCF61001E8A2039000001646100FE5882
:1004300041FAFDC261001E786100FE4442946100F1
:10044000223A027CF8FF61001E2E2F004EB9FFF801
:100450004094588F4EB9FFF834044EB9FFF820BCD1
:100460002F00487A001261001EAA508F4E72270199
:1004700060FA588F60EC0A4578697420636F646590
:10048000203D203078253032780A42494F53797325
:1004900074656D2073687574646F776E2E0A000042
:1004A0003F3C0002600001503F3C000360000148F7
:1004B0003F3C0004600001A03F3C00056000019843
:1004C0003F3C0006600001903F3C0007600001884F
:1004D0003F3C0008600001803F3C0009600001785B
:1004E0003F3C000A600001703F3C000B6000016867
:1004F0003F3C000C600001603F3C000D6000015873
:100500003F3C000E600001503F3C000F600001487E
:10051000457863657074696F6E203078000A5352B5
:100520002025303468780A4430202530386C782013
:1005300020204431202530386C782020204432207F
:100540002530386C782020204433202530386C78D2
:100550000A4434202530386C78202020443520256A
:1005600030386C782020204436202530386C7820B4
:1005700020204437202530386C780A41302025303F
:10058000386C782020204131202530386C782020AC
:10059000204132202530386C78202020413320251E
:1005A00030386C780A4134202530386C782020208F
:1005B0004135202530386C782020204136202530E8
:1005C000386C782020205350202530386C780A0071
:1005D000202530386C78202530386C78202530384C
:1005E0006C78202530386C78202530386C782025C0
:1005F00030386C780A0048E7FFFF54AF003C302FDA
:10060000004A2F00487AFF174EB9FFF82312DFFC8B
:10061000000000483E1F41FAFEF861001C921007DE
:100620006100FC786100FC58200F6100FC62103C06
:10063000003A61001C2C6100FC3E301F6100FC563A
:100640006100FC3420176100FC466100FC2A301F69
:100650006100FC42604048E7FFFF54AF003C302F90
:1006600000422F00487AFEB74EB9FFF82312DFFC94
:10067000000000483E1F41FAFE9861001C3210073E
:100680006100FC186100FBF8200F6100FC02103CC7
:10069000003A61001BCC6100FBDE301F6100FBF6FD
:1006A000487AFF2E4EB9FFF82312588F205F41E899
:0F06B100F420086100FBD8103C003A61001BA246
:1006C0006100FBB4323C000530186100FBC86100DA
:1006D000FBA651C9FFF4103C003A61001B84610085
:1006E000FB96323C000330186100FBAA6100FB88D6
:1006F00051C9FFF46100FB88600000024E722701BF
:1007000060FA41FAFAFB61001BA66000FFF0202F9F
:100710000004E0584840E0584E75302F0006E0587D
:100720004E754CDF03072E494E602F0230016704DF
:10073000303C20003F00428042814282428342841A
:10074000428542864287204722472447264728473A
:100750002A472C474E73103C002061001B042018D0
:100760006100FB2C4E752F002F0841EF000C300864
:100770006100FB1C103C003A61001AE66100FFD8E2
:100780006100FFD46100FFD06100FFCC6100FFC8B1
:100790006100FFC46100FAE8205F201F4E7548E742
:1007A000C0C048E7FFFF40C048E78000487AFD6FBF
:1007B0004EB9FFF82312DFFC000000484CDF0303B2
:1007C0004E7542862408E08AEE8A534267025342FD
:1007D0002A48283C12EDB748363C1FFF2248230424
:1007E00051CBFFFC363C1FFF2248B8A156CBFFFC83
:1007F00067162A49528643E98004B89956CBFFFC14
:1008000067064BE9FFFC528641E8800051CAFFCAE7
:1008100028484ED62207E8894280224161104A8248
:10082000660A2009BE806704D3C160F04E7542821B
:10083000263C12EDB7482449383C003F2503EA9B8B
:1008400051CCFFFA263C12EDB7482449383C003F12
:10085000B6A267025282EA9B51CCFFF64E75027C2B
:10086000DFFFCAFC55F0600648454E714E7151CD10
:0F087100FA484551CDFFF24E49CAFC55F06006DA
:1008800048454E714E7151CDFFFA484551CDFFF2AA
:100890004ED62A5F60247A034DFA000460DC7A05A4
:1008A0004DFA000E21CE00A42C4F3E7C006060AEBD
:1008B0002E4E7A034DFA000460C051C8FFDA4ED5BF
:1008C0004E560000122E000B10010600FFD00C0047
:1008D0000009620C10014880304041E8FFD06034CC
:1008E00010010600FF9F0C000005620C10014880FB
:1008F000304041E8FFA9601C10010600FFBF0C005A
:1009000000056306307CFFFF600A1001488030401C
:1009100041E8FFC920084E5E4E754E5600004E5EFF
:100920004E754E56000048E73020246E0008262EF3
:10093000000C22790000010091C87401603212326B
:10094000880010014880103100000200FF97661AED
:100950000C01000D67140C01000A670E0C01000960
:1009600057C0488048C0448060027001C4805288EB
:10097000B6886F044A8266C620024CDF040C4E5EC5
:100980004E754E5600002F0A2F024879FFF87D0859
:100990004EB9FFF82312588F95CA602641F9FFF827
:1009A0008C8A3430A800320248413230A8022F012C
:1009B0002F004879FFF87D1D4E9145EA00144FEF56
:1009C000000C41F9FFF88C7A3230A8003001484021
:1009D0003030A80243F9FFF823124A8066BE4879F6
:0F09E100F87D284E91588F242EFFF8246EFFFCCE
:1009F0004E5E4E754E560000202E000843F9FFF85B
:100A000023127213B2806D16D080D08041F9FFF8A6
:100A10008DF02F3008004879FFF87DB360082F0073
:100A20004879FFF87DBE4E91508F4E5E4E754E5602
:0F0A3100F82F02487800024EB9FFF82E3024014A
:100A4000424248423D42FFFC3D41FFFE24004242FB
:100A500048423D42FFF802800000FFFF3D40FFFAA0
:100A60007400142EFFFF2F027400142EFFFE2F02BD
:100A70007400342EFFFC2F02E88872004601C28009
:100A80002F01102EFFFAE888720FC2802F0170002C
:100A9000302EFFF82F00102EFFFBE588723CC0813E
:100AA00041F9FFF895082F3008004879FFF87DE4F8
:100AB0004EB9FFF823124FEF0024242EFFF44E5EB0
:100AC0004E754E56FFF848E73820246E0008282E51
:100AD000000C262E00107400604C486EFFFA487817
:100AE0000001486EFFFF2F034EB9FFF84BC64FEFD2
:100AF00000104A80660A103C0001B0AEFFFA670C95
:0E0B0000423228004A82662A74FF6026102EB8
:100B10000C00000A67184A0067140C00000D6706F5
:100B200015802800528220045380B08262AC423289
:100B3000280020024CEE041CFFE84E5E4E754E5617
:100B4000000048E73030266E0008241342A72F0229
:100B50004EB9FFF8543C508F4A806700008C2F023A
:100B60004EB9FFF87968588F244041F22800606E32
:100B7000B488671410100C00002F670C0C00003AAA
:100B800067060C00005C6650260259832F022F0373
:100B90004EB9FFF87948268341F2380010FC002E48
:100BA000264845F9FFF88DD8508F60222F002F0B73
:100BB0004EB9FFF8794842A72F034EB9FFF8543CCD
:100BC000588A4FEF00104A8066042403601A2012EE
:100BD00066DA422BFFFF600E0C00002E6708538878
:100BE000B0FC0000668A740020024CEE0C0CFFF092
:100BF0004E5E4E754E5600002079000001642F08AD
:100C00004868F0002F2E000C4A6E000A57C048803A
:100C100048C044802F004EB9FFF807224FEF001064
:100C20004E5E4E754E56FCC448E73F3C2E2E000CDF
:100C3000286E001042A72F0C4EB9FFF84A7E486E6E
:0F0C4100FC48780034486EFFA82F0C4EB9FFF81E
:100C50004BC64FEF00184A80660A103C0034B0AE15
:0F0C6100FC670A4879FFF87E0C600006380C2EFD
:100C7000007FFFA866200C2E0045FFA966180C2EE9
:100C8000004CFFAA66100C2E0046FFAB66080C2E27
:100C90000001FFAE670A4879FFF87E29600006066A
:100CA0000C2E0001FFAC66140C2E0002FFAD660C8A
:100CB0004A2EFFAF66064A2EFFB0670A4879FFF852
:100CC0007E39600005E00C6E0002FFB8670A4879C3
:0F0CD100F87E51600005CE0C6E0004FFBA660E6F
:100CE000760078007C00367CFFFF600002224879A5
:0F0CF100F87E71600005AE322EFFC43401484218
:100D0000342EFFC67000302EFFD22F002F044EB9B4
:0F0D1100F87BF8508F2042487008002F0C2A3CC6
:0F0D2100F84A7E22454E91240E59822F024878BF
:100D30000020486EFFDC2F0C4BF9FFF84BC64E9598
:100D40004FEF00184A80660A103C0020B0AEFFFC4E
:100D5000670A4879FFF87E976000054A322EFFDC6B
:100D600030014840302EFFDE7202B2806720650CF1
:100D7000123C0001B28066000194601C7203B280D4
:100D80006700017C123C0005B28066000180487952
:0F0D9100F87EB86000050E306EFFE8300848406D
:100DA000302EFFEA4A80666A326EFFE03009484022
:100DB000302EFFE206800000100022004241484130
:100DC0003D41FFE03D40FFE2426EFFE83D7C100008
:0F0DD100EA322EFFEC30014840302EFFEE068054
:0E0DE200F0002200424148413D41FFEC3D40FF
:0F0DF100EE306EFFF030084840302EFFF20680E3
:0E0E0200F0002200424148413D41FFF03D40DA
:0F0E1100F2322EFFE830014840302EFFEA2F006A
:100E2000322EFFE030014840302EFFE22F00322EFC
:0F0E3100EC30014840302EFFEE2F004879FFF8DB
:100E40007EDF45F9FFF823124E92322EFFE030018B
:100E50004840302EFFE22F002F0C20454E902F02ED
:100E6000322EFFEC30014840302EFFEE2F00322EA4
:0F0E7100E830014840302EFFEA2F002F0C4E953D
:100E80004FEF00284A806614206EFFFC326EFFECA4
:100E900030094840302EFFEEB088670C4879FFF8E3
:100EA0007F194E9260000404302EFFF0320048415A
:100EB000322EFFF2B1C16420326EFFE830094840A3
:100EC000302EFFEA92882F0142A7487008004EB9E1
:0F0ED100F8774C4FEF000C302EFFE8320048410D
:100EE000322EFFEAB28B64022641306EFFEC3008EE
:100EF0004840302EFFEED081BC80650C600C4879F4
:0F0F0100F87F406000039E2C0076015284700040
:100F1000302EFFD4B0846E00FDE04A836606700177
:100F20006000038C102B0002E148484042407200F0
:100F3000122B00034841424182807000102B0004B4
:100F4000E1888081802B00050C804249561A66009A
:100F500002C04879FFF87F694EB9FFF82312588F15
:100F6000204B12280006E1494841424170001028F8
:100F70000007484042408081720012280008E18941
:100F80008280822800094A81670003140C810000D6
:100F90000675663E1028000AE1484840424072004B
:100FA0001228000B48414241828070001028000C3A
:100FB000E18880818028000D49F9FFF823120C8018
:100FC0000002000067104879FFF87F9E4E94600091
:100FD00002DA5088608C244645EA0FFF200A02405E
:100FE000F00024402F004879FFF87FB84E9434BCBD
:100FF0000001426A0004357C06750006357C000855
:101000000002508A34BC0002426A0004357C0002AF
:101010000006357C0008000241EA000830BC0004EC
:1010200042680004317C00020006317C00080002A6
:10103000508830BC00034268000442680006317CDE
:1010400000080002508830BC0005317C000C000212
:1010500045EA001C4252426A0002357900000164F0
:101060000004357900000166000670003028000297
:1010700047F00800422EFEE0246E0008588A7600F1
:101080007401508F6050487800074879FFF87FD48A
:101090002F124EB9FFF879844FEF000C4A80660694
:1010A00026125E83602C4A2EFEE067124879FFF814
:1010B000962A486EFEE04EB9FFF87858508F48786F
:1010C00000C82F12486EFEE04EB9FFF87A544FEF79
:0E10D000000C5282588ABE826EAC240E06823C
:1010E000FEE02F024EB9FFF87968588072FCC0818B
:1010F00036BC000730405848374800022E802F0287
:10110000486B00044EB9FFF876187000302B0002CF
:10111000D7C04FEF000C4A83670000E44878000115
:101120002F030682FFFFFDE42F024EB9FFF85600A1
:101130004FEF000C49F9FFF823124A806600015076
:1011400036BC0006377C000C000245EB0004200B87
:10115000068000000FFF0240F00006800040000003
:10116000220042414841348135400002326EFCD0B9
:1011700032094841322EFCD22001424048403540DD
:10118000000435410006305230084840302A000241
:101190002F002F012F034879FFF87FDC4E94486E13
:0F11A100FC322A000430014840302A00062F009B
:1011B000321230014840302A00022F002F024EB96F
:0F11C100F84BC64FEF00204A806612306A0004D8
:1011D00030084840302A0006B0AEFFFC670C487962
:0F11E100F880034E94588F60087000302B000286
:1011F000D7C0486EFCC44EB9FFF84468588F4253BC
:10120000377C000400024EB9FFF802D67400602853
:10121000243900000A44322EFFC030014840302EED
:0F122100C22F003F0242676100F9CA508F203C84
:0F123100F8801B4A826606203CFFF880202F00C1
:10124000322EFFC030014840302EFFC22F004879B7
:0F125100F8802B4EB9FFF82312207900000164BA
:101260002F084868F000322EFFC030014840302E71
:0F127100C22F004A8257C0488048C044802F00D7
:101280004EB9FFF8072270014FEF001C60202F03BA
:101290004879FFF880454E94508F6000FF6248798E
:0F12A100F87F804EB9FFF823127000588F4CEE83
:1012B0003CFCFC9C4E5E4E754E56FE8C48E73C3C1A
:1012C000282E0010486EFFFC48780170486EFE8C96
:1012D0002F044EB9FFF84BC64FEF00104A80660A44
:1012E000103C0017B0AEFFFC65084879FFF8806637
:1012F000601E0C6E0150FE8C6610342EFE8E670A46
:101300000C42000862047200604A4879FFF8808548
:101310004EB9FFF823127000588F600001C22001FF
:10132000D081D080D081E78841F608003A28FED0ED
:10133000300548403028FED24A8067163268FEC821
:10134000300948403028FECA0C8000000FFF6300BF
:101350000140528170003002B08166C2760049EED1
:10136000FED047EEFECC74006000010A45F628006E
:10137000301332004841322B00024A81670000E8F6
:101380003A1430054840302C00024BF9FFF8231284
:101390004A806700008245EAFEC830523A08484554
:1013A0003A2A00022F052F002F0141EEFE8C4870D3
:1013B00028304879FFF880C54E95321430014840F6
:1013C000302C00022F002F044EB9FFF84A7E486EE1
:0F13D100FC30533A0848453A2B00022F053212E0
:1013E00030014840302A00022F002F044EB9FFF888
:1013F0004BC64FEF002C4A8066103A133005484028
:10140000302B0002B0AEFFFC675C4879FFF8810822
:101410004E956000FF02322EFF1830014840302EFA
:0F1421001A2F00306EFF1C3A0848453A2EFF1E66
:101430002F05486EFF0C4879FFF881304E95322E0B
:0F1441001C30014840302EFF1E2F0042A7306E96
:0F145100183A0848453A2EFF1A2F054EB9FFF8F2
:10146000774C4FEF001C52837028D48047EB002844
:1014700049EC00287000302EFE8EB0836E00FEEE28
:10148000203CFFF8801B4AB900000A446612600A3B
:101490004879FFF880976000FE78203CFFF88020B4
:1014A0002F003A2EFEB032054841322EFEB22F01F7
:1014B0004879FFF8802B4EB9FFF82312322EFEB088
:1014C00030014840302EFEB22F007000303900004D
:1014D0000A462F006100F71E70014FEF00144CEE1A
:1014E0003C3CFE6C4E5E4E754E56FFE048E73C209D
:1014F0002A2E0010280E59842F044878001C486EAC
:0F150100E02F0545F9FFF84BC64E924FEF001053
:101510004A80660A103C001BB0AEFFFC650A4879A1
:0F152100F881586000009E342EFFE232024841EC
:10153000322EFFE4306EFFE630084840302EFFE8E0
:10154000342EFFF636024843362EFFF80C6E601A32
:0F155100E066340C8300000FFF632C528174FEA0
:10156000C2825280C0822401D480306EFFEA3008EB
:101570004840302EFFEC528072FEC081D083D08272
:101580000C8000100000631E2F3C00100000487803
:1015900010004879FFF881774EB9FFF823127000E8
:1015A0004FEF000C603E2F042F022F032F054E92A9
:1015B0004FEF00104A806606B4AEFFFC6312487914
:0F15C100F881A74EB9FFF823127000588F6014FD
:1015D0002F037000303900000A462F006100F61614
:1015E0007001508F4CEE043CFFCC4E5E4E754E5653
:1015F000000048E72030266E0008242E000C700101
:10160000B082660000F224532F0A4EB9FFF87968C1
:10161000588F0C32003A08FF660000DC2F0A4EB9E2
:0F162100F843E4588F4A806608103C00016000CF
:1016300000DC2F006100F3BE2F134879FFF881C151
:101640004EB9FFF8231270014FEF000C600000BE8E
:101650002F002F134EB9FFF877D8508F4A806600BD
:10166000009022025381306A000434084842342A30
:101670000006B4816E30306A000830084840302AD5
:10168000000A4A806704B0816D1C306A000C300883
:101690004840302A000E2F01486B000420404E9035
:1016A0007001508F6066322A000830014840302AAD
:1016B000000AB0826620203CFFF896357201B282A3
:1016C0006606203CFFF87DB22F002F022F134879C9
:0F16D100F881D6600C2F002F022F134879FFF8F5
:1016E00081F74EB9FFF8231270014FEF0010601C14
:1016F00045EA0014600645F9FFF88C7A305230084C
:101700004840302A00024A806600FF464CEE0C0436
:0F171100F44E5E4E754E56FFCC48E73820263C0E
:0F172100F87DB24AAE000C6706206E0008261055
:101730002F03486EFFCE4EB9FFF854B22400508FED
:1017400067342F034879FFF882154EB9FFF823124A
:101750002F026100F2A04FEF000C6000016E48798B
:0F176100F882274EB9FFF823122F026100F2869B
:10177000508F600001207601486EFFEA486EFFCE70
:101780004EB9FFF84F542400508F66D24A2EFFF313
:1017900067000102182EFFF27010C88041F9FFF8AF
:1017A0002312322EFFF0302EFFEE45EEFFF34A8477
:1017B000675E2F0AEA49143C003FC4812F02EC49BE
:1017C000741FC4812F02721FC2802F01EA48740F58
:1017D000C4802F02E848727FC0812240486907BC5C
:1017E0004879FFF882354E902F0A4EB9FFF8796894
:1017F00024004FEF002060104879FFF8962A4EB978
:0F180100F823125282588F700BB0826CEA604647
:101810002F0AEA49743FC4812F02EC49741FC48126
:101820002F02721FC2802F01EA48740FC4802F025A
:10183000E848727FC0812240486907BC322EFFEA27
:1018400030014840302EFFEC2F004879FFF8825BD2
:101850004E904FEF00204A83660E4879FFF87DB125
:101860004EB9FFF82312601A41F9FFF823124A8497
:1018700066084879FFF8962960064879FFF8962AA5
:101880004E90588F4A8357C04880360048C34483DF
:101890006000FEE64A83660E4879FFF87DB14EB9D6
:0F18A100F82312588F486EFFCE4EB9FFF8444A15
:1018B0002400588F67144879FFF8827E4EB9FFF8EC
:1018C00023122F026100F12E508F4CEE041CFFBC3E
:1018D0004E5E4E754E560000206E00082F104EB919
:0F18E100F85550588F4A8067082F006100F106B4
:1018F000588F4E5E4E754E5600002F0248780010ED
:1019000042A7206E00082F104EB9FFF828B024001F
:101910004FEF000C203CFFF8801B4AB900000A443E
:101920006606203CFFF880202F002F024879FFF840
:10193000802B4EB9FFF823122F02700030390000BF
:101940000A462F006100F2AE4FEF0014242EFFFC78
:101950004E5E4E754E56000048E73E3C2A2E00086B
:101960002C2E000C4878001042A72A452F1D4EB996
:0F197100F828B0280076014FEF000C606826556B
:101980002F0B4EB9FFF87968588F24007001B08290
:10199000674A0802000067442F0B4879FFF8828DE0
:1019A0004EB9FFF82312508F600000B61033A80024
:1019B000488038402F0C6100EF08588F4A806C181F
:1019C0002F0B2F0C4879FFF882B24EB9FFF8231283
:1019D0004FEF000C6000008A528A600295CAB48AF8
:1019E0006ECA5283588DBC836E9426042A45588D46
:1019F0007A01606824152F024EB9FFF87968588F74
:101A000028007002B0846C0499CC604848780010BB
:101A100042A72F024EB9FFF828B02043528310C0CE
:101A20004FEF000C6032264CD7D510134880304061
:101A30002F0845FAEE8C4E922400E98A102B000103
:101A4000488030402E884E92588F80022043528327
:101A500010C0548CB88C6ECE5285588DBC856E9457
:101A60004CEE3C7CFFDC4E5E4E754E56FFFC48E76C
:101A70002030246E001047F9FFF823127002B0AE38
:101A8000000C670A4879FFF882D94E93606848785D
:101A9000001042A7206E00082F2800044EB9FFF85E
:101AA00028B024002F004879FFF883134E93322A80
:101AB000000C30014840302A000E204E21002F0833
:101AC0002F002F022F0A4EB9FFF84BC64FEF00240C
:101AD0004A806616322A000C30014840302A000E37
:101AE000B0AEFFFC6604700160104879FFF88330E7
:101AF0004EB9FFF823127000588F4CEE0C04FFF023
:101B00004E5E4E754E56FDDC48E7383C266E0008AA
:101B1000282E000C2F0B6100F026588F4A8067009A
:101B2000017C487800012F13260E0683FFFFFDDCA1
:101B30002F034EB9FFF85600240059804FEF000CD8
:101B40007201B2806400015645F9FFF823124A82FF
:101B5000671A2F134879FFF883464E922F026100CF
:101B6000EE9470014FEF000C6000013449EEFFFC71
:101B70004254426EFFFE322EFDE830014840302EC6
:101B8000FDEA2F002F134879FFF883582A4A4E9216
:101B9000486EFFF8487800042F0C2F034EB9FFF869
:101BA0004BC6240042A72F034EB9FFF84A7E4FEFE1
:101BB00000244A82660000C2487800044879FFF891
:101BC0008DD02F0C45F9FFF875A04E924FEF000C09
:101BD0004A8066144879FFF883674E952F032F04D7
:101BE0002F0B6100F0406028487800024879FFF828
:101BF0008DCE2F0C4E924FEF000C4A80661848791C
:0F1C0100F8836D4E952F032F042F0B6100F6AA69
:101C10004FEF00106076487800024879FFF88DD4C5
:101C20002F0C4E924FEF000C4A8066144879FFF853
:101C300083744E952F032F042F0B6100F8AC60D0F6
:101C4000487800042F0C6100ECDA508F4A8067144A
:101C50004879FFF883804E952F032F042F0B6100E6
:101C6000012860AC4879FFF8838F4E952F032F042D
:101C70002F0B6100FDF660982F134879FFF883A0C1
:101C80004E922F026100ED6E4FEF000C486EFDDCAE
:101C90004EB9FFF844687001588F600270004CEE36
:101CA0003C1CFDC04E5E4E754E5600002F0A2F02A2
:101CB000246E0008242E000C6F2C2F022F0A6100C6
:101CC000F92E508F4A80661E2F022F0A6100FE36C1
:101CD000508F4A8066102F124879FFF883B24EB9B0
:0F1CE100F82312508F242EFFF8246EFFFC4E5E66
:101CF0004E754E56FF5C48E72030246E0008740095
:101D000047EEFF5C224B601E58897028B082661631
:101D1000487800284879FFF883D54EB9FFF8231298
:101D20004212508F60484A12674420790000010037
:101D30006002528A1012488008300003000066F2E8
:101D4000228A5282588B6002528A101267BA4880E7
:101D500008300003000067F0421A10124880207912
:101D60000000010008300003000066EC609A425356
:101D7000426B00022F02486EFF5C6100FF2C4CEEAC
:101D80000C04FF504E5E4E754E5600002F032F027E
:101D9000262E0010303900000198524033C0000058
:101DA00001980C4000046304700060542F034878CD
:101DB0000100487900000A4C6100ED0824004FEF53
:101DC000000C70FFB0826730487900000A4C4879F7
:0F1DD100F88E574EB9FFF82312508F0C390023AC
:101DE00000000A4C67C64A8267C2487900000A4C64
:101DF0006100FF00588F60B45379000001987001B2
:101E0000242EFFF8262EFFFC4E5E4E754E56000027
:101E10002F02222E0008202E0010660823C1000089
:101E20000A44601E243900000A4423C100000A4409
:101E30002F002F2E000C6100FE7023C200000A4408
:101E4000508F242EFFFC4E5E4E754E5600002F2EF6
:101E5000000C2F2E000842A761B24FEF000C4E5E1F
:101E60004E754E5600002F2E000C2F2E000848787D
:101E7000000161984FEF000C4E5E4E754E5600000B
:101E800048E72030246E00084878001042A72F123F
:101E900047F9FFF828B04E9324004878001042A775
:101EA0002F2A00044E932F002F024EB9FFF856EC54
:101EB0004FEF00204CEE0C04FFF44E5E4E754E5674
:101EC00000002F032F024878000B4879FFF8C0016B
:101ED0004879FFF883F04EB9FFF87AC44FEF000C51
:101EE0004A8067084879FFF883FC60100C79601A13
:0F1EF100F8C80067104879FFF884164EB9FFF85B
:101F00002312588F607E3039FFF8C80232004841F2
:101F10003239FFF8C8043079FFF8C8063008484065
:101F20003039FFF8C8083079FFF8C816340848423D
:101F30003439FFF8C8180C8200000FFF6F22260109
:101F4000D6802002D0833079FFF8C80A3208484191
:101F50003239FFF8C80CD0810C80001000006308F3
:101F60004879FFF8843360942F034879FFF8C81C40
:101F70002F024EB9FFF8769C2F0242A76100EC7643
:101F80004FEF0014242EFFF8262EFFFC4E5E4E75F8
:101F90004E5600002F0A4878000845F9FFF82252F3
:101FA0004E92487800204E92487800084E924FEFAB
:101FB000000C246EFFFC4E5E4E754E56000048E746
:101FC0003830266E0008246E000C78004EB9FFF8F9
:101FD000227626004AB900000B4C6742487800017F
:101FE0004EB9FFF82E30588FB2B900000B4C652E59
:101FF0004879FFF884682F0B4EB9FFF879482F0B0A
:102000004879FFF88E574EB9FFF823122F0B4EB9BF
:0F201100F8796828004FEF001460000094140362
:102020006DAA42B900000B4C10030600FFE00C0043
:10203000005E6210178348005284100348803040CD
:102040002F0860520C03000D67060C03000A661689
:102050004878000D45F9FFF822524E924878000A60
:102060004E92508F60460C03000867060C03007FF9
:10207000660C4A846F086100FF18538460200C02CC
:102080000018660E60066100FF0853844A8466F6F5
:102090006010487800074EB9FFF82252588F4A0264
:1020A000670A200A5380B0846E00FF224233480042
:1020B00020044CEE0C1CFFEC4E5E4E754E5600009C
:1020C0002F032F024EB9FFF802D6700123C0000083
:1020D0000A4421FC0000C00000007400263C0000FF
:1020E000019A41F900000B9911BC0001280010026F
:1020F0000600003013C000000A4C13FC003A000038
:102100000A4D423900000A4E42A7487900000A4CA5
:102110002F034EB9FFF848C2528206830000022AFC
:102120004FEF000C7004B08266B8103900000173E4
:10213000E8000600004113C000000A4C13FC003AFE
:1021400000000A4D423900000A4E487900000A4C4E
:102150006100FBA0588F4A3900000181674442A703
:102160004879FFF884684EB9FFF8543C508F4A8094
:102170006630487800014EB9FFF82E3070001039F3
:10218000000001812400D48123C200000B4C2F00E9
:102190004879FFF884744EB9FFF823124FEF000C12
:1021A000600642B900000B4C427900000198487863
:1021B0000100487900000A4C4EB9FFF84FD212399D
:1021C00000000A4C10010600FFD0508F0C000009DF
:1021D000620A0601001313C100000A4C4AB900004C
:1021E0000A446704702D6002702B2F004EB9FFF86F
:1021F00022D8487900000A4C4879FFF884A64EB9E5
:0F220100F8231248780100487900000A4C610068
:10221000FDAA487900000A4C6100FAD84FEF001877
:1022200060864E714238804911FC0080804B103925
:102230000000017111F900000170804811F90000DF
:102240000171804911FC0003804B11FC0007804C98
:102250004E75102F0007600810014879FFF82738E5
:1022600008380005804D66082F00C1C0201F60F0AF
:1022700011C080484E7570FF08380000804D670619
:0C2280004280103880484E7561EC0C80E4
:1022900067F6220042804EF9FFF82738428008385E
:1022A0000000804D670252804EF9FFF827384A102F
:1022B000670A2F00101861A8201F60F24E752C4885
:1022C000101EB2006704619860F69DC8200E53800E
:1022D0004EF9FFF827384E754E5600002F0A2F0290
:1022E000142E000B0C02000A660C4878000D4EB943
:0F22F100F82252588F1002488034402F0A4EB9FD
:0F230100F82252200A242EFFF8246EFFFC4E5EB5
:102310004E754E56FFF048E73F3C266E000841EEF2
:10232000000C2D48FFFC7C006000026A528B528634
:102330000C000025660002521E130C07002D6602D9
:10234000528B7A00141B10024880320048C1307C46
:0F235100D0D1C17009B08865142005D085D08027
:10236000D0852040D1C041F018D02A0860D60C0298
:10237000002E662699CC101B4880320048C1307C64
:0F238100D0D1C17409B488651241F4C800D1C825
:10239000D1CCD1C849F018D060DC99CC0C07002D05
:1023A0006604448560080C07003067027E204A817D
:1023B000670001E87068B081660C101B488032002D
:1023C00048C170006014746CB48167047001600AC5
:1023D000101B4880320048C17002746FB481674698
:1023E0006D1E143C0063B4816700018A143C0064D4
:1023F000B4816726143C0058B4816600018A601ECF
:102400007475B4816728143C0078B48167107073C8
:10241000B08166000172600000D878F66016720420
:1024200080817810600E74048082780860067204DF
:102430008081780A7406B4806518D080303B080625
:102440004EFB00020012003E003E000E0026003E41
:10245000003E7000603C202EFFFC220058812D4180
:0F246100FC2040201048C06028202EFFFC2200E5
:0E24700058812D41FFFC20402010028000000A
:102480006010202EFFFC220058812D41FFFC2040CF
:1024900020104A846C0E44844A806C0844803A7C44
:1024A000000160029BCD2400422EFFFB760A45EE20
:0F24B100F02F042F024EB9FFF87CA8508F41F98D
:0F24C100F88E4015B00800380053832F042F0207
:1024D0004EB9FFF87C1C508F240066D2BAFC000075
:1024E000670815BC002D3800538345F23801601091
:1024F000202EFFFC220058812D41FFFC204024505B
:1025000053862F0A4EB9FFF87968588FB8FC00003F
:10251000660228404A856F202405948060121007C7
:10252000488030402F086100FDB052865382588F9A
:102530004A826EEA7A00601C4A856C1844859A804B
:102540006012538C528A488030402F086100FD8A07
:102550005286588F10126716B8FC00006EE4600EA9
:10256000487800206100FD7252865385588F4A8555
:102570006EEE6020202EFFFC220058812D41FFFCD2
:102580002040201060021001488030402F08610078
:10259000FD48588F10136600FD9420064CEE3CFC5D
:0F25A100C84E5E4E754E752F00527900000B56D6
:1025B000641C303900000B5452400C40001965086F
:1025C00052B900000B50428033C000000B54103948
:1025D00000000B58671C530013C000000B58661214
:1025E00048E740C04EB9FFF82ADC4CDF0302600226
:1025F0002F001038A040201F4E732F01E848220002
:1026000048414EBA001C51C8FFFA51C9FFF6221FBB
:102610004E754E714E714E714E714E714E714E71BE
:102620004E714E714E714E714E754A0166102039D1
:1026300000000B50223900000B54600000FC2F01F9
:102640004EB9FFF82E30588F600000EE4E56000055
:10265000206E0008700010280100E18880104E5E96
:102660004E754E560000206E0008202E000C108083
:10267000E080114001004E5E4E754E56000048E766
:102680000038387C904018BC0042367C964042139B
:1026900048785EEB4878984045FAFFC84E924878F3
:1026A0005EEB48789A404E9211FC00379240487891
:1026B0005EEB48789C404E9248785EEB48789E40AE
:1026C0004E9211FC0031974011FC000F944050F8DD
:1026D0009540423891404FEF001C4297487888401F
:1026E0004E9242A748788C404E9211FC00108140D7
:0E26F00011FC0010804242388E402F3C00004A
:10270000487884404E922F3C0000FFFF487882407A
:102710004E9218BC000216BC00084FEF001C2EBCE5
:102720000000FF0048788A404E92508F4CEE1C000B
:0F273100F44E5E4E754E752C5F0257FFF44E73DB
:1027400048E7E080487A00224EB9FFF82312588FFC
:102750004CD70107DFFC000000104EF9FFF80460C1
:102760002C5F0057000B4E730A556E646566696EE8
:1027700065642042494F532063616C6C0A202044F9
:10278000303D25303878202044313D2530387820C0
:102790002044323D2530387820202041303D2530FE
:1027A00038780A002F0E48800C4000206492E5889B
:1027B0002C7B00064ED60000FFF82740FFF827408C
:0F27C100F82258FFF822BEFFF82288FFF8229C6A
:0F27D100F82840FFF82838FFF8284AFFF827407B
:0F27E100F869B0FFF869B0FFF869B0FFF869B0A8
:0F27F100F869B0FFF869B0FFF82740FFF82740FC
:0F280100F82740FFF82740FFF8262AFFF8274066
:0F281100F82740FFF82740FFF82740FFF827403F
:0F282100F82740FFF82740FFF82740FFF827402F
:0F283100F82740FFF8274020014EF9FFF8046018
:102840002039000001646000FEF0203900000164BE
:0E2850000280FFFFFFFC90816B00FF060280FC
:0F286100FC23C0000001646000FECE4E56000054
:10287000122E000B10010600FFD00C000009632887
:1028800010010600FFBF0C00001962060600000AD6
:10289000601610010600FF9F0C000019630450C071
:1028A000600610010600FFA9488048C04E5E4E75C4
:1028B0004E56000048E73E3C282E00082A6E000CC9
:1028C000262E001042B900000B5C24446002528A9C
:1028D00010120C00002067F60C00000967F00C00D5
:1028E000002D6606528A50C6600E0C00002B67044D
:1028F00042066004528A7C011012488030402F0842
:1029000049FAFF6A4E94588F14004A83663A4A0087
:102910006706163C000A605247EA0001101348801F
:1029200030402F084E94588F0C000021661645EB5E
:1029300000011012488030402F084E94588F140028
:1029400076106026760860227010B083661C4A02FA
:10295000661847EA00011013488030402F084E9453
:0F296000588F0C0000216602244B0282000000F9
:10297000B6826E1020045380720123C100000B5CEC
:10298000740060722F034878FFFF4EB9FFF87C1C7B
:10299000508F26402F034878FFFF4EB9FFF87CA8E0
:1029A000508F1A00603078001800B6846F1CB7C2D0
:1029B00062066616BA0065122F032F024EB9FFF8A1
:1029C0007BF8508F2400D484600C700123C0000079
:1029D0000B5C528A7400528A1012488030402F08D3
:1029E0006100FE8A588F0C00FFFF66BA200A5380F0
:1029F0004A066C024482BAFC0000670452802A80B6
:102A000020024CEE3C7CFFDC4E5E4E754E560000C4
:102A100042A742A72F2E00086100FE964E5E4E751B
:102A20004E5600002F0241F900000B9210101400C6
:102A3000842E000B10827200323900000B9020416E
:102A4000114280020280000000FF241F4E5E4E757E
:102A50004E5600002F0241F900000B921010122E6A
:102A6000000B46011400C4011082720032390000CC
:102A70000B902041114280020280000000FF241FC1
:102A80004E5E4E754E5600002F02242E000841F96E
:102A900000000B9310107200323900000B9010826E
:102AA0002041114280030280000000FF241F4E5E7F
:102AB0004E754E560000487800FF61947000303922
:102AC00000000B90204013E8800300000B9348782F
:102AD000000C6100FF4C508F4E5E4E754E5600004C
:102AE000487800336100FF6A588F4E5E4E754E562F
:102AF000000048E73800142E000B163900000B5870
:102B0000B403630650F900000B58183900000B5845
:102B100098024EB9FFF8261A103900000B586704C6
:102B2000B80065EEB403630613C300000B584CEE07
:102B3000001CFFF44E5E4E754E5600002F0A2F0209
:102B4000246E00084A2A000A660474106002742188
:102B50007031C0822F006100FEC8206A001013E8A7
:102B6000000200000B58C400588F661E206A001037
:102B70007000102800092F006100FF74206A001007
:102B800013E8000200000B58588F242EFFF8246E23
:0F2B9100FC4E5E4E754E754E56FFF448E73830D9
:102BA000282E0008266E000C262E0010700041F919
:0F2BB100F895641DB0080008F45280720CB280D1
:102BC00066EC20030680FFFFF9D10C80000020E0B6
:102BD000620000DAB6FC00006F0000D2B28B6D001C
:102BE00000CC4A846F0000C6487800642F034EB9B9
:0F2BF100F87CD8508F22007003C081660A4A8199
:102C00006706103C00016018487801902F034EB908
:0F2C1100F87CD8508F4A8057C0488048C0448014
:102C2000D12EFFFF45EBFFFDB4FC00006C0645EB29
:102C30000009538370001032E8F4B0846C047062B1
:102C4000606C487800642F034EB9FFF87C78508F91
:102C50002400487800642F034EB9FFF87CD8508FC9
:102C600020407200600A7000103618F4D88052813B
:102C7000B5C16EF22002D082D080D082D0882240AE
:102C8000D3C420026C0256802200E48120086C022A
:102C90005680E480244141F20802487800074870D9
:102CA00098004EB9FFF87CD8508F600270634CEEEC
:102CB0000C1CFFE04E5E4E754E56000048E7303863
:102CC000242E00080C82002315186E0420026030A8
:102CD0002002D082D0822200EB89D081D0822F3C8A
:102CE0000037BB490680F4DEDAA72F004EB9FFF8A3
:102CF0007C78508F2202D280E48092802001528022
:102D000024000682000005F42002D082D082220036
:102D1000EB89D0812040D1C245F9FFF87C782F3C67
:102D200000008EAD4868D04E4E92508F260047F975
:0F2D3100F87BF82F3C00008EAD2F004E93584FCB
:102D40002EBC000000642F004E92508F9480200211
:102D5000D082D0802200EB899280D2822001D08163
:102D6000D080D280E9892F3C0004AB512F014E92D4
:102D7000508F28402F3C0004AB512F004E93584FEA
:102D80002EBC000027102F004E92508F206E000C9A
:102D900094802082700DB08C6D0643ECFFFF6004C0
:102DA00043ECFFF3206E001020897002B0896C0A9A
:0E2DB00020030680FFFFED94600820030680DC
:102DC000ED95206E001420804CEE1C0CFFEC4E5E46
:102DD0004E754E56000048E73020262E000845F973
:0F2DE100F87C7848780E102F034E92508F206E9A
:102DF000000C20802400EB8A2202E7899282D28094
:102E0000E98996814878003C2F034E92508F206EBE
:102E100000102080D080D0802200E9899280206E2E
:102E20000014968120834CEE040CFFF44E5E4E7528
:102E30004E56FFE848E73F30182E000B20390000BF
:102E40000B542200D280D2802001E7882601D68050
:102E50007009E0A3243900000B500C040001670640
:102E60000C040003630A0682FFDB24E66000021EF6
:102E70000C04000163000216486EFFF4486EFFF870
:102E8000486EFFFC2F026100FE30486EFFE8486E7E
:0F2E9100EC486EFFF02F036100FF384FEF002079
:102EA000242EFFF40C040002663CE98AD4AEFFF83D
:102EB000E18AD4AEFFFCE98A487800072239000095
:102EC0000B5052812F014EB9FFF87CD8508FD4801F
:102ED000202EFFF0E188D0AEFFECE1882600D6AED0
:0F2EE100E8600001A845F9FFF87C7848780064A4
:102EF0002F024E92508F2600D083D0832200EB8980
:102F0000D081D08328029880367C00FF7063B08324
:102F10006D264878000A2F034E92508F2400E98ACC
:102F20004878000A2F034EB9FFF87CD8508F8002F2
:102F30000280000000FF2640347C00FF7263B284F0
:102F40006D2A4878000A2F044EB9FFF87C78508F1C
:102F50002400E98A4878000A2F044EB9FFF87CD88B
:102F6000508F80020280000000FF2440262EFFF8D0
:102F70007E0046077063B0836D264878000A2F03F1
:102F80004EB9FFF87C78508F2400E98A4878000A0F
:102F90002F034EB9FFF87CD8508F80027E001E00B0
:102FA000262EFFFC7C0046067263B2836D264878AD
:102FB000000A2F034EB9FFF87C78508F2400E98A6D
:102FC0004878000A2F034EB9FFF87CD8508F800252
:102FD0007C001C00262EFFF07A0046057063B0834B
:102FE0006D264878000A2F034EB9FFF87C78508F81
:102FF0002400E98A4878000A2F034EB9FFF87CD8EC
:10300000508F80027A001A00262EFFEC78004604CA
:103010007263B2836D264878000A2F034EB9FFF819
:103020007C78508F2400E98A4878000A2F034EB933
:0F303100F87CD8508F800278001800262EFFE818
:10304000700046007263B2836D284878000A2F032F
:103050004EB9FFF87C78508F2400E98A4878000A3E
:103060002F034EB9FFF87CD8508F800202800000F9
:1030700000FF240BE18A220A8481E18A8487E18AA5
:1030800084862605E18B8684E18B8680200242813E
:1030900082834CEE0CFCFFC84E5E4E754E5600000F
:1030A00048E73F202E2E00082C07DC872446D5FC5D
:1030B0000000017E4A1267000126487800194EB9C7
:0F30C100F86A04224041F900000BA02806D886C7
:1030D0001370480000141370480100151370480263
:1030E00000161370480300171A1270001005D080E4
:1030F000D08041F9FFF8753C2230080020014240A1
:103100004840E0481340001020014240484013402E
:1031100000112001E08813400012134100132041E8
:1031200042421428000B52423002E0481340000C87
:1031300002820000FFFF1342000D137C0002000E0C
:10314000D44210290010E148484042407200122940
:103150000011484142418280700010290012E1882C
:103160008081802900132040424316280004134325
:10317000000F203CFFF894A8220042414841E0495A
:10318000128122004241484113410001E08813406E
:103190000002203CFFF894A872004601C081134051
:1031A0000003134500082046D1FC0000017D1350A8
:1031B00000091347000AC5C302820000FFFF42292D
:1031C0000004422900052002E08813400006134253
:1031D000000741F900000B7021894800588F4CEE20
:1031E00004FCFFE44E5E4E754E56FDC448E70038C1
:1031F000266E0008286E000C23CB00000B8C426E5C
:0F320100C43D7C000AFFC6426EFFC83D7C00073B
:0F321100CA41EEFFC42F082F084EB9FFF86DC851
:10322000322EFFC430014840302EFFC6508F4A80F6
:103230006662102B000A660A082E0000FFCB675456
:10324000600E0C0000106608082E0001FFCB6744DA
:10325000426EFFC43D7C000BFFC6426EFFC83D7C42
:103260000007FFCA200E0680FFFFFDC42200424176
:1032700048413D41FFE43D40FFE641EEFFC42F08D9
:103280002F084EB9FFF86DC84214508F082E000069
:0E329200670C42B900000B8C7000600000EC6D
:1032A00042B900000B8C082E0001FE276726322E43
:1032B000FE3C30014840302EFE3E2F004EB9FFF854
:1032C000070E2200424148413741000437400006C2
:1032D000588F6008426B0004426B00067000302E6D
:1032E000FDC62F0045F9FFF8071A4E923740000C33
:1032F0007000302EFDCA2F004E921740000E700055
:10330000302EFDD02F004E921740000F487800104D
:103310004EB9FFF86A04487800102F0B2F004EB901
:0F332100F8769C264043EEFDFB4FEF001C101189
:1033300012A9FFFF1340FFFF548945EEFDC441EA87
:10334000005FB1C966E8327C002041EA005D1010E0
:1033500072001200B3C1661842104A006712538807
:10336000200E0680FFFFFDFAB0886704224160DE70
:1033700048780028486EFDFA2F0C4EB9FFF87B5CA8
:10338000422C0028200B4FEF000C4CEE1C00FDB827
:103390004E5E4E754E56000048E7303042037420B2
:1033A0002F0245F9FFF863D04E92D600721FC282F9
:1033B00047F900000170178018005282588F703F43
:1033C000B08266DC0C03FFA2660A42A74E92588FB9
:1033D0004A006C1E423900000B984878001F48795B
:0F33E100F8946C2F0B4EB9FFF876184FEF000CD5
:1033F000600813FC000100000B984CEE0C0CFFF071
:103400004E5E4E754E56FFB448E73F304A390000D5
:103410000B9866046100FF7E41F900000B70429832
:10342000B1FC00000B9066F67A002F056100FC6E7F
:103430005285588F7002B08566F07E0047F9000013
:1034400001757C08600001204878001042A7486E92
:0F345100E04EB9FFF8774C1213162B00014FEF26
:10346000000C0C030002674062080C030001660EAA
:1034700060100C030003670A0C0300046752740019
:103480006074203CFFF894C0424048403D40FFE05B
:10349000203CFFF894C002800000FFFF3D40FFE2A7
:1034A0001D7C0008FFE8604C203CFFF894D84240A7
:1034B00048403D40FFE0203CFFF894D802800000E7
:0E34C2003D40FFE21D7C0009FFE87404602617
:1034D000203CFFF894F0424048403D40FFE0203C53
:0F34E100F894F002800000FFFF3D40FFE21D7CE9
:1034F000000CFFE874021D41FFE97800605A1D448A
:0F350100EA0C030004677445EEFFB62F0A486E0C
:0F351100E06100FCD4508F4A80672C41F9000024
:103520000B7021806800528558862F0A100506000E
:103530000040488030402F084879FFF88E514EB93E
:0F354100F823124FEF000C0A4400107002B08202
:103550006606062E0010FFE951CAFFA442425382BC
:10356000649C5287548B7000103900000174B0873E
:103570006F0E7207B2856C00FED06004528460CC7E
:10358000486EFFF84EB9FFF862E023C000000B540C
:10359000486EFFF04EB9FFF8620223C000000B50E6
:1035A000322EFFFC30014840302EFFFE2F00322E1D
:0F35B100F430014840302EFFF62F007000102E2E
:0F35C100F32F007000102EFFF22F007000102E5D
:0F35D100F12F007000102EFFF02F007000102E51
:0F35E100FB2F007000102EFFFA2F007000102E2D
:0F35F100F92F004879FFF88E5B45F9FFF8231298
:103600004E924FEF002C2EBCFFF88E954E924CEE52
:103610000CFCFF944E5E4E754E56FFF82F0A2F029B
:10362000242E0008246E000C486A00412F024879BD
:0F363100F88EDB4EB9FFF8231248780006486E7A
:0F364100FA4EB9FFF81FBA102EFFFA4FEF001420
:1036500067324880324020790000010008310001C3
:10366000880066042049600441E9FFE041E8FFBFAB
:103670007007B08865B24A2EFFFB66ACB0FC000054
:103680006DA62448200A242EFFF0246EFFF44E5E1F
:103690004E754E5600002F0B2F0A45F9000001739E
:1036A0001012E800488030402F084879FFF88EF566
:1036B00047FAFF664E93E90812120201000F8200DA
:1036C0001481E909E801488130412F084879FFF861
:1036D0008EFB4E930200000F12120201FFF08200D7
:1036E00014814FEF0010246EFFF8266EFFFC4E5E33
:1036F0004E754E56FFF02F0B2F0A70001039000048
:1037000001812F004879FFF88F0247F9FFF8231253
:103710004E934878001045EEFFF02F0A4EB9FFF89F
:103720001FBA4FEF00104A2EFFF067262F0A4EB93E
:0F373100F82A0C588F0C80000000F0620813C0BB
:1037400000000181600C4879FFF88F314E93588F4B
:1037500060A8246EFFE8266EFFEC4E5E4E754E5656
:0F376100F048E730387200123900000170700034
:10377000103900000171E1882041487008002F3C99
:103780000001C2004EB9FFF87C78508F24002F0250
:103790004879FFF88F6A4EB9FFF823124878001075
:1037A00045EEFFF02F0A4EB9FFF81FBA4FEF001099
:1037B0004A2EFFF06700009A2F0A4EB9FFF82A0C34
:1037C000720041F9FFF89528588FB0906608760F7F
:1037D000B681670C607852815888760FB68166EAA8
:1037E0004879FFF88F9245F9FFF823124E924878F6
:1037F000012C4879FFF88FBE4E92347C00014FEFC8
:10380000000C41F2A800D1C82848D9FCFFF895283F
:103810002F1C4879FFF88FBE47F9FFF823124E930B
:10382000508F7006B08A66104879FFF87DB14E93CC
:10383000347C0007588F60D8528A760EB68A64C2EC
:103840004879FFF87DB14E93588F6000FF42240005
:103850002F022F3C0001C2004EB9FFF87C78508F38
:1038600022000281800000FF6C0A538176FF46032C
:103870008283528113C1000001704A806C06068069
:10388000000000FFE08013C00000017120024CEE38
:103890001C0CFFDC4E5E4E754E56FFEC48E7303C8C
:1038A00042434BF9000001760C1500026600009CB3
:1038B00048780004487800034878000242A7487915
:0F38C100F88FC24EB9FFF8231299CC47F90000D7
:1038D000017E4FEF00144242141342B900000B5C0A
:1038E0003F024267486C00414879FFF890224EB988
:0F38F100F823124878001445EEFFEC2F0A4EB969
:0F390100F81FBA4FEF00144A2EFFEC670C2F0A85
:103910004EB9FFF82A0C3400588F4AB900000B5CEE
:1039200066B872003202701D030067AE16824A420A
:103930006742102DFFFF0600000A1740FFFF5243A9
:10394000528C548B7002B08C668C548DBBFC000082
:10395000017E6600FF544A43662042390000017E22
:1039600042390000017D42390000018042390000E7
:10397000017F6006422BFFFF60C6700030034CEEF3
:103980003C0CFFD44E5E4E754E56FFB048E73E30BD
:1039900042A745F9FFF863D04E9242451A00487895
:1039A00000014E9242441800487800024E9242466E
:1039B0001C00700030054FEF000C41F9FFF8231296
:1039C0004A006C0C4879FFF8903D4E90588F601675
:1039D0002F003F0442673F0642674879FFF8905442
:1039E0004E904FEF00104879FFF890704EB9FFF8F5
:1039F00023124878005045EEFFB02F0A4EB9FFF869
:103A00001FBA4FEF000C4A2EFFB06700012C487818
:103A1000003A2F0A47F9FFF878A84E93508F2040BC
:103A20004A80673C421824082F0A45F9FFF82A0CFF
:103A30004E923C004878003A2F024E9320404FEFC0
:103A4000000C4A80670000E6421826082F024E92BA
:103A50003800588F4A8367082F034E923A00588FD8
:103A60000C46001762800C44003B6200FF7A0C4554
:103A7000003B6200FF723F0542673F0442673F061A
:103A800042674879FFF890844EB9FFF82312320557
:103A9000C2FCCCCD42414841E6491601E90B300158
:103AA000D041D040D041D0409A408605707F46003A
:103AB00080032F0042A745F9FFF8640A4E923204B2
:103AC000C2FCCCCD42414841E6491401E90A30012B
:103AD000D041D040D041D0409840840402820000C0
:103AE00000FF2F02487800014E924FEF002032066F
:103AF000C2FCCCCD42414841E6491401E90A3001FB
:103B0000D041D040D041D0409C4084060282000089
:0F3B100000FF2F02487800024E9202830000004F
:103B20002F0342A74E924FEF0010600C2F024E92CF
:103B3000380042456000FF284CEE0C7CFF944E5E3E
:103B40004E754E56FFAC48E73F3C4A3900000B9893
:103B5000660C74037A01780176017219603E487828
:103B6000000345F9FFF863D04E921A00487800042C
:103B70004E921800487800054E92140048780006CE
:103B80004E921600487800224E9212001002530006
:103B90004FEF00140C00000663027408700010035D
:103BA0002F00700010012F00700010052F00700012
:103BB00010042F0070001002D0802040D1C0D1FC32
:0F3BC100F895042F104879FFF8909A4BF9FFF808
:103BD00023124E954879FFF890BD4E9548780050D5
:103BE00045EEFFB02F0A4EB9FFF81FBA4FEF002481
:103BF0004A2EFFB0670001D24878002F2F0A49F9FA
:0F3C0100F878A84E94508F20404A80670001BA8F
:103C1000421824082F0A47F9FFF82A0C4E932A006D
:103C20004878002F2F024E9424404FEF000C4A801A
:103C300067000196421A2F024E9326002F0A4E93D8
:103C40002C002F002F032F054879FFF890D14E95B7
:103C50004FEF00187063B0856C0650EEFFAF602622
:103C60004878000A2F054EB9FFF87C78508F240061
:103C7000E98A4878000A2F054EB9FFF87CD8508FA2
:103C800080021D40FFAF7063B0836C0650EEFFAE44
:103C900060264878000A2F034EB9FFF87C78508FD1
:103CA0002400E98A4878000A2F034EB9FFF87CD82F
:103CB000508F80021D40FFAE45F9FFF87C784878B0
:103CC00000642F064E92508F28007063B0846C04FD
:103CD00050C760204878000A2F044E92508F24006D
:103CE000E98A4878000A2F044EB9FFF87CD8508F33
:103CF0001E008E0245F9FFF87CD8487800642F0634
:103D00004E92508F28007063B0846C0450C2601EC5
:103D10004878000A2F044EB9FFF87C78508F2400B1
:103D2000E98A4878000A2F044E92508F84002F06AB
:103D30002F052F036100EE624FEF000C41F9FFF8F1
:103D400023120C00000763160280000000FF2F0002
:103D50004879FFF890E94E907C00508F606C5200DB
:103D6000780018007A001A027C001C077400142ED8
:0F3D7100AE7600162EFFAF2F042F052F062F0260
:103D80002F034879FFF8910B4E9042A7487800071F
:103D900045F9FFF8640A4E924FEF001C2E824878D6
:103DA00000034E922F03487800044E922F04487867
:103DB00000054E922F05487800064E9213C700006A
:103DC00001724FEF002060027C0020064CEE3CFCAC
:0F3DD100844E5E4E754E56FFB048E73830487846
:103DE00000084EB9FFF863D01200E809588F0C01A3
:103DF000000A57C1488148C144811600E40B020300
:103E0000000314000202000356C0488048C04480EA
:103E1000C280100353000C00000153C0488048C00A
:103E20004480C08141F9FFF8231267287200120212
:103E30007001E3A814004879FFF891474879FFF82A
:103E4000914A4E90508F41F9FFF87DB20C02000864
:103E5000661A60124879FFF8916D4879FFF8914A27
:103E60004E90508F604041F9FFF89148223CFFF896
:103E700091710C030001660E60067400600000E0A2
:103E8000223CFFF89177700010022F002F082F01BD
:103E90007003C0832F004879FFF8917B4EB9FFF87B
:103EA00023124FEF00144879FFF891AF4EB9FFF895
:103EB00023124878005045EEFFB02F0A4EB9FFF8A4
:103EC0001FBA4FEF000C4A2EFFB067AE4878002BA8
:103ED0002F0A4EB9FFF878A8508F204047F9FFF815
:103EE0002A0C4A806770421826082F0A4E93180041
:103EF000588F4A8367082F034E931400588F0C0283
:103F00000002670C0C02000467060C02000866261B
:103F1000100453000C000001621C1202E2090C01A3
:103F200000046602720370001004D080D08000018B
:0F3F3100A08200600C4A0267064A046600FF681F
:103F40004201740014012F02487800084EB9FFF8AE
:103F5000640A508F60082F0A4E931800609E20025A
:103F60004CEE0C1CFF9C4E5E4E754E56FFEC48E727
:103F700038304878000448780003487800024878D0
:103F8000000142A74879FFF891DA4EB9FFF82312F1
:103F9000760047F9000001754FEF001842B90000A4
:103FA0000B5C7400142B0001280352842F022F0491
:103FB0004879FFF892484EB9FFF823124878001468
:103FC00045EEFFEC2F0A4EB9FFF81FBA4FEF001471
:103FD0004A2EFFEC670C2F0A4EB9FFF82A0C24007A
:103FE000588F4AB900000B5C66B87004B08265B2A5
:103FF000174200014A8266102043D1C3D1FC000061
:104000000175421028036078760016132F03487953
:0F401100F8925E4EB9FFF823124878001445EE7E
:0F402100EC2F0A4EB9FFF81FBA4FEF00104A2ECE
:0F403100EC67144878001042A72F0A4EB9FFF829
:1040400028B026004FEF000C4AB900000B5C66B8A0
:104050002002D082D08041F9FFF895702F300800FF
:104060002F034EB9FFF87CA8508F4A80669A1683BA
:10407000548B103C0004B084670626046000FF1EC9
:1040800013C400000174700010044CEE0C1CFFD827
:104090004E5E4E754E56000048E73020202E000838
:1040A00066304878001F4879FFF8946C4879000022
:1040B00001704EB9FFF87618423900000B9842A7FC
:1040C000487800074EB9FFF8640A4FEF001460000B
:1040D00000C87273B2806712123C0053B280670A44
:1040E0004A3900000B986600011A4879FFF8927F60
:1040F00045F9FFF823124E9210390000016CE58853
:104100000280000003FC41F9FFF8948C2F30080076
:104110004879FFF892914E924FEF000C203CFFF847
:104120007DB24A3900000B986606203CFFF892A841
:104130002F004879FFF892AB4EB9FFF8231242A73F
:104140004EB9FFF863D04FEF000C223CFFF892CF3E
:104150004A006D06223CFFF892D72F014879FFF8FC
:1041600092DF4EB9FFF823126100F5F442A74878B8
:1041700000074EB9FFF8640A6100FC5C6100F9C4F5
:104180006100F8066100FDE46100F70E6100F5646E
:104190006100F5004FEF001042037420701FC082D1
:0F41A00041F9000001701030080002800000009B
:1041B000D6002F002F0245F9FFF8640A4E92528272
:1041C000508F703EB08266D470A2900313C000007E
:1041D000018E0280000000FF2F004878003E4E92C2
:1041E00048780080487800074E9213FC00020000D7
:1041F0000B984879FFF892F24EB9FFF823124FEF6F
:1042000000144CEE040CFFF44E5E4E754E5600004A
:104210002F0A246E0008222E000C5581202A00103F
:104220005580B0816204700060167000102A000290
:104230002F002F014EB9FFF87BF8508FD0AA002431
:10424000246EFFFC4E5E4E754E5600002F02226E0D
:10425000000C1029001BE14842411229001A80413C
:1042600074003400206E00080C100003661410293E
:104270000015E14842411229001480414840424063
:1042800084802002241F4E5E4E754E5600002F0A79
:104290002F02206E0008246E000C43EA00094AA891
:1042A0000010677C206800147200103018005281E2
:1042B0000C00002067140C000005660270E574090C
:1042C000B481660412FC002E12C0700BB08166DA55
:1042D0001568000B000874001428001DE18A1228DC
:1042E000001FE1494841424170001028001E48402B
:1042F000424082808228001C848124821228001976
:10430000E14942401028001882403541000412283B
:104310000017E1494240102800168240354100064E
:104320004211241F245F4E5E4E754E56000048E732
:10433000303C2A6E00082455B4FC00006700009C45
:10434000220A60025281204110100C0000206308F4
:104350000C00003A66EE60060C00003A667210121D
:104360004880304043E8FFD07009B089651841EAC1
:104370000001B2886610103C0003B089655C20091A
:1043800052812A8160562601528391C849F9FFF86B
:1043900095982654224A141B121910010600FF9FFB
:1043A0000C00001962040601FFE04A026706B2022F
:1043B000660660E2B689670C5288588C7004B08833
:1043C000671860CE7003B088651020082A83600CDF
:1043D0007000103900000122600270FF4CDF3C0CBD
:1043E0004E5E4E754E560000486E00086100FF3C60
:1043F000588F4A806C04700B600813C000000122C3
:1044000070004E5E4E754E560000226E0008B2FCE3
:10441000000067302051B0FC000067284A10672474
:1044200030290004B0680006661A700010280001E8
:104430002F004EB9FFF857F8588F080000006604A7
:104440007000600270094E5E4E754E5600002F0AD5
:10445000246E00082F0A61AE588F4A80660242928D
:10446000246EFFFC4E5E4E754E5600002F0A246EE1
:1044700000082F0A6190588F4A8066024292246E8B
:0F448100FC4E5E4E754E5600002F0A2F02246E21
:104490000008242E000CB4AA002866047000602CCA
:1044A000487800012F02486A002C7000102A000191
:1044B0002F004EB9FFF858E64FEF00104A8067060C
:1044C00074FF70016002700025420028242EFFF85E
:1044D000246EFFFC4E5E4E754E5600002F0A2F02D2
:1044E000246E0008422A000470FF254000282F2E69
:1044F000000C2F0A6190508F4A806706700360009D
:10450000009241EA002C102801FFE14842411228A4
:1045100001FE80410C40AA5567047002607470006F
:1045200010280037E18814280039E14A4842424205
:1045300072001228003848414241848184280036A4
:104540008082028000FFFFFF0C8000544146660419
:104550007000603E720012280053E1891428005553
:10456000E14A48424242700010280054484042400C
:104570008480842800528282028100FFFFFF0C8128
:104580000054414657C044000A0000010280000068
:1045900000FF242EFFF8246EFFFC4E5E4E754E5633
:0F45A100F048E73F30246E000842922F2E000CA6
:1045B0006100FD782400588F6C06700B600002FAD1
:1045C000D082D08041F90000011026700800B6FCAE
:1045D00000006606700C600002E0248B4A13671826
:1045E0007000102B00012F004EB9FFF857F8588FBC
:1045F000080000006700029A421317420001700091
:1046000010022F004EB9FFF8599C588F0800000087
:1046100067067003600002A242A72F0B6100FEBA7A
:10462000508F0C00000167047E00606893C945EE5E
:0F463100F041F1B82C41E801BE4A2800046604AC
:1046400074006024740014280009E18A1228000B09
:10465000E1494841424170001028000A4840424068
:10466000828082280008848124C243E900107040BF
:10467000B08966BE45EEFFF02E1266047002600E31
:104680002F072F0B6100FE52508F4A006718588A7F
:10469000BDCA66E40C000003660670016000021AE1
:1046A0004A00660001F045EB002C102A000CE1489E
:1046B0004241122A000B80410C400200660001D6E4
:1046C000122A0017E1494240102A0016824067066C
:1046D0007A003A0160247A001A2A0025E18D122A14
:1046E0000027E149484142417000102A0026484015
:1046F00042408280822A00248A81274500141C2B94
:10470000003C17460003100653000C000001620035
:104710000184102B003917400002670001780280E5
:10472000000000FF22005381C08166000168182A42
:104730000012E14C4240102A001188403744000822
:10474000700FC0846600014E122A0014E1494240F5
:10475000102A001382406706760036016024760036
:10476000162A0021E18B122A0023E14948414241E7
:104770007000102A0022484042408280822A002095
:104780008681142A000FE14A4240102A000E84401C
:1047900067000102700010062F002F054EB9FFF8C8
:1047A0007BF8508F2C007A003A02E84C70003004FD
:1047B000D0852406D480B483620000DA7000102B08
:1047C00000022F0096822F034EB9FFF87C1C508FF9
:1047D0004A80670000C00C8000000FF5620476017B
:1047E000600C0C800000FFF5620000AE7602220033
:1047F00054812741001027470018DA872745001CFD
:10480000DE82274700244A6B000866386000008675
:104810007400142A002DE18A122A002FE149484130
:1048200042417000102A002E484042408280822A75
:10483000002C848127420020202B0010D080D080C3
:1048400076036024DCAB001C274600202200548144
:104850000C03000266042001600C2001D081D0818D
:10486000E2887401C282D0810680000001FF7209D3
:10487000E2A8B0AB0014621C16833039000001209E
:10488000524033C0000001203740000642AB000C0C
:1048900070006024700D602054802740001027476E
:1048A0000018DA872745001CDE82274700244A6B60
:1048B000000866E06000FF5A4CEE0CFCFFD04E5E34
:1048C0004E754E56FFFC2F02142E0013204E212E43
:1048D000000C2F086100FA54588F4A806C04700B4A
:1048E000604E43F900000110D0802200D280207178
:1048F0001800B0FC000067024210206E0008B0FCF7
:10490000000067264210202E000823801800671E32
:104910000C020001661842A7486E000C486E0008A1
:104920006100FC7C4FEF000C600642B11800700083
:10493000242EFFF84E5E4E754E56000048E7383084
:10494000246E0008262E000C7001B0836400011E46
:10495000B6AA00106400011610120C0000026700D5
:1049600000860C000003670000B40C000001660024
:1049700000FC2003E2882403D48020027209E2A80C
:10498000D0AA001C2F002F0A47FAFAFC4E93508F32
:104990004A80660000DC20020280000001FF18321D
:1049A000082C528220027209E2A8D0AA001C2F0013
:1049B0002F0A4E93508F4A80660000B60282000094
:1049C00001FF70001032282CE188800408030000E9
:1049D00067082400E88A6000009A24000282000030
:1049E0000FFF6000008E2003E088D0AA001C2F007B
:1049F0002F0A6100FA92508F4A8066742003D08398
:104A00000280000001FF41F2082C10280001E1485B
:104A10004241121080417400340060562003EE8839
:104A2000D0AA001C2F002F0A6100FA5C508F4A8028
:104A3000663E2003D083D0800280000001FF41F257
:104A4000082C740014280001E18A12280003E149AF
:104A50004841424170001028000248404240828094
:104A60008210848102820FFFFFFF600674016002E2
:104A700074FF20024CEE0C1CFFEC4E5E4E754E5641
:104A8000000048E73E30266E0008242E000C2F0B55
:104A90006100F9742A00588F66000120102B00076E
:104AA00067087A001A0060000112262B000CB483FC
:104AB00064022602202B000842AB00084A836700EC
:104AC00000FA20537800182800027209E3AC4A80EB
:104AD00067362C00538645F9FFF87C1C2F042043D1
:104AE0004868FFFF4E92508F24002F042F064E92ED
:104AF000508FB082621220044480C0862740000894
:104B00009680222B00146008222B001027410014ED
:104B10004A81662E60602F012F136100FE1C220067
:104B2000508F70FFB081670000847001B0816432E3
:104B30002053B2A80010642A27410014D9AB000802
:104B40009684B88365D0D7AB0008200302800000AC
:104B500001FF67222F012F136100F6B2508F4A80A8
:104B6000660A177C000200077A02604E7209E2AB07
:104B70002400D48360027400202B0008028000000F
:104B800001FF6736B4AB00186730487800012F0288
:104B9000486B001C20537000102800012F004EB9F4
:0F4BA100F858E64FEF00104A80670A177C0001B2
:104BB00000077A0160042742001820054CEE0C7CA7
:0F4BC100E44E5E4E754E56000048E73F38246EB6
:104BD0000008242E0010286E001442942F0A610051
:104BE000F8262C00588F66000162102A000767081B
:104BF0007C001C0060000154082A00000006661EAC
:104C00007C0760000146157C000200077C02600002
:104C1000013A157C000100077C016000012E2E2E58
:104C2000000C2A2A000C9AAA0008B4856400011618
:104C30002A0260000110222A0008200102800000E0
:104C400001FF660000C6205220017409E4A8142860
:104C500000025302C40066264A816606202A00101C
:104C6000600C2F2A00142F086100FCCE508F7201B7
:104C7000B280649272FFB280679825400014265279
:104C80002F2A00142F0B6100F584508F4A80670093
:0F4C910076720012022800D88126057409E4AB60
:104CA0004A83673A2001D0837400142B0002B48039
:104CB0006404260296812F032F042F077000102B07
:104CC00000012F004EB9FFF858E64FEF00104A8060
:104CD0006600FF402203103C0009E1A9605CB8AA0D
:104CE00000186722487800012F04486A001C7000F1
:104CF000102B00012F004EB9FFF858E64FEF0010BF
:104D00004A806600FF0E25440018242A000802820B
:104D1000000001FF203C0000020090822205B085C7
:104D200064022200224741F2281C2001600212D8AE
:104D300051C8FFFC4240538064F4DE81D3AA0008CE
:104D4000D3949A814A856600FEEE20064CEE1CFC48
:0F4D5100DC4E5E4E754E56000048E73020246E53
:104D600000087000302A0006240052824A42670080
:104D7000008A202A001067000082760FC6826666CD
:104D8000528025400010226A000C2052B2FC000024
:104D9000660C700030280008B082624A605C220213
:104DA000E8897000102800025380C28066382F09FD
:104DB0002F086100FB84508F7201B280650470027D
:104DC000603A72FFB2806604700160302052B0A871
:104DD000001064262540000C2F002F086100F42EDF
:104DE000508F2540001035420006702CD092EB8B7E
:104DF000D083254000147000600270044CEE040C57
:0F4E0100F44E5E4E754E5600002F0A2F02246E9F
:104E10000008242E000C327C000460522F002F1258
:104E20006100F6642240508F4A80664E206A00146A
:104E30001210674C1028000B0C01FFE567200200E0
:104E4000003F0C00000F6716721FC081123C000863
:104E5000B28057C0488048C04480B480672842A7C9
:104E60002F0A6100FEF22240508F4A80660C202AF1
:104E7000001066A8B2FC0000670C42AA0010600691
:104E8000327C000460F42009242EFFF8246EFFFC1D
:104E90004E5E4E754E56000048E73820246E0008DE
:104EA000262E000C35430006242A00087001B0822B
:104EB000670000962052B4A800106400008C4A825B
:104EC000661C0C1000036606202800206612700085
:104ED00030280008B0836370222800206040200240
:104EE000780018280002E98C240060222F022F127B
:104EF0006100FA462400508F72FFB280674670014D
:104F0000B08264442052B4A80010643C9684B883F4
:104F100063DA2F022F126100F2F4508F2200254233
:104F2000000C4A8167222003E888D28025410010C6
:104F3000702CD092720FC681EB8BD0832540001469
:104F4000700060067001600270024CEE041CFFF0FD
:104F50004E5E4E754E56FFF448E73020246E000832
:104F6000262E000C2F0A6100F49E2400588F6656EE
:104F70004A83660E42A72F0A6100FF1A2400508F51
:104F8000604441EEFFF42548001842A72F0A610053
:104F9000FE76508F7204B280660642AA001060044A
:104FA0004A80661A2F032F0A6100F2E042A72F0AF7
:104FB0006100FDA44FEF00107204B280670424006A
:104FC000600442AA001020024CEE040CFFE84E5E82
:104FD0004E754E56FFC048E73838282E000C206E1C
:104FE0000008421042A7486E0008486EFFC06100EA
:104FF000F5AE24004FEF000C6600019670F4D08EE1
:105000002200424148413D41FFD83D40FFDA322E67
:0F501100C030014840302EFFC220403D68000CE7
:0F502100C83D68000EFFCA24446000010A4878A9
:10503000000147EEFFC02F0B49FAFE5A4E94508FE5
:105040004A806600012842A72F0B6100FDBA508FED
:105050004A8066000118322EFFD430014840302EBD
:0F506100D62F00322EFFC030014840302EFFC244
:105070002F006100F1D4508F2200424148413D4150
:0F508100C83D40FFCA42A72F0B4E94508F4A8064
:10509000660000DA42A747EEFFC02F0B6100FD68F3
:1050A000508F4A806634322EFFD430014840302E73
:0F50B100D62F00322EFFC030014840302EFFC2F4
:1050C0002F006100F184508FB083671C42A72F0B23
:1050D0006100FC84508F4A8067BA7204B280670016
:1050E00000824A8066000086486EFFDC486EFFC082
:1050F0006100F19843EEFFE5508F4A1966FC41EEDE
:0F510100DC93C847E9FFF641E9FFF9B1CA625AEA
:10511000204A200B600A5388538011B608E5980096
:0E512000226E00084A8066EE204A91CB45E8D8
:1051300015BC002F9800302EFFC836004843362E8D
:0F514100CA4A836600FEE8602A12FC002F600E47
:10515000206E000812F28800528AB88A62F2421168
:10516000602E226E0008740260F47011226E000836
:10517000240060EA206E00081239000001220601B6
:10518000003010C110FC003A2248B88A66C260BAEA
:1051900020024CEE1C1CFFA84E5E4E754E560000C1
:1051A00048E73E38286E0008246E000C10120C00F0
:1051B000002F67060C00005C6608528A42AC0008AB
:1051C000600820542968000C00080C12001F6214AB
:1051D00042A72F0C6100FCBE42AC0014508F60004F
:1051E0000252528A10120C00002F67F60C00005C6D
:1051F00067F0266C0018700017BC00200800528071
:10520000720BB28066F20C12002E670A7C087A00DC
:1052100078004202605616BC002E102A00010C00D5
:10522000002E670472026014177C002E0001102A01
:1052300000020C00002E670001C472030C00002F56
:1052400067120C00005C670C0C000020630001B6C4
:10525000600001AAD5C141EB000B0C0000206304E3
:105260007020600270241080600001AC123258007F
:1052700052850C0100206300009A0C01002F67008A
:10528000018E0C01005C670001860C01002E670492
:10529000BC84621A7008B086660001620C01002EA0
:1052A0006600015AD402D4027C0B780860BE4A0121
:1052B0006C12000200037000100141F9FFF895A87C
:1052C000123008807600160143F9FFF895846002D9
:1052D00052891011670C48803040B68866F2600031
:1052E000011C10010600FFBF0C000019620600023D
:1052F0000002601410010600FF9F0C0000196208F4
:10530000000200010601FFE017814800528460009E
:0F5311005CD5C576044A84670000E20C13FFE503
:10532000660416BC00057208B2866604D402D40274
:10533000720012027003C0817401B480660400031D
:105340000010700CC2807404B4816604000300086D
:105350001743000B600000C02F2C00102F146100B9
:10536000F126508F4A806644226C00144A1167006F
:1053700000B808290003000B6628266C001891C8A5
:1053800060085288720BB288670C14338800B431FD
:10539000880067EE600C082B0002000B6744600079
:1053A000009242A72F0C6100F9AE6072206C0018C9
:1053B0001228000B7404B480667870001001720427
:1053C000C28008000005671242AC000842AC00141D
:1053D0004A816700FE10700060584A81672270049D
:1053E000605008290004000B67162F092F14610074
:1053F000EE58508F294000086000FDEA70066032C8
:105400007005602ED5C141EB000B6000FE58D5C57C
:1054100042036000FF0242A72F0C6100FA78508F10
:105420004A8066886000FF32206C00181228000B4A
:1054300060884CEE1C7CFFE04E5E4E754E56FFD8E9
:1054400048E73020262E000C42A7486E000845EEA3
:0F545100D82F0A6100F14824004FEF000C664687
:1054600072F4D28E2001424048403D40FFF03D4161
:0F547100F22F2E00082F0A6100FD222400508F19
:105480006624322EFFEC30014840302EFFEE4A8079
:105490006606143C0006600E4A83670A2F032F0A33
:1054A0006100EDE8508F20024CEE040CFFCC4E5E04
:1054B0004E754E56FFF02F0A246E0008B4FC000013
:1054C000660670096000008242A7486E000C486EB4
:0F54D100FC6100F0CA4FEF000C4A80666224AE07
:0F54E100FC41EEFFF0254800182F2E000C2F0A7B
:1054F0006100FCAA508F4A80663C206A0014B0FC10
:105500000000671E08280004000B6606103C00051A
:10551000602E2F082F2EFFFC6100ED2E508F2540AE
:105520000008206EFFFC35680006000442A72F0A21
:105530006100F962508F7204B28067084A80670880
:1055400042926004700560F8246EFFEC4E5E4E756A
:105550004E56FFD848E7302042A7486E000845EE77
:0F556100D82F0A6100F03826004FEF000C6600CB
:10557000008472F4D28E2001424048403D40FFF04A
:105580003D41FFF22F2E00082F0A6100FC1026007B
:10559000508F6658322EFFEC30014840302EFFEE1F
:1055A0004A806620306EFFD830084840302EFFDA3F
:1055B000306EFFE032084841322EFFE220402141A8
:1055C000000C6030204008280004000B6724322EB5
:0F55D100D834014842342EFFDA2F002F02610038
:1055E000EC68508F20422140000C60087004B083AA
:1055F0006602760520034CEE040CFFCC4E5E4E7521
:105600004E56FFD848E73830266E0008142E001397
:10561000B6FC000066067809600000C6429342A707
:10562000486E000C45EEFFD82F0A6100EF7228008B
:105630004FEF000C660000AA72F4D28E20014240A7
:1056400048403D40FFF03D41FFF22F2E000C2F0A55
:105650006100FB4A2800322EFFEC30014840302E1A
:0F566100EE2440508F4A8466764A806606183CD5
:105670000006606C082A0004000B67047804606070
:105680000202000117420006422B00072F00306E75
:0F569100D836084843362EFFDA2F036100EBAA04
:1056A000508F274000107400142A001DE18A122A2E
:1056B000001FE149484142417000102A001E484045
:1056C00042408280822A001C84812742000C42AB27
:1056D000000842AB00182683204337680006000408
:1056E00020044CEE0C1CFFC44E5E4E754E56FFEC73
:1056F00048E73C30282E00082A2E000C240441EEF6
:0F570100EF10FC0020200E5380B08866F4422E7B
:0E57120070F0C0842F004879FFF896384EB929
:0F572100F823127600508F60104879FFF8962811
:105730004EB9FFF823125283588F700FC084B08384
:1057400062E845F638EF606A204212101001060048
:0F575100E00C00005E62041481600414BC002EA2
:1057600020425282700010182F004879FFF8962CC2
:1057700047F9FFF823124E935385700FC082508F64
:10578000662E45EEFFEF2F0A4879FFF896324E93CA
:10579000508F4A85670E2F024879FFF896374E934F
:1057A000508F600E4879FFF87DB14E93588F603C62
:1057B000528A4A856692700FC48076109682740071
:1057C00060124879FFF896284E9015BC00202800FA
:1057D0005282588F41F9FFF82312B6826EE4486E68
:0F57E100EF4879FFF88E554E90508F4CEE0C3CF0
:0F57F100D44E5E4E754E754E560000102E000BB6
:0F5800000C0000036304700160160280000000BA
:0F58100041F900000B99103008000280000000E1
:105820004E5E4E754E56FFC448E73020246E001081
:10583000102E000B122E000F0C00000362000094CB
:105840007400140041F900000B9910302800760311
:10585000C08367067003600000840C010001671AB2
:1058600065140C01000267080C0100046664600600
:1058700024BC0000020070006062426EFFC43D7CE8
:10588000000BFFC6426EFFC854423D42FFCA426E43
:0F589100E4426EFFE641EEFFC42F082F084EB928
:0F58A100F86DC8322EFFC430014840302EFFC6CC
:1058B000508F4A806620362EFFC830034840302E75
:0F58C100CA248072FFB28057C0488048C044801C
:1058D000600A7004600676FF248370014CEE040CAD
:0F58E100B84E5E4E754E56FFC448E73C00262E6B
:1058F000000C242E0010282E0014102E000B0C007B
:105900000003630670046000008A7A001A0041F9FF
:1059100000000B99103058007203C081676E70034D
:1059200060707001606C426EFFC43D7C000CFFC66D
:10593000426EFFC8300554403D40FFCA200242403D
:1059400048403D40FFCC3D42FFCE426EFFD03D7C03
:105950000001FFD22003424048403D40FFE43D4368
:0F596100E641EEFFC42F082F084EB9FFF86DC8BE
:10597000322EFFC430014840302EFFC6508F4A807F
:1059800066A0528253840683000002004A84669611
:1059900070004CEE003CFFB44E5E4E754E56FFC498
:1059A0002F02142E000B0C02000363047001604EE2
:0F59B000426EFFC43D7C000AFFC6028200000069
:1059C000426EFFC8300254403D40FFCA41EEFFC462
:1059D0002F082F084EB9FFF86DC8322EFFC43001D2
:1059E0004840302EFFC6508F41F900000B994A8085
:1059F00057C05200118028000280000000FF242EB2
:0F5A0100C04E5E4E754E56FFC448E73C00262E41
:105A1000000C242E0010282E0014102E000B0C0059
:105A20000003630670046000008A7A001A0041F9DE
:105A300000000B99103058007203C081676E70032C
:105A400060707001606C426EFFC43D7C000DFFC64B
:105A5000426EFFC8300554403D40FFCA200242401C
:105A600048403D40FFCC3D42FFCE426EFFD03D7CE2
:105A70000001FFD22003424048403D40FFE43D4347
:0F5A8100E641EEFFC42F082F084EB9FFF86DC89D
:105A9000322EFFC430014840302EFFC6508F4A805E
:105AA00066A0528253840683000002004A846696F0
:0E5AB00070004CEE003CFFB44E5E4E75008060
:105AC00080002A4042817401102D00016676740224
:105AD000102D00020C000001666A7403102D0003F3
:105AE00066627404102D0004665A7405102D0005BA
:105AF0000200FF9F664E16001B7C00E70002102D7F
:105B000000020800000667247203080000076732DD
:105B1000720608000005662A1B7C0020000472043F
:105B2000082D00050004671A7205601672011B7CBF
:105B3000002A0007422D00040C2D002A00076602EF
:105B4000720210031B7C00010002422D00044ED69D
:105B50002C5F4286283C63C1C78376FF60022C5FBE
:105B60002408948922022449E48926432844D60340
:105B700060064841E39424C451C9FFFA484151C921
:0F5B8100F2280C260B24492202E48960049703C2
:105B90005286D603003C000460064841E394B89A5C
:105BA00056C9FFFA66E8484151C9FFF097034ED63F
:105BB00042877C03243900000190E48A2202484194
:105BC000C2C6484122414291237CB38F0F83000417
:105BD0004E7120116604DE820DC751CEFFE04247B0
:105BE000223900000164BE81673E4EB9FFF8027E93
:105BF00020014EB9FFF8028E41FA01BD4EB9FFF8FF
:105C000022AE20074EB9FFF8028EBE816C022E0133
:105C100041FA01C24EB9FFF822AE20074EB9FFF893
:105C2000028E4EB9FFF8027E41FA01B94EB9FFF873
:105C300022AE42854247283C0635F57076FF60402B
:105C4000524741FA012C4EB9FFF822AE30054EB949
:0F5C5100F802BC41FA01244EB9FFF822AE300729
:105C60004EB9FFF802BC41FA012F4EB9FFF822AE3F
:105C7000200548404EB9FFF802BC4EB9FFF8027E3D
:0E5C80004EB9FFF8027E4BFA02E452450C9535
:0E5C920067AC225D300902000001660000963A
:105CA00020074240B3C06C00008C2055B1C06E008C
:105CB000008420044EB9FFF8028E4EB9FFF8027638
:105CC0007001C0034EB9FFF802BC4EB9FFF802766E
:105CD0004EB9FFF8027620094EB9FFF8028E4EB990
:0F5CE100F8027620084EB9FFF8028E4EB9FFF890
:105CF00002763208103C0041020100036704103CA8
:105D000000554EB9FFF8226042866100FE520A84B7
:105D1000965AC27961262C06661441FA00964EB94D
:0F5D2100F822AE226DFFFC610002BE610E4EB98A
:0F5D3100F8027E4BED00086000FF5248E700C00B
:105D400041FA00222C0667103E3CFFFF3005484513
:105D50003A00484541FA00144EB9FFF822AE4CDF34
:105D600003004E75207061737300206661696C00DA
:105D70000D0A506173733A2020002020202020500B
:105D8000617373657320776974686F7574206572C9
:105D9000726F723A20200020202020204C61737402
:105DA000206572726F7220617420706173733A2083
:105DB00020002020204200203C2D2D484D41312044
:105DC000756E657175616C20746F20484D41322D80
:105DD0002D3E20000D0A5573696E6720484D412005
:105DE0003D20000D0A0A546865206D656D6F72795B
:105DF0002074657374732075736520612033332DAF
:105E000062697420726F746174696E67206269746C
:105E1000207061747465726E3B20692E652E2C2093
:105E20006561636820737563636573736976650D77
:105E30000A6D656D6F727920776F726433322069F5
:105E400073207772697474656E2077697468206155
:105E5000207061747465726E20726F746174656411
:105E6000206C656674206F6E6520626974206672AE
:105E70006F6D207468652070726576696F75732E1A
:105E80000D0A5468652033332D626974206C656E89
:105E9000677468206973207573656420746F20705F
:105EA00069636B2075702073686F72746564206F0E
:105EB00072206F70656E2061646472657373207404
:105EC00072616365732E2020546865207365656474
:105ED0000D0A76616C756520666F72206561636876
:105EE000206F66207468652074657374206C696E19
:105EF00065732069732073686F776E206F6E2074EE
:105F00006865206C6566742C206C6F6E672B586218
:105F100069742E0D0A0D0A0A2033332D426974204C
:105F2000202020202020202041646472657373208B
:105F3000202020202020416C69676E6564206F72EC
:105F40000D0A5061747465726E2B58202020205306
:105F50007461727420202020456E642B3120202033
:105F6000556E616C69676E65640D0A000000000083
:105F70000000800000000001000080000008000018
:105F800000000002000000020007FFFE0000000306
:105F900000080000001000000000000400070002DC
:105FA000000BFFFE000000050010000000180000BC
:105FB000000000060018000000200000000000079C
:105FC0000017002E001C1002000000080000000254
:085FD000001FFFFE00000009A4
:085FE800428622BC01020408FC
:105FF0004E710C110001670252460C29000200018B
:10600000670254460C2900040002670258460C2916
:1060100000080003670250460C6904080002670488
:10602000064600200C5101026704064600101029A4
:106030000001E148102900020C40020467040646F2
:10604000004012BC00100C91100204086702524676
:10605000137C002000010C911020040867025446B4
:10606000137C003000020C91102030086702584663
:10607000137C008000030C91102030806702504692
:10608000137C00020001137C000400020C9110023A
:10609000048067040646004032BC11220C91112294
:1060A0000480670406460010337C334400020C91E0
:1060B0001122334467040646002048E7FFFE48E902
:1060C0007FFF00024CE97FFF0002B0976652B2AF3B
:1060D0000004664CB4AF00086646B6AF000C6640DC
:1060E000B8AF0010663ABAAF00146634BCAF0018FF
:1060F000662EBEAF001C6628B1EF0020662241EF7D
:106100000024B3D8661AB5D86616B7D86612B9D8BF
:10611000660EBBD8660ABDD866064CDF7FFF6008F6
:106120004CDF7FFF060600804E754E754E56000010
:1061300048E73C38202E00103A2E000A382E000E78
:1061400036006E06387C004B600299CC0C4400028D
:10615000620653430644000C3203C3FC0064700023
:106160003004D2802001D081D0812400EB8AD082FB
:10617000D08172003205D0810C8000F168D66E04A7
:10618000740160163203746448C183C230016C022A
:1061900056403400E4429441564247F9FFF87BF8F8
:1061A0002F3C00008EAD30432F084E93508F45F9A1
:0F61B100F87C1C48780064204090CC2F084E9258
:1061C000508F304249F00800740034052F3C000421
:1061D000AB513F0442674E93584F2EBC000027102E
:1061E00006800004AB512F004E92508FD48006825F
:1061F000001A42A2200CD0824CEE1C3CFFE44E5E02
:106200004E754E56000048E73830246E0008487836
:10621000002247F9FFF863D04E931800720F460131
:10622000C284E8812001D081D080D081D080020456
:10623000000FD800024400FF1484487800064E93F3
:106240001600720F4601C283E8812001D081D08000
:10625000D081D0800203000FD6001543000148789A
:1062600000044E93740F4602C480E8822202D28258
:10627000D281D282D2810200000FD00115400002EB
:10628000487800034E93740F4602C480E8822202CD
:10629000D282D281D282D2810200000FD001154079
:1062A0000003C9FC0064024300FFD64430432F08BA
:1062B0007200122A00022F010280000000FF2F004E
:1062C0006100FE6A4FEF000C220042414841354117
:1062D0000004354000064CEE0C1CFFEC4E5E4E7583
:1062E0004E56000048E73830266E000842A74EB9E7
:0F62F100F863D01800588F42134878000245F91F
:0F630100F863D04E92740F4602C480E8822202E5
:10631000D282D281D282D2810200000FD0011740F6
:1063200000010280000000FFD080D0802600E98BB1
:106330009680487800014E92740F4602C480E8822D
:106340002202D282D281D282D2810200000FD001F9
:10635000174000020280000000FFD680D683D6835B
:106360002403E98A948342A74E924FEF000CB004B5
:10637000670418006082720F4601C284E881200120
:10638000D081D080D081D08012040201000FD200D1
:10639000174100030281000000FFD2822001D0815A
:1063A000D081E788D0817209E3A8487802A32F0042
:1063B0004EB9FFF87C1C508F2200424148413741C2
:1063C0000004374000064CEE0C1CFFEC4E5E4E7590
:1063D0004E56000048E77000610000A2610000A274
:1063E000222E0008D2810081000000816100005649
:1063F0006100006E6100008A61000082428010012D
:106400004CEE000EFFF44E5E4E754E56000048E70F
:1064100070006100006861000068222E0008D281CF
:106420000081000000806100001C222E000C610031
:1064300000146100004C610000444CEE000EFFF4BB
:106440004E5E4E7574077001E289E390610000347E
:106450000080000000046100002A51CAFFEA4E7566
:10646000740742816100001A610000247004610019
:106470000012E25951CAFFEEE0894E7570086002C1
:10648000428011C080434EB9FFF826284E754E71E8
:106490004E714E714E71123880434E75206F000858
:1064A00030084A806734610001DC6600009E1229D2
:1064B000000A02010010000100E0103C000E610023
:1064C00002B4103C000F323C00EC610002A86100F5
:1064D00001D866000076610001F4242900042F42EF
:1064E00000042429000C60000038206F00087005AB
:1064F000B4A90004645470040C8300000001664ACF
:106500006100018266446100020A103C000F323CC7
:1065100000206100026061000190662E610001AE02
:10652000610001626624103C000F610002200281BC
:10653000000000016712103C000961000210028196
:10654000000000FF00410800C3404E7542804E75B8
:10655000610001326600FFF4262E0008242E000C94
:10656000610001B0103C000F323C002061000206C7
:10657000610001366600FFD46100016C6000FFA27B
:10658000206F00087005B4A9000464BE70040C8379
:106590000000000166B4610000EC66AE61000174A9
:1065A000103C000F323C0030610001CA610000FA6B
:1065B0006600FF98610001406000FF66207C0000DB
:1065C00000001B7C009200034E714E711B7C00800A
:1065D0000002203C000027104EB9FFF825FA422D9A
:1065E0000002203C000027104EB9FFF825FA2F02C8
:1065F00074046100009051CAFFFA241F103C000F80
:106600006100014A0C010050661C08290004000AC0
:106610006612103C000F123C00106100015861002E
:10662000006466025288123C00F0103C000E6100CB
:106630000144203C000003E84EB9FFF825FA103C65
:10664000000F610001080C010050661C08290004BD
:10665000000A6712103C000F123C00106100011686
:106660006100002266025488123C00E0103C000EDB
:106670006100010222082F41000442804A016602A3
:1066800070014E752F0478FF103C000F610000BEB2
:1066900010010A000040020000C057CCFFEC660267
:1066A0004280281F4A804E752F0478FF103C000F4F
:1066B0006100009A10010A0000080200008857CC0F
:0F66C100EC66024280281F4A804E752F02103C63
:1066D0000008343C00FF617410C1E15910C151CA77
:0F66E100F6241F4E75103C0008343C00FF615C2E
:0F66F00051CAFFFC4E752F02103C0008343C00CD
:106700001218E1591218E059616A51CAFFF4241FA6
:106710004E7522021029000A02000010E1990201C0
:10672000000F8200000100E0103C000E6146E1997C
:1067300053806140E1995380613AE199538061341B
:1067400012030201007F5380612A4E751B7C009268
:1067500000031B400002000000401B400002122DFD
:106760000001E14912150A0000401B400002422DC1
:1067700000024E751B7C008000031A81E0591B410A
:106780000001E0591B400002000000201B400002F5
:106790000A0000201B400002422D00024E754E757B
:1067A000207C000000001B7C000E000E203C00003E
:1067B00003E84EB9FFF825FA1B7C000A000E203CC6
:1067C0000000C3504EB9FFF825FA0C2D0050000709
:1067D000661608290004000A660C1B7C00100007DE
:1067E0006100016C660252881B7C00F00006203CB0
:1067F000000003E84EB9FFF825FA0C2D0050000701
:10680000661608290004000A670C1B7C00100007AC
:106810006100013C660254881B7C00E000062208EF
:106820002F41000442804A01660270014E75206FBC
:10683000000830084A80672C61000114664E102958
:10684000000A000000E01B4000061B7C00EC000773
:10685000610001166636323C01FF508D10D551C9DA
:0F686100FC518D242900042F4200042429000C2F
:10687000610000DC66164280102D000702800000D7
:1068800000016708102D0001004008004E75206FC0
:1068900000087005B4A90004643270040C83000081
:1068A00000016628610000A86622610000D61B7CFA
:1068B00000200007610000B26612323C01FF508DDB
:1068C00010D551C9FFFC518D6000FFA64E757005B3
:1068D000B4A90004643470040C8300000001662A2B
:1068E0006100006C66246100009A1B7C0020000798
:1068F000610000766614323C01FF508D101551C9BD
:0F690100FC518D6000FF6A42804E75206F0008C8
:106910007005B4A90004643470040C830000000105
:10692000662A6100002A6624610000581B7C003042
:106930000007610000346614323C01FF508D1A9844
:0F69400051C9FFFC518D6000FF2842804E7570D9
:106950004EB9FFF8261A122D00070A010040020165
:1069600000C057C8FFEC4E7570FF4EB9FFF8261AED
:10697000122D00070A0100080201008857C8FFEC29
:106980004E751029000A02000010E19A0202000F61
:106990008002000000E05C8D1A80E19A1B02E19AFF
:1069A0001B02E19A1B020203007F1B03558D4E75EB
:1069B00048E740C40C41000865047001603604805B
:1069C00000000028E58943F900000B702231100017
:1069D00066047002601E22412051223000006604CD
:1069E000700360102041223CFFFF800082290009D3
:1069F0002A414E904CDF23024A8066046000BD3A73
:106A00006000BD5E4E5600002F02202E000856800A
:106A100072FCC0812439000001682202D28023C1A7
:106A2000000001682F0042A72F024EB9FFF8774CF3
:106A30002002242EFFFC4E5E4E754E75207C000019
:106A400000001B7C000E000E203C000003E84EB945
:0F6A5100F825FA1B7C000A000E203C0000C35001
:106A60004EB9FFF825FA0C2D0050000766160829CC
:106A70000004000A660C1B7C001000076100013E48
:106A8000660252881B7C00F00006203C000003E8F0
:106A90004EB9FFF825FA0C2D00500007661608299C
:106AA0000004000A670C1B7C001000076100010E47
:106AB000660254881B7C00E0000622082F41000477
:106AC00042804A01660270014E75206F000830084E
:106AD0004A80242900042F4200042429000C61006C
:106AE00000DC66164280102D0007028000000001C5
:106AF0006708102D0001004008004E75206F000847
:106B00007005B4A90004643270040C830000000115
:106B10006628610000A86622610000D61B7C002068
:106B20000007610000B26612323C01FF508D10D5A3
:106B300051C9FFFC518D6000FFA64E757005B4A9C8
:106B40000004643470040C8300000001662A6100B4
:106B5000006C66246100009A1B7C00200007610025
:106B600000766614323C01FF508D101551C9FFFCB0
:106B7000518D6000FF6A42804E75206F00087005DD
:106B8000B4A90004643470040C8300000001662A78
:106B90006100002A6624610000581B7C0030000759
:106BA000610000346614323C01FF508D1A9851C9BF
:0F6BB100FC518D6000FF2842804E7570FF4EB979
:0F6BC100F8261A122D00070A010040020100C039
:106BD00057C8FFEC4E7570FF4EB9FFF8261A122DFC
:106BE00000070A0100080201008857C8FFEC4E7533
:106BF0001029000A02000010E19A0202000F800230
:106C0000000000E05C8D1A80E19A1B02E19A1B02F1
:106C1000E19A1B020203007F1B03558D4E75400055
:106C20000000009540000001AA874000000000AF6E
:106C300040000000001B4000000200154000000062
:106C400000654040000000774000000000FD40006B
:106C5000000001831029000A1B4000014E7561F4F9
:106C6000704767061ABC0005428080004E752F02EF
:106C70007208600A1415E20A1ABC0007E3501ABC35
:106C8000000551C9FFF0241F4E752F0272077402D0
:106C9000E308E3521A82000200021A8251C9FFF08F
:106CA000241F4E7548A7300061B466207605101881
:106CB00061D851CBFFFA760861B41340000B08008D
:106CC0000007670851CBFFF2303C00864C9F000C58
:106CD0004E751A800A00000251C9FFF81A804E75DD
:106CE00048A7E00040C27001720F61E646C24C9FA7
:106CF00000074E753F08304F3F2F000448A7202063
:106D000030C0024000FF45F9FFF8936C7204600642
:106D1000E19A10C2B5001032000051C9FFF4000022
:106D20000001108041E8FFFB4C9F04044E7548A70A
:106D300010006100FF2A6600001A363C7FFF6100E8
:0F6D41002E0C0000FF670A51CBFFF4203C00002E
:106D500000864C9F00084E7541FAFEC46100FF4654
:106D60006100FF7E660C0C0000016706203C0000FD
:106D700000854E756100FEE86600004C6100FF6210
:106D8000323C00FF70056100FF4A6100FFA266000F
:106D900000366100FFC46600002E41FAFE886100E3
:0F6DA10004660000220200FFFE6600001261007F
:106DB000FEBE6100FEBA6100FEB66100FEB2610077
:0F6DC100206100FF1C4E754E56000048E73F3C16
:106DD000206E00084CD03FFF4E4840E74217426704
:106DE0002F0D2A6E000C48D51FFF2B5F00342B5F40
:106DF00000384CEE3CFCFFD84E5E4E754E560000FF
:106E0000700041F900000B604230080041F90000B9
:106E10000B944230080041F90000012D4230080077
:106E200041F9000001324230080052807204B28001
:106E300066D0423900000131423900000136423942
:106E4000000001504E5E4E754E560000206E000848
:106E50001028000F0C000002621413C00000012C67
:106E600023D00000012833E80004000001244E5E16
:106E70004E754E5600002F0A7200122E000B41F97B
:106E80000000012D4A30180067402001D081D080D9
:106E900041F900000BA02470080043EA001041F9FA
:106EA0000000014812D8B1FC0000014F66F6157CC5
:106EB0000001001741F90000012D4230180041F98E
:106EC0000000013211BC00011800245F4E5E4E75B7
:106ED0004E560000102E0013E5880280000003FCCF
:106EE00041F900000B704AB0080057C0488048C004
:106EF0004E5E4E754E5600002F032F027400142E66
:106F0000000B7600162E000F4EB9FFF8756241F99E
:106F10000000012D4230280041F9FFF896A54A30C3
:106F2000380066064239000001504EB9FFF8755C22
:106F3000242EFFF8262EFFFC4E5E4E754E560000A6
:106F40004EB9FFF826227000303900000B90204027
:106F5000122880007000100108000004660470030D
:106F6000600A4A016CFCEC887201C0814E5E4E756D
:106F70004E56000061C64A0066047000601E0C0098
:106F800000036604700360147000303900000B9039
:106F9000206E0008224010A9800170014E5E4E75DF
:106FA0004E56FFFC2F0A2F024EB9FFF87562347C53
:106FB0000010D5EE00084202486EFFFF61B2588F04
:106FC0004A00660A4EB9FFF8755C700060380C0024
:106FD0000003660A4EB9FFF8755C7001602814EE74
:0E6FE20052020C02000866CE4EB9FFF8755C34
:106FF0007000303900000B90204010288000E88895
:1070000046807201C081242EFFF4246EFFF84E5E8C
:107010004E754E5600004EB9FFF8262270003039EA
:1070200000000B902040102880004A006CFC028079
:10703000000000FFEC880A4000017201C0814E5E32
:107040004E754E5600002F02242E000861C44A00DF
:107050006604700060107000303900000B90204012
:10706000114280017001242EFFFC4E5E4E754E567B
:1070700000002F0A2F027000303900000B902040D2
:10708000082800048000675810390000015067008C
:1070900000CC0280000000FFD0802040D1C0D1FC95
:1070A00000000B9C24502F0A6100FEF6588F4A0006
:1070B00056C0440015400017700010390000015000
:1070C000538041F90000012D4230080041F90000D1
:1070D000013211BC00010800423900000150607CFF
:1070E000487800086100FF5C588F4A00676E487955
:1070F000000001386100FEAA588F4A00675E14390B
:1071000000000148703F4600C082EC807202B280ED
:10711000674A6C0A123C0003B28066C4600E7003BA
:10712000C0822F006100FD4C588F60B47203C4818F
:107130002F026100FD3E41F900000B9411BC0001DB
:107140002800588F083900030000014856C041F953
:1071500000000B605200118028006084242EFFF88C
:10716000246EFFFC4E5E4E754E56000048E7302000
:10717000246E00084EB9FFF8756274006026700036
:107180001001103208060280000000FF2F0061008D
:10719000FEB25282588F4A00660A4EB9FFF8755CFB
:1071A0007000601E1202102A0006760FC08341F99B
:0F71B100F89685B430080065C44EB9FFF8755CD8
:1071C00070014CEE040CFFF44E5E4E754E560000FE
:1071D00048E73038246E0008266E000C102A00069E
:1071E000720FC08141F9FFF896854A300800660A9F
:1071F00016BC000570056000016841F9FFF896951E
:107200004A300800660476046008162A0007020364
:1072100000037200323900000B90224141F9FFF85F
:1072200096A54A300800670A082900048000670C08
:10723000602610298000721FC081661C4EB9FFF8BD
:1072400075627400140341F90000012D4A302800D2
:1072500067104EB9FFF8755C16BC00017001600044
:10726000010011BC0001280049F90000013242343C
:1072700028002002D082D08041F900000BA0218A92
:107280000800102A0006720FC08141F9FFF896A588
:107290004A3008006608520313C3000001504EB97B
:0F72A100F8755C2F0A6100FBA02F0A6100FEBA8E
:1072B000508F7200122A00064A006614700FC081B7
:1072C0002F002F026100FC2E16BC00037003601C0F
:1072D000700FC08141F9FFF896B54A300800671079
:1072E0002F002F026100FC0E42137000508F60705F
:1072F00041F9FFF896C54A30080067242F0A61005B
:10730000FCA0588F4A00662E122A0006700FC28019
:107310002F012F026100FBDE16BC0004700460CC5C
:10732000103428004A0067FC4A2A0017660816BC79
:1073300000047004602A102A0006720FC08141F90F
:0F734100F896D54A3008006710102A0010020095
:0F735100C0660642137000600616BC0002700290
:107360004CEE1C0CFFEC4E5E4E754E56FFFC48E793
:107370002030206E000824280014266800104240A7
:107380001028000933C000000B90B7F900000BB4BF
:1073900066047000603624425C8A7000102B000D79
:1073A0002F004EB9FFF82A8414BC000320425E88E7
:1073B0001093116B00010001486EFFFF2F02610066
:1073C000FE0C7000102EFFFF4FEF000C4CEE0C0473
:0F73D100F04E5E4E754E56FFFC48E72030266E9C
:1073E00000087402177CFFFA00182F0B6100FF7C65
:1073F0002F0B4EB9FFF82B38206B0014117C0007BF
:107400000006206B0014102B000A0200000111403E
:107410000007486EFFFF2F2B001445FAFDB04E9277
:10742000206B0014117C00040006206B0014102B4C
:10743000000A0200000111400007486EFFFE2F2BDA
:1074400000144E92206B001410280010020000302F
:10745000122EFFFF822EFFFE0A00003082004FEF47
:1074600000186608422B001870006008530266007E
:0F7471007470024CEE0C04FFF04E5E4E754E56DA
:0F748100FC48E73C38246E0008142E000F1A2E2A
:1074900000132F0A6100FED42F0A4EB9FFF82B38D3
:1074A0004204508F60000082206A00145C8810FC47
:1074B000000F7001C085D080D080122A000A02011E
:1074C0000001820010C126481082260E53832F032C
:0E74D0002F2A001449FAFCF64E94508F4A2ED3
:1074E000670C2F0A6100FEF07000588F6044177C13
:1074F000004AFFFE2F032F2A00144E94508F4A2E6D
:0E7502006610206A00141028001315400018AF
:10751000B40067082F0A6100FEBE588F52040C04A5
:10752000000566047002600AB42A00186600FF7A3B
:1075300070004CEE1C3CFFE04E5E4E7500000000FB
:1075400000000000FFF8964DFFF8965BFFF8966983
:0F755000000000000000000000000000027CF8B6
:107560004E75007C07004E7548E7C0C04EB9FFF865
:10757000706E1038A0404CDF03034E7370FF4E75E1
:0F758000518F4EB9FFF86ED04CDF00064E75707C
:107590004E7570FF4E7570FF4E7570FF4E754E75CF
:1075A0004E5600002F02222E0010226E0008206E80
:1075B000000C7003B081641E2009240880827403CB
:1075C000C08266122011B090660C58895888598183
:1075D0007403B48165EE2401538270FFB082671298
:1075E00012111010B001661A51CA000C42425382A7
:1075F00064047200601A5289528812111010B0018E
:1076000067E60281000000FF0280000000FF928018
:107610002001241F4E5E4E754E56000048E7303064
:10762000242E0008266E00102202246E000C700F1B
:10763000B08B640A200A80827603C0836714B6FC8C
:107640000000674E204143F3180010DAB3C866FA11
:1076500060402242204A22902368000400042368EC
:10766000000800082368000C000C43E9001041E802
:10767000001047EBFFF0700FB08B65DA7603B68B26
:10768000640A22D8598B7003B08B65F6220924480E
:1076900060AC20024CDF0C0C4E5E4E754E56000066
:1076A00048E73830222E0008242E000C266E0010E9
:1076B00026012442B481641E43F2B800B3C16316AC
:1076C000B6FC0000677A41F31800244895CB1121DD
:1076D000B5C866FA606A700FB08B651AB6FC000018
:1076E000675E204343F3380010DAB3C8675210DAFC
:1076F000B3C866F4604A200280817803C08466DCE7
:1077000022412042229023680004000423680008DC
:1077100000082368000C000C43E9001041E8001049
:1077200047EBFFF0700FB08B65DA7803B88B640A13
:1077300022D8598B7003B08B65F626092448609CCB
:1077400020014CDF0C1C4E5E4E754E754E560000EF
:107750002F032F02262E0008226E00102203740031
:10776000142E000F7003B0896404C0836714B2FC48
:107770000000675810022041D3C110C0B3C866FA98
:10778000604A20432002E188220282802001484092
:1077900042408280700FB08964242081214100041E
:1077A000214100082141000C41E8001043E9FFF0AD
:1077B000700FB08965E4103C0003B089640A20C1F1
:1077C00059897003B08965F6220860A22003241F3E
:1077D000261F4E5E4E754E754E56000048E7003827
:1077E000246E0008266E000C1012675828790000DD
:1077F00001004880324008310000C800670443E9B6
:10780000002010134880304008300000C800670492
:1078100041E80020B1C96608528A528B101266D224
:107820007000101208340000080067047220D08134
:1078300072001213204108300000C800670E41E8B2
:107840000020600828790000010060D490884CDF97
:107850001C004E5E4E754E754E5600002F02242EB3
:1078600000087003C082670E20424A1067245288C5
:107870004A1066FA601C2042201022000681FEFE9B
:10788000FEFF0281808080804680C08166DC58884F
:1078900060E62F2E000C2F084EB9FFF87948200221
:1078A000242EFFFC4E5E4E754E56000048E7380011
:1078B000226E00082049162E000F20097203C08195
:1078C000666474001403780042012004E1882802F1
:1078D000888052817004B08166F020492411200212
:1078E0000680FEFEFEFF02808080808022024681AC
:0F78F000C08166322002B98022000681FEFEFEB2
:107900000281808080804680C081661A5888241059
:107910002202468120020680FEFEFEFF0280808059
:107920008080C28067CE1010670AB003670A528851
:10793000101066F64A0366042008600270004CDFEF
:10794000001C4E5E4E754E754E5600002F0A226E7C
:107950000008206E000C70004640244914D866FCD4
:107960002009245F4E5E4E754E560000206E0008C2
:1079700070FF22484A1966FC93C8200953804E5E66
:107980004E754E754E56000048E73038246E00089C
:10799000266E000C202E00106700009422005381F8
:1079A00070FFB0816700008C28790000010016127A
:1079B00010034880324008310000C800670443E9E2
:1079C0000020141310024880304008300000C80026
:1079D000670441E80020B1C966184A8167144A0368
:1079E00067104A02670C528A528B538170FFB08134
:1079F00066BC70001012224008310000C800661AF0
:107A000070001013204008300000C800660693C8BC
:107A10002049603441E8002060F443E90020700010
:107A20001013204008300000C80067E260E691C8EB
:107A30006016287900000100700010122240083101
:107A40000000C80067BA60D220084CDF1C0C4E5EF4
:107A50004E754E754E56000048E72030242E000823
:107A6000246E000C226E00107003C082673020422A
:107A70004A10670652884A1066FA538970FFB08927
:107A800067381012108067325288B2FC000066021C
:107A90004210528A538970FFB08966E6601C20420A
:107AA000201022000681FEFEFEFF02818080808081
:107AB0004680C08166BA588860E620024CDF0C041C
:107AC0004E5E4E754E56000048E72030206E00088E
:107AD000226E000C242E0010677620082209808177
:107AE0007203C081663A26482449B282642E22106D
:0F7AF000B29166285982675820010680FEFEFE7B
:107B00000280808080804681C2806644588B588A7B
:107B10007003B08264062213B29267D8204B224AC7
:107B20002202538170FFB081671A1010B0116614E1
:0F7B30004A81671C4A0067185288528953817036
:107B4000B08166E67200121070001011928060021F
:107B5000720020014CDF0C044E5E4E754E56000044
:107B600048E73820282E0008222E000C262E001070
:107B7000200180847403C0826604B4836544204479
:107B800024414A83676822035381101210C022489F
:107B9000671841EA00014A8167545381101012C0EE
:107BA000670852884A8166F260444A8167402049EA
:107BB0002001D0894218B08867344218B08866F432
:0F7BC000602C20442241241120020680FEFEFE8C
:107BD00022024681C081028080808080660C5983A9
:107BE00020C258897003B08365DC24496094200466
:107BF0004CDF041C4E5E4E75302F0004C0EF000AAF
:107C0000322F0006C2EF0008D04148404240322FD8
:107C10000006C2EF000AD0814E754E752F02222F4A
:107C2000000C202F00080C810001000064162400C5
:107C30004242484284C130024840342F000A84C185
:107C4000300260302401E289E2880C8100010000EA
:107C500064F480C102800000FFFF2202C2C04842DB
:107C6000C4C048424A42660AD2826506B2AF0008E2
:107C700063025380241F4E752F027401222F000CC3
:107C80006A0444814402202F00086A0444804402AC
:107C90002F012F004EB9FFF87C1C508F4A026A0258
:107CA0004480241F4E754E75222F0008202F00049B
:107CB0002F012F004EB9FFF87C1C508F222F000897
:107CC0002F012F004EB9FFF87BF8508F222F0004B0
:107CD000928020014E754E75222F0008202F00043F
:107CE0002F012F004EB9FFF87C78508F222F00080B
:107CF0002F012F004EB9FFF87BF8508F222F000480
:107D0000928020014E7500000A4275696C742D69DD
:107D10006E20636F6D6D616E64733A0A00253132B7
:107D200073203A2025730A000A436F6D6D616E64FB
:107D30002073796E7461783A20205B757C735D20C6
:107D40005B3C6275696C74696E3E7C3C66696C650F
:107D50005B2E6578745D3E5D205B3C617267733EAF
:107D6000202E2E2E5D0A202020203C66696C655B4B
:107D70002E6578745D3E206D6179206265202A2E23
:107D8000434D44202A2E4F5554202A2E36384B205E
:107D90002A2E535953202A2E454C46202028616C08
:107DA0006C2077697468204D6167696320494429B4
:107DB0000A0A004572726F723A2025730A004572F2
:107DC000726F723A20556E6B6E6F776E20657272AD
:107DD0006F722025642E20486F6C64207469676878
:107DE000742E0A002825732920202534642D25307F
:107DF00032642D25303264202061742020253264C5
:107E00003A253032643A253032640A0043616E6E9E
:107E10006F74207265616420454C462066696C650C
:107E2000206865616465720A0042616420454C46C1
:107E3000206865616465720A004E6F7420612033AA
:107E4000322D62697420454C462066696C652E0AA5
:107E500000454C462066696C65206973206E6F741E
:107E600020616E2065786563757461626C652E0AA9
:107E700000454C462066696C65206973206E6F74FE
:107E800020666F722036383030302070726F636534
:107E900073736F722E0A0043616E6E6F7420726589
:107EA000616420454C462070726F6772616D206876
:107EB00065616465722E0A00454C462065786563ED
:107EC000757461626C652069732064796E616D6997
:107ED00063616C6C79206C696E6B65642E0A004C72
:107EE0006F6164696E672025642062797465732010
:107EF00066726F6D2066696C65206F666673657467
:107F0000203078257820746F206D656D6F72792030
:107F1000617420307825780A00556E61626C6520A6
:107F2000746F2072656164207365676D656E74207F
:107F300066726F6D20454C462066696C652E0A009E
:107F4000454C462065786563757461626C65207286
:107F50006571756972657320616E20696E746572F2
:107F60007072657465722E0A004C696E7578206BAC
:107F700065726E656C2064657465637465643A004F
:107F800020646F6573206E6F7420737570706F72EC
:107F900074204B49535336383033302E0A00207743
:107FA000726F6E6720626F6F74696E666F207665A0
:107FB0007273696F6E2E0A00206372656174696E58
:107FC0006720626F6F74696E666F2061742030780D
:107FD00025780A00696E697472643D004C6F6164B3
:107FE000696E6720696E6974726420222573223A73
:107FF00020256420627974657320617420307825AF
:10800000780A00556E61626C6520746F206C6F6138
:108010006420696E697472642E0A0075736572005B
:1080200073757065727669736F7200456E747279DC
:10803000206174203078257820696E202573206DAA
:108040006F64650A00556E61626C6520746F206F05
:1080500070656E20222573223A204E6F20696E696A
:108060007472642E0A0043616E6E6F7420726561D3
:108070006420434F46462066696C652068656164EC
:1080800065722E0A0042616420434F4646206865AF
:10809000616465722E0A00434F46462066696C652E
:1080A00020776F756C64206F76657277726974657E
:1080B0002070726F636573736F7220766563746F7F
:1080C00072732E0A004C6F6164696E67207365637A
:1080D00074696F6E20222573223A2025642062790C
:1080E0007465732066726F6D206F666673657420A9
:1080F0003078257820746F206D656D6F72792061FE
:108100007420307825780A00556E61626C652074A1
:108110006F20726561642073656374696F6E206699
:10812000726F6D20434F46462066696C652E0A00CB
:108130005A65726F696E672073656374696F6E202C
:10814000222573223A2025642062797465732061A8
:108150007420307825780A0043616E6E6F74207247
:10816000656164202E36384B2066696C6520686531
:10817000616465722E0A00556E61626C6520746FD1
:10818000206C6F61642066696C652062656C6F7736
:1081900020307825303478206F722061626F7665E8
:1081A00020307825780A004572726F72206C6F61FA
:1081B00064696E67202E36384B2066696C652E0A1E
:1081C0000043616E6E6F742075736520647269760A
:1081D000652025730A0025733A2074616B6573204E
:1081E00065786163746C7920256420617267756DB0
:1081F000656E7425730A0025733A2074616B65738C
:1082000020256420746F20256420617267756D6578
:108210006E74730A00665F6F70656E6469722822FF
:10822000257322293A2000665F7265616464697271
:1082300028293A200020202020202020202025301E
:1082400034642D253032642D2530326420253032BF
:10825000643A253032642025732F002538642025A8
:108260003034642D253032642D25303264202530A1
:1082700032643A2530326420252D31327300665F36
:10828000636C6F736564697228293A2000416D62DE
:108290006967756F75732076616C75653A20222564
:1082A000732220286F6464206C656E677468292EC1
:1082B0000A004261642068657820636861726163C6
:1082C000746572202225632220696E2076616C75A8
:1082D0006520222573222E0A00506C65617365208B
:1082E0007370656369667920746865206C6F61647A
:1082F000206164647265737320617320616E206114
:108300007267756D656E742028696E2068657829BE
:108310002E0A004C6F6164696E6720666C61742080
:1083200062696E61727920617420307825780A0064
:10833000556E61626C6520746F206C6F616420669D
:10834000696C652E0A0025733A2043616E6E6F7466
:10835000206C6F61643A200025733A202564206206
:10836000797465732C2000454C462E0A00434F4615
:10837000462E0A0036384B206F72205359530A009C
:10838000436F6D6D616E642066696C652E0A0075C1
:108390006E6B6E6F776E20666F726D61742E0A0061
:1083A00025733A2043616E6E6F7420726561643A82
:1083B000200025733A20556E6B6E6F776E20636FC9
:1083C0006D6D616E642E2020547279202768656C73
:1083D00070272E0A004C696D6974696E6720746F8E
:1083E00020256420617267756D656E74732E0A00B6
:1083F00043504D2020202020535953004E6F2043DE
:10840000504D2E53595320696E20524F4D20666FA8
:10841000756E642E0A00426164206865616465724D
:10842000206F6E2043504D2E5359532066696C6562
:108430002E0A0043616E6E6F74206C6F616420437E
:10844000504D2E737973206F7574206F6620616CA8
:108450006C6F7761626C6520616464726573732010
:1084600072616E67652E0A00303A2F424F4F542ECC
:10847000434D44004175746F20626F6F7420696EC4
:10848000202564207365636F6E64733B2068697494
:1084900020616E79206B657920746F2063616E6353
:1084A000656C2E0D0A0025733E200063640063682E
:1084B000616E6765206469726563746F7279203CD0
:1084C0006469723E0063706D0072756E20524F4D8C
:1084D0002043502F4D2D363800646972006C69734B
:1084E00074206469726563746F7279205B3C766F87
:1084F0006C3E3A5D00646D0073796E6F6E796D202D
:10850000666F722044554D500064756D700064753F
:108510006D70206D656D6F7279203C66726F6D3E77
:10852000203C636F756E743E006578656375746595
:108530000065786563757465203C616464723E0013
:1085400068656C70006C6973742074686973206866
:10855000656C7020696E666F006C730073796E6F66
:108560006E796D20666F72204449520072656D000D
:1085700072656D61726B2028696E20636F6D6D612D
:108580006E642066696C65290073796E6F6E796D13
:1085900020666F72205355505600737570760073C5
:1085A00065742053757065727669736F72206D6F94
:1085B00064652028707265666978206F7220636F29
:1085C0006D6D616E642900746F6461790064697314
:1085D00070617920746865206461746520616E64DF
:1085E0002074696D650073796E6F6E796D20666FAA
:1085F000722055534552007365742055736572207F
:108600006D6F64652028707265666978206F7220CE
:10861000636F6D6D616E642900776D0073796E6FA5
:108620006E796D20666F722057524954454D454D05
:108630000077726974656D656D0077726974652085
:108640006D656D6F7279203C616464723E205B627F
:10865000797465202E2E2E5D00454C46004F5554F2
:108660000036384B0053756363656564656400418B
:108670002068617264206572726F72206F63637527
:108680007272656420696E20746865206C6F772053
:108690006C6576656C206469736B20492F4F206C84
:1086A0006179657200417373657274696F6E2066DB
:1086B00061696C65640054686520706879736963EA
:1086C000616C206472697665206973206E6F742016
:1086D0006F7065726174696F6E616C00436F756C69
:1086E00064206E6F742066696E642074686520660D
:1086F000696C6500436F756C64206E6F74206669E9
:108700006E64207468652070617468005468652028
:1087100070617468206E616D6520666F726D617442
:1087200020697320696E76616C69640041636365DA
:1087300073732064656E6965642064756520746F69
:108740002070726F68696269746564206163636533
:108750007373206F72206469726563746F7279201D
:1087600066756C6C004163636573732064656E6944
:1087700065642064756520746F2070726F6869622B
:108780006974656420616363657373005468652070
:1087900066696C652F6469726563746F7279206FA6
:1087A000626A65637420697320696E76616C6964BE
:1087B0000054686520706879736963616C20647225
:1087C0006976652069732077726974652070726FAD
:1087D00074656374656400546865206C6F676963D1
:1087E000616C206472697665206E756D62657220B9
:1087F000697320696E76616C6964005468652076DF
:108800006F6C756D6520686173206E6F20776F7275
:108810006B20617265610054686572652069732020
:108820006E6F2076616C69642046415420766F6CCF
:10883000756D650054686520665F6D6B66732829E9
:108840002061626F727465642064756520746F20A6
:10885000616E7920706172616D65746572206572F8
:10886000726F7200436F756C64206E6F7420676561
:10887000742061206772616E7420746F206163637D
:108880006573732074686520766F6C756D652077ED
:10889000697468696E20646566696E6564207065D8
:1088A00072696F6400546865206F706572617469E5
:1088B0006F6E2069732072656A65637465642061F8
:1088C00063636F7264696E6720746F2074686520DB
:1088D00066696C652073686172696E6720706F6C81
:1088E000696379004C464E20776F726B696E672022
:1088F00062756666657220636F756C64206E6F7456
:1089000020626520616C6C6F6361746564004E75F4
:108910006D626572206F66206F70656E2066696C8F
:108920006573203E205F46535F4C4F434B004769C1
:1089300076656E20706172616D6574657220697311
:1089400020696E76616C6964000000000D0A0D0AF2
:10895000202020202020202057656C636F6D65202B
:10896000746F20746865204D494E492D4D3638305E
:1089700030302053797374656D20202020204249C7
:108980004F532031302E320D0A0D0A000D0A546863
:1089900069732070726F6772616D206973206672EF
:1089A000656520736F6674776172653A20796F75BB
:1089B0002063616E20726564697374726962757494
:1089C0006520697420616E642F6F72206D6F646919
:1089D00066790D0A697420756E6465722074686525
:1089E000207465726D73206F662074686520474E31
:1089F000552047656E6572616C205075626C6963C5
:108A0000204C6963656E7365206173207075626CBC
:108A100069736865642062790D0A7468652046721E
:108A2000656520536F66747761726520466F756E59
:108A3000646174696F6E2C20656974686572207654
:108A4000657273696F6E2033206F662074686520CD
:108A50004C6963656E73652C206F720D0A28617412
:108A600020796F7572206F7074696F6E2920616E46
:108A700079206C617465722076657273696F6E2EF1
:108A80000D0A0D0A546869732070726F6772616D08
:108A900020697320646973747269627574656420F7
:108AA000696E2074686520686F70652074686174F1
:108AB0002069742077696C6C206265207573656627
:108AC000756C2C0D0A62757420574954484F5554E3
:108AD00020414E592057415252414E54593B207724
:108AE0006974686F7574206576656E20746865209A
:108AF000696D706C6965642077617272616E7479FA
:108B0000206F660D0A4D45524348414E544142493B
:108B10004C495459206F72204649544E45535320B6
:108B2000464F52204120504152544943554C4152E6
:108B300020505552504F53452E20205365652074C8
:108B400068650D0A474E552047656E6572616C2059
:108B50005075626C6963204C6963656E736520664D
:108B60006F72206D6F72652064657461696C732E1D
:108B70000D0A0D0A596F752073686F756C64206853
:108B8000617665207265636569766564206120633E
:108B90006F7079206F662074686520474E552047B6
:108BA000656E6572616C205075626C6963204C69FA
:108BB00063656E73650D0A696E2074686520666969
:108BC0006C6520434F5059494E4720696E207468A8
:108BD0006520646973747269627574696F6E20646C
:108BE00069726563746F727920616C6F6E6720774C
:108BF00069746820746869730D0A70726F677261B6
:108C00006D2E20204966206E6F742C2073656520C0
:108C10003C687474703A2F2F7777772E676E752EB5
:108C20006F72672F6C6963656E7365732F3E2E0DCF
:108C30000A0D0A4C6963656E73656420666F722065
:108C4000686F62627969737420757365206F6E2036
:108C500074686520526574726F42726577204D4961
:108C60004E492D4D36383030302043505520626FFC
:108C70006172642E0D0A0D0A0000FFF884AB00003B
:108C8000000100000001FFF818D4FFF884AEFFF8DF
:108C900084C50000000000000001FFF81EBEFFF8C0
:108CA00084C9FFF884D90000000000000001FFF82B
:108CB0001716FFF884DDFFF884F5000000020000BD
:108CC0000002FFF81E7CFFF884F8FFF88509000019
:108CD000000200000002FFF81E7CFFF8850EFFF87E
:108CE00085290000000100000002FFF818F6FFF8D7
:108CF0008531FFF885400000000000000000FFF80B
:108D00000982FFF88545FFF8855900000000000042
:108D10000001FFF81716FFF8855CFFF8856C00006E
:108D2000000000000000FFF8091AFFF88570FFF846
:108D300096350000000000000000FFF81E4AFFF812
:108D40008589FFF8859A0000000000000000FFF808
:108D50001E4AFFF8859FFFF885C70000000000004D
:108D60000000FFF80A2EFFF885CDFFF8935B0000A6
:108D7000000000000000FFF81E62FFF885E6FFF823
:108D8000801B0000000000000000FFF81E62FFF8DA
:108D900085F7FFF886190000000200000000FFF8C8
:108DA0001954FFF8861CFFF886310000000200000D
:108DB0000000FFF81954FFF8863A00000000000098
:108DC0000000000000000000000000000000015052
:108DD0007F454C46601A0000FFF88470FFF8865902
:0F8DE100F8865DFFF88661FFF883F80000000058
:0F8DF100F88665FFF8866FFFF886A5FFF886B64F
:0F8E0100F886DCFFF886F4FFF8870CFFF8872C63
:0F8E1100F88765FFF8878CFFF887B1FFF887D7E0
:0F8E2100F887FBFFF88817FFF88834FFF888649C
:0F8E3100F888A5FFF888E4FFF8890EFFF8892E6E
:108E40003031323334353637383941424344454680
:108E5000002025633A202025730A00426F6F74209A
:108E60006174202532753A253032753A25303275D5
:108E7000206F6E20253275253032752D25303275E4
:108E80002D2530327520202025386C754A20253854
:108E90006C75540A0042494F532076657273696FAE
:108EA0006E2031302E32206F662031362D4D6179A3
:108EB0002D3230313620202020202020204D6F6E92
:108EC000204D61792031362031373A31373A353704
:108ED0002050445420323031360A00536574202526
:108EE0007320626F6F7420646576696365205B250B
:108EF000635D3A20006669727374007365636F6E18
:108F000064004175746F626F6F742074696D656F72
:108F1000757420287365636F6E6473292C2030206C
:108F200064697361626C6573205B2568645D3A20D7
:108F30000054696D656F7574206D6179206E6F7472
:108F4000206265206C6F6E676572207468616E20A8
:108F500034206D696E757465732028323430207347
:108F600065636F6E6473292E0A0053657269616CC4
:108F700020706F7274206261756420726174652064
:108F8000284B6269742F73656329205B25645D3A01
:108F90002000496E76616C69642073656C6563744A
:108FA000696F6E3B20616C6C6F7761626C652062EB
:108FB0006974207261746573206172653A002025BE
:108FC0006400466C6F707079206469736B207479EB
:108FD000706573206172653A0A2020202564202084
:108FE0006E6F742070726573656E740A2020202580
:108FF000642020312E324D20352E3235220A202099
:1090000020256420203732304B20332E35220A2091
:10901000202025642020312E34344D20332E35225B
:109020000A00466C6F707079206469736B20256349
:109030002074797065205B25645D3A200054686572
:1090400020636C6F636B2069732073746F7070653D
:10905000642E0A0054696D6520726561643A2020AF
:10906000253032783A253032783A253032780A0085
:1090700054696D65205B68683A6D6D5B3A73735D2A
:109080005D3A20005265616420696E2025643A25AE
:109090003032643A253032640A00446174652072CB
:1090A0006561643A2020257320253032782F2530E1
:1090B00032782F25303278253032780A00446174B6
:1090C00065205B6D6D2F64642F797979795D3A2025
:1090D0000042696E61727920646174653A202025CE
:1090E000642F25642F25640A00496E76616C6964DB
:1090F000206461746520656E74657265642E20203D
:1091000028636F6465202564290A00424344206473
:1091100061746520746F2062652073657420746FBC
:10912000204453313330323A2020253032782F25F5
:109130003032782F25303278253032782020646F15
:1091400077282578290A00456E00547269636B6C94
:109150006520636861726765206261636B7570206A
:10916000697320257361626C65642E0A004469731B
:10917000007320617265002069730020202025643F
:109180002064696F6465257320757365642E2020E3
:109190004125732025644B207265736973746F7267
:1091A0002069732073656C65637465642E0A0044DE
:1091B000696F64652028302C312C322920262052FA
:1091C00065736973746F722028322C342C3829200F
:1091D0005B645B2B725D5D3A200049444520626F01
:1091E000617264207479706573206172653A0A2037
:1091F0002020256420206E6F742070726573656E68
:10920000740A20202025642020506172616C6C65F6
:109210006C20506F72740A20202025642020447531
:10922000616C204944450A2020202564202044699F
:10923000736B494F2076320A202020256420204479
:1092400075616C2053440A00426F617264202325CB
:10925000642074797065205B25645D3A200042616A
:10926000736520706F72742061646472657373201B
:109270002868657829205B253032785D3A20000A1D
:109280005374617274206F662053657475702E0A72
:1092900000546865204D462F504943205541525493
:1092A0002069732025730A00496E005468652063A5
:1092B0006F6E74656E7473206F66204E5652414D0A
:1092C0002061726520257376616C69642E0A0073D3
:1092D000746F707065640072756E6E696E670054AD
:1092E000686520636C6F636B2069732025732E0A99
:1092F0000A004E6F6E2D766F6C6174696C65205339
:10930000657475702052414D2068617320626565F7
:109310006E20757064617465642E0A00556E6B6E04
:109320006F776E00383235300031363435300031E9
:10933000363535300031363535304100313635354A
:1093400030430031363735300053756E004D6F6E47
:10935000005475650057656400546875004672696D
:1093600000536174003F3F3F0000000000122436AC
:10937000485A6C7E9082B4A6D8CAFCEE32201604FD
:109380007A685E4CA2B08694EAF8CEDC64764052ED
:109390002C3E081AF4E6D0C2BCAE988A56447260DD
:1093A0001E0C3A28C6D4E2F08E9CAAB8C8DAECFEAD
:1093B0008092A4B6584A7C6E10023426FAE8DECCBD
:1093C000B2A096846A784E5C22300614ACBE889AAD
:1093D000E4F6C0D23C2E180A746650429E8CBAA89D
:1093E000D6C4F2E00E1C2A38465462708290A6B4AD
:1093F000CAD8EEFC120036245A487E6CB0A294867D
:10940000F8EADCCE20320416687A4C5EE6F4C2D06C
:10941000AEBC8A98766452403E2C1A08D4C6F0E25C
:109420009C8EB8AA445660720C1E283A4A586E7C2C
:1094300002102634DAC8FEEC9280B6A4786A5C4E3C
:1094400030221406E8FACCDEA0B284962E3C0A182C
:1094500066744250BEAC9A88F6E4D2C01C0E382A1C
:10946000544670628C9EA8BAC4D6E0F20C00202349
:1094700001440100000000000000000000000000A6
:10948000000000000000000000000000FFF8931C36
:0F949100F89324FFF89329FFF8932FFFF89335F2
:0F94A100F8933CFFF89343FFF8757CFFF8758054
:0F94B100F8758EFFF87596FFF87592FFF8759AAB
:0F94C100F865BCFFF8649CFFF864EAFFF865806B
:1094D0000000000000000000FFF867A0FFF8682E01
:0F94E100F8688EFFF8690CFFF868CE00000000F5
:0F94F100F86A3CFFF86ACAFFF86AFCFFF86B7A6A
:0F950100F86B3C00000000FFF89349FFF8934D12
:0F951100F89351FFF89355FFF89359FFF8935DC6
:0F952100F89361FFF893650000012C00000258D9
:10953000000004B0000007080000096000000E10E1
:10954000000012C000001C200000258000003840F0
:1095500000004B0000007080000096000000E10059
:109560000001C2001F1E1F1E1F1F1E1F1E1F1F1CCB
:1095700000000001000000040000002000000020A6
:1095800000000002222A2B2C3A3B3C3D3E3F5B5D13
:109590007C7F004500000000FFF89341FFF88472D3
:0F95A100F89593FFF8865B43554541414141439F
:1095B00045454549494941414592924F4F4F55557F
:1095C000594F554F9C4F9E9F41494F55A5A5A6A762
:1095D000A8A9AAABACADAEAFB0B1B2B3B4414141F2
:1095E000B8B9BABBBCBDBEBFC0C1C2C3C4C541418E
:1095F000C8C9CACBCCCDCECFD1D1454545494949C3
:1096000049D9DADBDCDD49DF4FE14F4F4F4FE6E868
:10961000E85555555959EEEFF0F1F2F3F4F5F6F738
:10962000F8F9FAFBFCFDFEFF202020002025303257
:10963000780020202573000A2530386C782000DF60
:10964000022502092AFF50F60F08275002DF0225E3
:10965000020F1BFF54F60F084F0000DF022502091E
:0F9660002AFF50F60F084F5002AF022502121BCF
:109670006CF60F084F0000AF0225030835FF74F6A3
:109680000F084F0000000009030209090201090246
:1096900000090600030000010001010101000101B1
:1096A00000010100010000000000000001000000B6
:1096B00000000000010000000100000000000000A8
:1096C0000000000000000000000100000001000098
:1096D0000000000000000001000001010101010183
:1096E000000101000100202020202020202020282F
:1096F000282828282020202020202020202020204A
:109700002020202020208810101010101010101081
:1097100010101010101004040404040404040404C1
:109720001010101010101041414141414101010140
:109730000101010101010101010101010101010119
:109740000110101010101042424242424202020226
:1097500002020202020202020202020202020202E9
:109760000210101010200000000000000000000097
:1097700000000000000000000000000000000000E9
:1097800000000000000000000000000000000000D9
:1097900000000000000000000000000000000000C9
:1097A00000000000000000000000000000000000B9
:1097B00000000000000000000000000000000000A9
:1097C0000000000000000000000000000000000099
:1097D0000000000000000000000000000000000089
:1097E000000000000000004743433A2028474E5540
:1097F0002920342E312E3100004743433A20284798
:109800004E552920342E312E3100004743433A2053
:1098100028474E552920342E312E3100004743432E
:109820003A2028474E552920342E312E310000474A
:1098300043433A2028474E552920342E312E3100FB
:10984000004743433A2028474E552920342E312ED5
:109850003100004743433A2028474E552920342EF3
:10986000312E3100004743433A2028474E552920E6
:10987000342E312E3100004743433A2028474E55BD
:109880002920342E312E3100004743433A20284707
:109890004E552920342E312E3100004743433A20C3
:1098A00028474E552920342E312E3100004743439E
:1098B0003A2028474E552920342E312E31000047BA
:1098C00043433A2028474E552920342E312E31006B
:1098D000004743433A2028474E552920342E312E45
:1098E0003100004743433A2028474E552920342E63
:1098F000312E3100004743433A2028474E55292056
:10990000342E312E3100004743433A2028474E552C
:109910002920342E312E3100004743433A20284776
:109920004E552920342E312E3100004743433A2032
:1099300028474E552920342E312E3100004743430D
:109940003A2028474E552920342E312E3100004729
:1099500043433A2028474E552920342E312E3100DA
:10996000004743433A2028474E552920342E312EB4
:109970003100004743433A2028474E552920342ED2
:10998000312E3100004743433A2028474E552920C5
:10999000342E312E3100004743433A2028474E559C
:1099A0002920342E312E3100004743433A202847E6
:1099B0004E552920342E312E3100002E73687374D9
:1099C00072746162002E74657874002E6461746133
:1099D000002E726F64617461002E627373002E63D7
:1099E0006F6D6D656E7400000000000000000000E7
:1099F0000000000000000000000000000000000067
:109A00000000000000000000000000000000000056
:109A10000000000B0000000100000006FFF800003D
:109A20000000200000007D06000000000000000093
:109A30000000000400000000000000110000000110
:109A4000000000030000010000000100000000040D
:109A50000000000000000000000000040000000002
:109A6000000000170000000100000002FFF87D0860
:109A700000009D0800001ADE000000000000000049
:109A800000000004000000000000001F00000008AB
:109A900000000003000001100000010400000AA8FB
:109AA00000000000000000000000001000000000A6
:109AB0000000002400000001000000000000000081
:109AC0000000B7E6000001D4000000000000000024
:109AD0000000000100000000000000010000000381
:109AE00000000000000000000000B9BA0000002DD6
:109AF0000000000000000000000000010000000065
:00000001FF
