00000000  7f 45 4c 46 01 02 01 00  00 00 00 00 00 00 00 00  |.ELF............|
00000010  00 02 00 04 00 00 00 01  00 0f 00 00 00 00 00 34  |...............4|
00000020  00 00 7d 28 01 00 00 00  00 34 00 20 00 02 00 28  |..}(.....4. ...(|
00000030  00 07 00 06 00 00 00 01  00 00 20 00 00 0f 00 00  |.......... .....|
00000040  00 0f 00 00 00 00 5a 33  00 00 5a 33 00 00 00 05  |......Z3..Z3....|
00000050  00 00 20 00 00 00 00 01  00 00 7a 34 00 0f 7a 34  |.. .......z4..z4|
00000060  00 0f 7a 34 00 00 02 00  00 00 2a 40 00 00 00 06  |..z4......*@....|
00000070  00 00 20 00 00 00 00 00  00 00 00 00 00 00 00 00  |.. .............|
00000080  00 00 00 00 00 00 00 00  00 00 00 00 00 00 00 00  |................|
*
00002000  4e fa 00 ae 4e fa 00 a4  0d 0a 0a 20 20 20 20 43  |N...N......    C|
00002010  50 2f 4d 2d 36 38 4b 20  28 74 6d 29 2c 20 56 65  |P/M-68K (tm), Ve|
00002020  72 73 69 6f 6e 20 31 2e  32 2c 20 43 6f 70 79 72  |rsion 1.2, Copyr|
00002030  69 67 68 74 20 28 63 29  20 31 39 38 32 2c 31 39  |ight (c) 1982,19|
00002040  38 34 2c 20 44 69 67 69  74 61 6c 20 52 65 73 65  |84, Digital Rese|
00002050  61 72 63 68 0d 0a 20 20  20 20 20 20 43 72 65 61  |arch..      Crea|
00002060  74 65 64 20 66 6f 72 20  74 68 65 20 52 65 74 72  |ted for the Retr|
00002070  6f 42 72 65 77 20 4d 69  6e 69 2d 4d 36 38 6b 20  |oBrew Mini-M68k |
00002080  62 6f 61 72 64 20 6f 6e  20 46 72 69 20 41 70 72  |board on Fri Apr|
00002090  20 31 35 20 30 37 3a 30  36 3a 33 34 20 50 44 54  | 15 07:06:34 PDT|
000020a0  20 32 30 31 36 0d 0a 0a  00 00 42 39 00 0f 7c 34  | 2016.....B9..|4|
000020b0  4f f9 00 0f 87 18 42 39  00 0f 7c 34 4e b9 00 0f  |O.....B9..|4N...|
000020c0  41 4c 33 c0 00 0f 7c b8  42 39 00 0f 87 1e 42 39  |AL3...|.B9....B9|
000020d0  00 0f 7c ba 42 39 00 0f  7c bc 13 fc 00 01 00 0f  |..|.B9..|.......|
000020e0  88 23 42 79 00 0f 7d 38  42 79 00 0f 7d 3a 4e b9  |.#By..}8By..}:N.|
000020f0  00 0f 40 f8 4e b9 00 0f  22 28 30 3c 00 20 42 81  |..@.N..."(0<. B.|
00002100  12 39 00 0f 7c b8 4e 42  42 80 30 3c 00 0e 42 81  |.9..|.NBB.0<..B.|
00002110  32 39 00 0f 7c b8 02 41  00 ff 4e 42 4f f9 00 0f  |29..|..A..NBO...|
00002120  87 18 4e b9 00 0f 1c 0c  60 00 ff f2 22 3c 00 0f  |..N.....`..."<..|
00002130  7d 3a 30 3c 00 3f 4e 42  23 f9 00 0f 7d 3c 00 0f  |}:0<.?NB#...}<..|
00002140  7d 28 23 f9 00 0f 7d 40  00 0f 7d 2c 23 fc 00 0f  |}(#...}@..},#...|
00002150  88 29 00 0f 7d 24 70 3b  22 3c 00 0f 7d 24 4e 42  |.)..}$p;"<..}$NB|
00002160  4a 40 66 00 00 9e 32 39  00 0f 88 c6 70 20 4e 42  |J@f...29....p NB|
00002170  42 81 22 39 00 0f 7d 30  06 41 00 80 22 41 30 3c  |B."9..}0.A.."A0<|
00002180  00 1a 4e 42 24 49 52 89  20 79 00 0f 88 d0 42 80  |..NB$IR. y....B.|
00002190  0c 10 00 00 67 00 00 12  0c 10 00 21 67 00 00 0a  |....g......!g...|
000021a0  12 d8 52 40 60 00 ff ea  14 80 12 bc 00 00 2f 3c  |..R@`........./<|
000021b0  00 0f 88 29 3f 3c 00 01  4e b9 00 0f 06 1c 5c 8f  |...)?<..N.....\.|
000021c0  42 80 70 5c 61 00 00 42  2f 3c 00 0f 88 29 3f 3c  |B.p\a..B/<...)?<|
000021d0  00 02 4e b9 00 0f 06 1c  5c 8f 42 80 70 38 61 00  |..N.....\.B.p8a.|
000021e0  00 28 20 79 00 0f 7d 34  22 79 00 0f 7d 30 21 09  |.( y..}4"y..}0!.|
000021f0  21 3c 00 0f 02 04 4e 60  20 69 00 08 4e f9 00 0f  |!<....N` i..N...|
00002200  40 a0 4e 75 70 00 4e 42  d0 b9 00 0f 7d 30 20 40  |@.Nup.NB....}0 @|
00002210  22 7c 00 0f 88 29 42 80  70 23 10 d9 51 c8 ff fc  |"|...)B.p#..Q...|
00002220  4e 75 4e 75 4e 56 00 00  22 6e 00 08 20 6e 00 0c  |NuNuNV.."n.. n..|
00002230  10 19 10 c0 66 fa 4e 5e  4e 75 4e 56 00 00 22 6e  |....f.N^NuNV.."n|
00002240  00 08 20 6e 00 0c 60 0c  12 10 b2 00 6d 12 6e 14  |.. n..`.....m.n.|
00002250  52 89 52 88 10 11 66 f0  4a 10 66 08 70 00 60 08  |R.R...f.J.f.p.`.|
00002260  70 01 60 04 70 00 46 40  4e 5e 4e 75 4e 56 00 00  |p.`.p.F@N^NuNV..|
00002270  2f 0b 2f 0a 26 6e 00 08  41 f9 00 0f 89 84 45 f9  |/./.&n..A.....E.|
00002280  00 0f 88 4d 4a 39 00 0f  88 d4 66 08 60 20 10 80  |...MJ9....f.` ..|
00002290  20 49 52 8a 10 12 43 e8  00 01 66 f2 10 bc 00 20  | IR...C...f.... |
000022a0  20 49 42 39 00 0f 88 d4  60 04 10 c0 52 8b 10 13  | IB9....`...R...|
000022b0  67 06 0c 00 00 21 66 f2  42 10 24 5f 26 5f 4e 5e  |g....!f.B.$_&_N^|
000022c0  4e 75 4e 56 00 00 20 6e  00 08 60 02 52 88 10 10  |NuNV.. n..`.R...|
000022d0  67 22 0c 00 00 21 66 f4  60 4c 13 fc 00 01 00 0f  |g"...!f.`L......|
000022e0  7c bc 60 02 52 88 0c 10  00 20 67 f8 23 c8 00 0f  ||.`.R.... g.#...|
000022f0  8a 08 60 3a 4a 39 00 0f  7c ba 67 22 4a 39 00 0f  |..`:J9..|.g"J9..|
00002300  88 fc 67 10 42 39 00 0f  7c ba 20 79 00 0f 8a 08  |..g.B9..|. y....|
00002310  4a 10 67 1a 13 fc 00 01  00 0f 7c bc 60 10 42 39  |J.g.......|.`.B9|
00002320  00 0f 7c bc 60 08 52 88  4a 10 67 c8 60 ac 4e 5e  |..|.`.R.J.g.`.N^|
00002330  4e 75 4e 56 00 00 20 6e  00 08 60 02 52 88 10 10  |NuNV.. n..`.R...|
00002340  0c 00 00 21 67 08 4a 00  66 f2 60 02 52 88 12 10  |...!g.J.f.`.R...|
00002350  10 01 06 00 ff e0 0c 00  00 01 63 f0 0c 01 00 09  |..........c.....|
00002360  67 ea 20 08 4e 5e 4e 75  4e 56 00 00 48 e7 3c 00  |g. .N^NuNV..H.<.|
00002370  22 6e 00 08 41 f9 00 0f  88 4d 42 18 b1 fc 00 0f  |"n..A....MB.....|
00002380  88 c5 66 f6 7a 00 60 72  0c 44 00 1c 62 1c 74 00  |..f.z.`r.D..b.t.|
00002390  34 04 22 05 d2 85 20 05  eb 88 90 81 20 40 d1 fc  |4."... ..... @..|
000023a0  00 0f 88 4d 11 83 28 00  52 44 52 89 16 11 10 03  |...M..(.RDR.....|
000023b0  06 00 ff e0 0c 00 00 01  63 0a 0c 03 00 09 67 04  |........c.....g.|
000023c0  4a 03 66 c4 74 00 34 04  22 05 d2 85 20 05 eb 88  |J.f.t.4."... ...|
000023d0  90 81 20 40 d1 fc 00 0f  88 4d 42 30 28 00 10 11  |.. @.....MB0(...|
000023e0  0c 00 00 20 67 06 0c 00  00 09 66 02 52 89 4a 45  |... g.....f.R.JE|
000023f0  66 06 23 c9 00 0f 88 d0  52 85 10 11 67 10 0c 00  |f.#.....R...g...|
00002400  00 21 67 0a 70 04 b0 85  67 04 42 44 60 9e 4c df  |.!g.p...g.BD`.L.|
00002410  00 3c 4e 5e 4e 75 4e 56  00 00 20 6e 00 08 10 10  |.<N^NuNV.. n....|
00002420  0c 00 00 20 6f 18 41 f9  00 0f 7a 74 b0 10 67 0e  |... o.A...zt..g.|
00002430  52 88 b1 fc 00 0f 7a 84  66 f2 70 00 60 02 70 01  |R.....z.f.p.`.p.|
00002440  4e 5e 4e 75 4e 56 00 00  2f 0a 24 6e 00 08 0c 12  |N^NuNV../.$n....|
00002450  00 2a 66 06 30 7c 00 3f  60 1c 2f 0a 61 b8 58 8f  |.*f.0|.?`./.a.X.|
00002460  4a 40 67 06 30 7c 00 20  60 0c 52 79 00 0f 88 fa  |J@g.0|. `.Ry....|
00002470  10 12 48 80 30 40 20 08  24 6e ff fc 4e 5e 4e 75  |..H.0@ .$n..N^Nu|
00002480  4e 56 00 00 93 c9 70 00  30 09 41 f9 00 0f 88 4d  |NV....p.0.A....M|
00002490  12 30 08 1e 67 08 52 89  0c 01 00 3a 66 e8 4e 5e  |.0..g.R....:f.N^|
000024a0  4e 75 4e 56 00 00 48 79  00 0f 88 d5 48 78 00 14  |NuNV..Hy....Hx..|
000024b0  4e b9 00 0f 50 70 50 8f  4a 40 66 04 70 01 60 0a  |N...PpP.J@f.p.`.|
000024c0  13 fc 00 01 00 0f 88 fc  70 00 4e 5e 4e 75 4e 56  |........p.N^NuNV|
000024d0  00 00 48 e7 3c 20 24 6e  00 10 34 2e 00 0a 3a 2e  |..H.< $n..4...:.|
000024e0  00 0e 36 39 00 0f 88 26  0c 42 00 7f 63 0e 61 b2  |..69...&.B..c.a.|
000024f0  4a 40 66 06 70 00 60 00  01 1a 42 42 78 00 38 02  |J@f.p.`...BBx.8.|
00002500  41 f9 00 0f 89 04 12 30  48 00 10 01 06 00 ff d0  |A......0H.......|
00002510  0c 00 00 09 62 00 00 ac  10 01 48 80 32 40 43 e9  |....b.....H.2@C.|
00002520  ff d0 0c 12 00 53 66 34  41 ea 00 01 0c 10 00 55  |.....Sf4A......U|
00002530  66 2a 52 88 0c 10 00 42  66 22 52 88 0c 10 00 4d  |f*R....Bf"R....M|
00002540  66 1a 52 88 0c 10 00 49  66 12 52 88 0c 10 00 54  |f.R....If.R....T|
00002550  66 0a 0c 28 00 20 00 01  66 02 52 49 72 01 60 14  |f..(. ..f.RIr.`.|
00002560  52 8a 10 12 0c 00 00 20  67 06 4a 00 66 f2 60 02  |R...... g.J.f.`.|
00002570  52 8a 52 41 b2 49 63 ea  60 34 43 ea 00 01 0c 45  |R.RA.Ic.`4C....E|
00002580  00 01 66 14 70 00 30 03  41 f9 00 0f 87 a2 11 81  |..f.p.0.A.......|
00002590  08 00 52 43 24 49 60 16  24 49 10 01 48 80 30 40  |..RC$I`.$I..H.0@|
000025a0  2f 08 48 78 00 02 4e b9  00 0f 50 70 50 8f 12 12  |/.Hx..N...PpP...|
000025b0  0c 01 00 20 67 44 4a 01  67 40 0c 43 00 7f 63 ba  |... gDJ.g@.C..c.|
000025c0  60 38 0c 45 00 01 66 14  70 00 30 03 41 f9 00 0f  |`8.E..f.p.0.A...|
000025d0  87 a2 11 bc 00 24 08 00  52 43 60 10 48 78 00 24  |.....$..RC`.Hx.$|
000025e0  48 78 00 02 4e b9 00 0f  50 70 50 8f 41 f9 00 0f  |Hx..N...PpP.A...|
000025f0  89 04 0c 30 00 24 48 00  66 02 52 42 33 c3 00 0f  |...0.$H.f.RB3...|
00002600  88 26 0c 42 00 7f 63 06  61 00 fe 98 42 42 70 00  |.&.B..c.a...BBp.|
00002610  30 02 4c ee 04 3c ff ec  4e 5e 4e 75 4e 56 00 00  |0.L..<..N^NuNV..|
00002620  48 e7 38 38 28 6e 00 0c  38 2e 00 0a 42 14 41 ec  |H.88(n..8...B.A.|
00002630  00 0c 70 0c 42 18 52 40  0c 40 00 24 66 f6 41 ec  |..p.B.R@.@.$f.A.|
00002640  00 01 10 3c 00 01 10 fc  00 20 52 40 0c 40 00 0c  |...<..... R@.@..|
00002650  66 f4 4a 39 00 0f 88 cc  67 04 76 3f 60 02 76 20  |f.J9....g.v?`.v |
00002660  42 79 00 0f 88 fa 74 00  34 04 20 02 d0 82 22 02  |By....t.4. ...".|
00002670  eb 89 92 80 41 f9 00 0f  88 4d 10 30 18 00 66 22  |....A....M.0..f"|
00002680  43 ec 00 01 12 c3 41 ec  00 0c b1 c9 66 f6 42 a7  |C.....A.....f.B.|
00002690  48 78 00 19 4e b9 00 0f  50 70 52 00 18 80 50 8f  |Hx..N...PpR...P.|
000026a0  60 3e 20 41 d1 fc 00 0f  88 4d 0c 28 00 3a 00 01  |`> A.....M.(.:..|
000026b0  66 3c 06 00 ff c0 18 80  30 39 00 0f 88 fa 54 40  |f<......09....T@|
000026c0  33 c0 00 0f 88 fa 02 80  00 00 ff ff 4a 30 08 00  |3...........J0..|
000026d0  66 2e 43 ec 00 01 12 c3  41 ec 00 0c b1 c9 66 f6  |f.C.....A.....f.|
000026e0  4a 39 00 0f 88 cc 66 00  00 da 60 00 00 da 42 a7  |J9....f...`...B.|
000026f0  48 78 00 19 4e b9 00 0f  50 70 52 00 18 80 50 8f  |Hx..N...PpR...P.|
00002700  47 ec 00 01 c8 fc 00 1e  24 4b 70 00 30 39 00 0f  |G.......$Kp.09..|
00002710  88 fa d0 84 06 80 00 0f  88 4d 2f 00 61 00 fd 26  |.........M/.a..&|
00002720  14 c0 41 ec 00 09 58 8f  b1 ca 66 de 45 eb 00 08  |..A...X...f.E...|
00002730  60 06 52 79 00 0f 88 fa  70 00 30 39 00 0f 88 fa  |`.Ry....p.09....|
00002740  d0 84 06 80 00 0f 88 4d  2f 00 61 00 fc ca 58 8f  |.......M/.a...X.|
00002750  4a 40 67 de 36 39 00 0f  88 fa 72 00 32 03 20 02  |J@g.69....r.2. .|
00002760  d0 82 eb 8a 94 80 20 42  d1 fc 00 0f 88 4d 0c 30  |...... B.....M.0|
00002770  00 2e 18 00 66 2a 52 43  33 c3 00 0f 88 fa 70 00  |....f*RC3.....p.|
00002780  30 39 00 0f 88 fa d0 84  06 80 00 0f 88 4d 2f 00  |09...........M/.|
00002790  61 00 fc b2 14 c0 41 ec  00 0c 58 8f b1 ca 66 de  |a.....A...X...f.|
000027a0  41 ec 00 01 72 01 42 40  0c 10 00 3f 66 02 52 40  |A...r.B@...?f.R@|
000027b0  52 41 52 88 0c 41 00 0c  66 ee 02 80 00 00 ff ff  |RAR..A..f.......|
000027c0  60 06 70 0b 60 02 70 00  4c ee 1c 1c ff e8 4e 5e  |`.p.`.p.L.....N^|
000027d0  4e 75 4e 56 00 00 48 e7  3f 38 3a 2e 00 0a 42 39  |NuNV..H.?8:...B9|
000027e0  00 0f 88 cc 13 fc 00 01  00 0f 87 1e 48 78 00 ff  |............Hx..|
000027f0  48 78 00 20 45 f9 00 0f  50 70 4e 92 33 c0 00 0f  |Hx. E...PpN.3...|
00002800  88 c6 42 a7 48 78 00 19  4e 92 33 c0 00 0f 87 1c  |..B.Hx..N.3.....|
00002810  4f ef 00 10 0c 45 00 0a  57 c3 44 03 48 79 00 0f  |O....E..W.D.Hy..|
00002820  88 29 70 00 10 03 0a 40  00 01 2f 00 61 00 fd ee  |.)p....@../.a...|
00002830  50 8f 4a 40 67 10 48 79  00 0f 56 aa 48 78 00 09  |P.J@g.Hy..V.Hx..|
00002840  4e 92 60 00 01 8c 49 f9  00 0f 7d 90 26 79 00 0f  |N.`...I...}.&y..|
00002850  7d 90 0c 39 00 20 00 0f  88 32 67 08 26 4c 42 06  |}..9. ...2g.&LB.|
00002860  60 00 01 ee 43 f9 00 0f  7d 99 60 0a 42 11 42 29  |`...C...}.`.B.B)|
00002870  ff ff 43 e9 00 0c 20 69  ff f7 4a 10 66 ee 10 39  |..C... i..J.f..9|
00002880  00 0f 88 29 48 80 30 40  48 68 ff ff 48 78 00 0e  |...)H.0@Hh..Hx..|
00002890  45 f9 00 0f 50 70 4e 92  13 fc 00 3f 00 0f 88 29  |E...PpN....?...)|
000028a0  42 39 00 0f 88 35 48 79  00 0f 88 29 48 78 00 11  |B9...5Hy...)Hx..|
000028b0  4e 92 42 07 42 06 4f ef  00 10 60 00 00 ca 38 00  |N.B.B.O...`...8.|
000028c0  eb 4c 74 00 34 04 43 f9  00 0f 87 1f 10 31 28 00  |.Lt.4.C......1(.|
000028d0  67 12 48 80 30 40 70 00  30 39 00 0f 88 c6 b0 88  |g.H.0@p.09......|
000028e0  66 00 00 98 02 31 00 7f  28 09 02 31 00 7f 28 0a  |f....1..(..1..(.|
000028f0  02 31 00 7f 28 0b 42 31  28 0c 45 f9 00 0f 7d 98  |.1..(.B1(.E...}.|
00002900  60 70 48 79 00 0f 88 32  2f 08 61 00 f9 18 70 00  |`pHy...2/.a...p.|
00002910  30 04 06 80 00 0f 87 20  2f 00 48 79 00 0f 88 2a  |0...... /.Hy...*|
00002920  61 00 f9 18 4f ef 00 10  4a 40 66 42 41 f9 00 0f  |a...O...J@fBA...|
00002930  87 1f 10 30 28 00 48 80  30 40 70 00 30 39 00 0f  |...0(.H.0@p.09..|
00002940  88 c6 b0 88 66 06 14 bc  00 01 60 06 15 7c 00 01  |....f.....`..|..|
00002950  00 01 4a 03 67 16 2f 0b  2f 2a ff f8 61 00 f8 dc  |..J.g././*..a...|
00002960  50 8f 4a 40 66 06 4a 12  67 02 7e 01 7c 01 45 ea  |P.J@f.J.g.~.|.E.|
00002970  00 0c 20 6a ff f8 4a 10  66 88 48 78 00 12 4e b9  |.. j..J.f.Hx..N.|
00002980  00 0f 50 70 58 8f 0c 40  00 ff 67 06 4a 07 67 00  |..PpX..@..g.J.g.|
00002990  ff 2e 4a 06 66 42 0c 45  00 07 66 12 48 79 00 0f  |..J.fB.E..f.Hy..|
000029a0  56 ff 48 78 00 09 4e b9  00 0f 50 70 50 8f 13 fc  |V.Hx..N...PpP...|
000029b0  00 01 00 0f 88 cc 42 39  00 0f 87 1e 70 00 30 39  |......B9....p.09|
000029c0  00 0f 87 1c 2f 00 48 78  00 0e 4e b9 00 0f 50 70  |..../.Hx..N...Pp|
000029d0  70 00 50 8f 60 00 02 8c  41 fa fc 42 4a 03 67 0a  |p.P.`...A..BJ.g.|
000029e0  48 79 00 0f 88 29 42 a7  60 0a 48 79 00 0f 88 29  |Hy...)B.`.Hy...)|
000029f0  48 78 00 01 4e 90 50 8f  47 f9 00 0f 7d 90 60 20  |Hx..N.P.G...}.` |
00002a00  4a 6b 00 08 67 16 4a 03  66 24 48 79 00 0f 56 16  |Jk..g.J.f$Hy..V.|
00002a10  2f 08 61 00 f8 26 50 8f  4a 40 67 0c 47 eb 00 0c  |/.a..&P.J@g.G...|
00002a20  20 53 4a 10 66 da 60 28  20 53 4a 10 67 22 4a 2b  | SJ.f.`( SJ.g"J+|
00002a30  00 08 66 0e 42 a7 48 78  00 20 4e b9 00 0f 50 70  |..f.B.Hx. N...Pp|
00002a40  50 8f 48 79 00 0f 88 32  2f 13 61 00 f7 d8 50 8f  |P.Hy...2/.a...P.|
00002a50  70 00 30 39 00 0f 87 1c  2f 00 48 78 00 0e 4e b9  |p.09..../.Hx..N.|
00002a60  00 0f 50 70 58 4f 2e bc  00 0f 88 29 48 78 00 0f  |..PpXO.....)Hx..|
00002a70  45 f9 00 0f 50 70 4e 92  50 8f 0c 40 00 03 62 00  |E...PpN.P..@..b.|
00002a80  00 ac 02 39 00 7f 00 0f  88 32 02 39 00 7f 00 0f  |...9.....2.9....|
00002a90  88 33 10 39 00 0f 88 34  02 00 00 7f 13 c0 00 0f  |.3.9...4........|
00002aa0  88 34 0c 39 00 53 00 0f  88 32 66 74 0c 39 00 55  |.4.9.S...2ft.9.U|
00002ab0  00 0f 88 33 66 6a 0c 00  00 42 66 64 48 78 00 ff  |...3fj...BfdHx..|
00002ac0  48 78 00 20 4e 92 33 c0  00 0f 88 24 50 8f 4a 39  |Hx. N.3....$P.J9|
00002ad0  00 0f 7c ba 67 0a 13 fc  00 01 00 0f 88 28 60 08  |..|.g........(`.|
00002ae0  13 fc 00 01 00 0f 88 f9  70 00 43 f9 00 0f 88 29  |........p.C....)|
00002af0  41 f9 00 0f 88 d5 11 b1  08 00 08 00 52 80 72 24  |A...........R.r$|
00002b00  b2 80 66 e6 4a 03 67 06  42 39 00 0f 88 d4 13 fc  |..f.J.g.B9......|
00002b10  00 01 00 0f 7c ba 42 39  00 0f 88 fc 60 00 01 12  |....|.B9....`...|
00002b20  0c 45 00 07 66 00 00 c8  60 00 00 b0 48 78 00 ff  |.E..f...`...Hx..|
00002b30  48 78 00 20 4e 92 50 8f  4a 40 67 0c 42 a7 48 78  |Hx. N.P.J@g.B.Hx|
00002b40  00 20 4e 92 60 00 ff 1e  0c 45 00 07 66 00 00 b6  |. N.`....E..f...|
00002b50  60 00 00 88 48 79 00 0f  88 32 2f 08 61 00 f6 dc  |`...Hy...2/.a...|
00002b60  50 8f 4a 40 67 0e 49 ec  00 0c 20 54 4a 10 66 e4  |P.J@g.I... TJ.f.|
00002b70  60 0e 28 4b 20 54 4a 10  67 06 20 6c 00 04 60 06  |`.(K TJ.g. l..`.|
00002b80  41 f9 00 0f 01 2c 2f 39  00 0f 89 00 4e 90 58 8f  |A....,/9....N.X.|
00002b90  0c 40 00 02 67 1a 0c 40  00 03 67 1c 41 f9 00 0f  |.@..g..@..g.A...|
00002ba0  50 70 0c 40 00 01 66 22  48 79 00 0f 57 42 60 20  |Pp.@..f"Hy..WB` |
00002bb0  48 79 00 0f 57 6a 60 06  48 79 00 0f 57 86 48 78  |Hy..Wj`.Hy..W.Hx|
00002bc0  00 09 4e b9 00 0f 50 70  60 0c 48 79 00 0f 57 a7  |..N...Pp`.Hy..W.|
00002bd0  48 78 00 09 4e 90 50 8f  60 56 48 79 00 0f 56 ff  |Hx..N.P.`VHy..V.|
00002be0  48 78 00 09 4e b9 00 0f  50 70 50 8f 60 16 2f 39  |Hx..N...PpP.`./9|
00002bf0  00 0f 89 00 61 00 f6 cc  58 8f 4a 06 67 00 ff 6c  |....a...X.J.g..l|
00002c00  60 00 ff 70 70 00 30 39  00 0f 88 c6 2f 00 48 78  |`..pp.09..../.Hx|
00002c10  00 20 4e b9 00 0f 50 70  13 fc 00 01 00 0f 88 cc  |. N...Pp........|
00002c20  42 39 00 0f 87 1e 42 39  00 0f 7c bc 70 00 60 2a  |B9....B9..|.p.`*|
00002c30  70 00 30 39 00 0f 88 c6  2f 00 48 78 00 20 4e b9  |p.09..../.Hx. N.|
00002c40  00 0f 50 70 13 fc 00 01  00 0f 88 cc 42 39 00 0f  |..Pp........B9..|
00002c50  87 1e 42 39 00 0f 7c bc  70 01 50 8f 02 80 00 00  |..B9..|.p.P.....|
00002c60  ff ff 4c ee 1c fc ff dc  4e 5e 4e 75 4e 56 00 00  |..L.....N^NuNV..|
00002c70  48 e7 30 20 26 2e 00 08  74 00 45 f9 00 0f 7a 34  |H.0 &...t.E...z4|
00002c80  2f 12 2f 03 61 00 f5 b4  50 8f 4a 40 67 00 00 d8  |/./.a...P.J@g...|
00002c90  52 82 50 8a 70 07 b0 82  66 e6 42 00 60 0a 52 42  |R.P.p...f.B.`.RB|
00002ca0  52 80 72 1d b2 80 67 10  34 00 41 f9 00 0f 88 4d  |R.r...g.4.A....M|
00002cb0  0c 30 00 3a 08 00 66 e6  0c 42 00 01 66 3a 4a 39  |.0.:..f..B..f:J9|
00002cc0  00 0f 88 4f 66 20 4a 39  00 0f 88 6b 66 18 10 39  |...Of J9...kf..9|
00002cd0  00 0f 88 4d 06 00 ff bf  0c 00 00 0f 62 00 00 82  |...M........b...|
00002ce0  70 05 60 00 00 94 10 39  00 0f 88 4d 06 00 ff bf  |p.`....9...M....|
00002cf0  0c 00 00 0f 63 14 60 68  70 00 30 02 41 f9 00 0f  |....c.`hp.0.A...|
00002d00  88 4d 0c 30 00 3a 08 00  67 56 48 79 00 0f 88 29  |.M.0.:..gVHy...)|
00002d10  42 a7 61 00 f9 08 50 8f  4a 40 66 44 0c 42 00 01  |B.a...P.J@fD.B..|
00002d20  66 06 10 3c 00 02 60 02  42 40 02 80 00 00 ff ff  |f..<..`.B@......|
00002d30  06 80 00 0f 88 4d 2f 00  61 00 f6 dc 58 8f 41 f9  |.....M/.a...X.A.|
00002d40  00 0f 88 4d 4a 40 67 12  60 16 0c 00 00 1f 6f 10  |...MJ@g.`.....o.|
00002d50  52 88 b1 fc 00 0f 88 6a  67 1c 10 10 66 ec 60 16  |R......jg...f.`.|
00002d60  70 00 46 40 60 12 e7 8a  41 f9 00 0f 7a 38 70 00  |p.F@`...A...z8p.|
00002d70  30 30 28 00 60 02 70 08  4c ee 04 0c ff f4 4e 5e  |00(.`.p.L.....N^|
00002d80  4e 75 4e 56 00 00 2f 0a  48 78 00 0d 48 78 00 02  |NuNV../.Hx..Hx..|
00002d90  45 f9 00 0f 50 70 4e 92  48 78 00 0a 48 78 00 02  |E...PpN.Hx..Hx..|
00002da0  4e 92 4f ef 00 10 24 6e  ff fc 4e 5e 4e 75 4e 56  |N.O...$n..N^NuNV|
00002db0  00 00 2f 0a 2f 02 24 6e  00 08 20 6e 00 0c d1 ca  |.././.$n.. n....|
00002dc0  24 08 53 82 13 fc ff 80  00 0f 87 1f 48 79 00 0f  |$.S.........Hy..|
00002dd0  87 1f 48 78 00 0a 4e b9  00 0f 50 70 50 8f 4a 39  |..Hx..N...PpP.J9|
00002de0  00 0f 87 20 67 0c 0c 39  00 3b 00 0f 87 21 67 02  |... g..9.;...!g.|
00002df0  61 90 70 00 10 39 00 0f  87 20 41 f9 00 0f 87 1f  |a.p..9... A.....|
00002e00  11 bc 00 0a 08 02 0c 39  00 3b 00 0f 87 21 66 08  |.......9.;...!f.|
00002e10  13 fc 00 0a 00 0f 87 21  41 f9 00 0f 87 21 60 02  |.......!A....!`.|
00002e20  52 88 10 10 0c 00 00 20  67 f6 0c 00 00 09 67 f0  |R...... g.....g.|
00002e30  60 36 10 01 06 00 ff 9f  0c 00 00 19 62 04 06 01  |`6..........b...|
00002e40  ff e0 14 81 10 10 0c 00  00 20 67 06 0c 00 00 09  |......... g.....|
00002e50  66 12 52 88 10 10 0c 00  00 20 67 f6 0c 00 00 09  |f.R...... g.....|
00002e60  67 f0 60 02 52 88 52 8a  12 10 0c 01 00 0a 67 04  |g.`.R.R.......g.|
00002e70  b4 8a 6e be 42 12 24 2e  ff f8 24 6e ff fc 4e 5e  |..n.B.$...$n..N^|
00002e80  4e 75 4e 56 ff fc 2f 0a  2f 02 48 78 00 ff 48 78  |NuNV.././.Hx..Hx|
00002e90  00 20 45 f9 00 0f 50 70  4e 92 34 00 42 a7 48 78  |. E...PpN.4.B.Hx|
00002ea0  00 19 4e 92 34 40 61 00  fe da 4f ef 00 10 4a 42  |..N.4@a...O...JB|
00002eb0  67 3a 0c 42 00 09 63 16  1d 7c 00 31 ff fd 06 02  |g:.B..c..|.1....|
00002ec0  00 26 1d 42 ff fe 1d 7c  00 24 ff ff 60 0e 06 02  |.&.B...|.$..`...|
00002ed0  00 30 1d 42 ff fd 1d 7c  00 24 ff fe 48 6e ff fd  |.0.B...|.$..Hn..|
00002ee0  48 78 00 09 4e b9 00 0f  50 70 50 8f 45 ea 00 41  |Hx..N...PpP.E..A|
00002ef0  3f 0a 42 67 48 78 00 02  45 f9 00 0f 50 70 4e 92  |?.BgHx..E...PpN.|
00002f00  48 78 00 3e 48 78 00 02  4e 92 4f ef 00 10 24 2e  |Hx.>Hx..N.O...$.|
00002f10  ff f4 24 6e ff f8 4e 5e  4e 75 4e 56 00 00 2f 03  |..$n..N^NuNV../.|
00002f20  2f 02 26 2e 00 0c 34 2e  00 0a 61 00 ff 56 60 32  |/.&...4...a..V`2|
00002f30  32 02 52 41 0c 00 00 24  66 14 2f 03 42 a7 3f 01  |2.RA...$f./.B.?.|
00002f40  42 67 61 00 f5 8a 34 00  4f ef 00 0c 60 14 34 01  |Bga...4.O...`.4.|
00002f50  48 80 30 40 2f 08 48 78  00 02 4e b9 00 0f 50 70  |H.0@/.Hx..N...Pp|
00002f60  50 8f 0c 42 00 7f 62 1c  70 00 30 02 41 f9 00 0f  |P..B..b.p.0.A...|
00002f70  89 04 10 30 08 00 0c 00  00 1a 67 4e 0c 00 00 0d  |...0......gN....|
00002f80  66 ae 60 36 0c 42 00 80  66 1e 10 39 00 0f 89 84  |f.`6.B..f..9....|
00002f90  0c 00 00 1a 67 34 0c 00  00 0d 67 26 61 00 f5 04  |....g4....g&a...|
00002fa0  4a 40 67 22 42 02 60 c0  70 00 30 02 41 f9 00 0f  |J@g"B.`.p.0.A...|
00002fb0  89 04 0c 30 00 0d 08 00  66 10 54 42 0c 42 00 7f  |...0....f.TB.B..|
00002fc0  63 10 61 00 f4 de 42 42  60 08 13 fc 00 01 00 0f  |c.a...BB`.......|
00002fd0  88 fc 70 00 30 02 24 2e  ff f8 26 2e ff fc 4e 5e  |..p.0.$...&...N^|
00002fe0  4e 75 4e 56 00 00 48 e7  38 00 28 2e 00 08 32 39  |NuNV..H.8.(...29|
00002ff0  00 0f 88 26 42 43 60 00  00 d4 0c 02 00 1a 67 00  |...&BC`.......g.|
00003000  00 a4 6e 12 0c 02 00 09  67 32 0c 02 00 0a 66 00  |..n.....g2....f.|
00003010  00 9e 60 00 00 aa 0c 02  00 24 67 64 0c 02 00 3b  |..`......$gd...;|
00003020  67 0a 0c 02 00 20 66 00  00 86 60 10 2f 04 2f 00  |g.... f...`././.|
00003030  61 00 fe e8 32 00 50 8f  60 00 00 92 4a 43 67 12  |a...2.P.`...JCg.|
00003040  70 00 30 03 41 f9 00 0f  87 a2 11 82 08 00 52 43  |p.0.A.........RC|
00003050  52 41 0c 41 00 7f 62 1c  70 00 30 01 41 f9 00 0f  |RA.A..b.p.0.A...|
00003060  89 04 10 30 08 00 0c 00  00 20 67 e4 0c 00 00 09  |...0..... g.....|
00003070  67 de 60 58 61 00 f4 2c  4a 40 67 4e 42 41 60 d8  |g.`Xa..,J@gNBA`.|
00003080  33 c3 00 0f 88 26 2f 04  48 78 00 01 52 41 3f 01  |3....&/.Hx..RA?.|
00003090  42 67 61 00 f4 3a 32 00  36 39 00 0f 88 26 4f ef  |Bga..:2.69...&O.|
000030a0  00 0c 60 28 13 fc 00 01  00 0f 88 fc 60 1e 70 00  |..`(........`.p.|
000030b0  30 03 41 f9 00 0f 87 a2  11 82 08 00 52 43 52 41  |0.A.........RCRA|
000030c0  0c 41 00 7f 63 06 61 00  f3 da 42 41 4a 39 00 0f  |.A..c.a...BAJ9..|
000030d0  88 fc 66 24 0c 43 00 7f  62 1e 70 00 30 01 41 f9  |..f$.C..b.p.0.A.|
000030e0  00 0f 89 04 14 30 08 00  0c 02 00 0d 67 28 0c 02  |.....0......g(..|
000030f0  00 21 66 00 ff 06 60 74  70 00 30 01 41 f9 00 0f  |.!f...`tp.0.A...|
00003100  89 04 10 30 08 00 0c 00  00 0d 67 0a 0c 00 00 21  |...0......g....!|
00003110  66 68 60 02 52 41 0c 41  00 7f 62 22 70 00 30 01  |fh`.RA.A..b"p.0.|
00003120  41 f9 00 0f 89 04 10 30  08 00 0c 00 00 0d 67 e4  |A......0......g.|
00003130  0c 00 00 0a 67 de 0c 00  00 21 67 d8 60 12 0c 41  |....g....!g.`..A|
00003140  00 80 66 0c 61 00 f3 5c  4a 40 67 2c 42 41 60 cc  |..f.a..\J@g,BA`.|
00003150  70 00 30 01 41 f9 00 0f  89 04 0c 30 00 1a 08 00  |p.0.A......0....|
00003160  66 18 13 fc 00 01 00 0f  88 fc 60 0e 41 f9 00 0f  |f.........`.A...|
00003170  89 04 10 30 08 00 60 94  42 41 33 c1 00 0f 88 26  |...0..`.BA3....&|
00003180  4c ee 00 1c ff f4 4e 5e  4e 75 4e 56 00 00 2f 0a  |L.....N^NuNV../.|
00003190  2f 02 41 f9 00 0f 87 a2  42 18 b1 fc 00 0f 88 23  |/.A.....B......#|
000031a0  66 f6 48 78 00 ff 48 78  00 20 45 f9 00 0f 50 70  |f.Hx..Hx. E...Pp|
000031b0  4e 92 34 00 70 00 30 39  00 0f 88 24 2f 00 48 78  |N.4.p.09...$/.Hx|
000031c0  00 20 4e 92 48 79 00 0f  89 04 48 78 00 1a 4e 92  |. N.Hy....Hx..N.|
000031d0  4f ef 00 18 4a 39 00 0f  88 f9 66 08 4a 39 00 0f  |O...J9....f.J9..|
000031e0  88 28 67 1a 41 f9 00 0f  89 04 42 18 b1 fc 00 0f  |.(g.A.....B.....|
000031f0  89 84 66 f6 61 00 f2 ac  42 79 00 0f 88 26 4a 39  |..f.a...By...&J9|
00003200  00 0f 88 fc 66 0a 2f 2e  00 08 61 00 fd d6 58 8f  |....f./...a...X.|
00003210  41 f9 00 0f 87 a2 12 10  10 01 06 00 ff 9f 0c 00  |A...............|
00003220  00 19 62 04 06 01 ff e0  10 c1 b1 fc 00 0f 88 22  |..b............"|
00003230  66 e4 48 79 00 0f 87 1f  48 78 00 1a 45 f9 00 0f  |f.Hy....Hx..E...|
00003240  50 70 4e 92 3f 02 42 67  48 78 00 20 4e 92 4f ef  |PpN.?.BgHx. N.O.|
00003250  00 10 24 2e ff f8 24 6e  ff fc 4e 5e 4e 75 4e 56  |..$...$n..N^NuNV|
00003260  00 00 2f 0a 2f 02 24 6e  00 08 34 2e 00 0e 0c 42  |.././.$n..4....B|
00003270  00 01 66 2a 4a 39 00 0f  7c 34 67 08 4a 39 00 0f  |..f*J9..|4g.J9..|
00003280  88 23 66 1a 61 00 fb fc  60 14 52 8a 48 80 30 40  |.#f.a...`.R.H.0@|
00003290  2f 08 48 78 00 02 4e b9  00 0f 50 70 50 8f 10 12  |/.Hx..N...PpP...|
000032a0  67 06 0c 00 00 21 66 e2  4a 42 66 12 48 78 00 3f  |g....!f.JBf.Hx.?|
000032b0  48 78 00 02 4e b9 00 0f  50 70 50 8f 60 04 61 00  |Hx..N...PpP.`.a.|
000032c0  fa c2 24 2e ff f8 24 6e  ff fc 4e 5e 4e 75 4e 56  |..$...$n..N^NuNV|
000032d0  ff dc 48 e7 3e 30 4a 39  00 0f 88 6b 66 58 48 79  |..H.>0J9...kfXHy|
000032e0  00 0f 56 68 48 78 00 09  47 f9 00 0f 50 70 4e 93  |..VhHx..G...PpN.|
000032f0  48 78 00 1d 48 79 00 0f  88 a7 45 fa fa b2 4e 92  |Hx..Hy....E...N.|
00003300  4f ef 00 10 4a 39 00 0f  88 a7 67 00 02 56 48 79  |O...J9....g..VHy|
00003310  00 0f 56 7a 48 78 00 09  4e 93 48 78 00 1d 48 79  |..VzHx..N.Hx..Hy|
00003320  00 0f 88 6b 4e 92 13 fc  00 3d 00 0f 88 89 42 46  |...kN....=....BF|
00003330  4f ef 00 10 60 7c 76 00  74 00 34 03 41 f9 00 0f  |O...`|v.t.4.A...|
00003340  88 4d 12 30 28 1e 0c 01  00 3d 67 08 52 83 4a 01  |.M.0(....=g.R.J.|
00003350  67 18 60 e4 4a 43 67 58  4a 30 28 1f 67 52 4a 39  |g.`.JCgXJ0(.gRJ9|
00003360  00 0f 88 89 66 4a 60 00  01 d0 0c 39 00 3d 00 0f  |....fJ`....9.=..|
00003370  88 89 66 3c 4a 39 00 0f  88 8a 66 34 4a 39 00 0f  |..f<J9....f4J9..|
00003380  88 a7 67 2c 60 26 70 00  30 02 41 f9 00 0f 88 4d  |..g,`&p.0.A....M|
00003390  12 30 08 1e 70 00 30 09  11 81 08 5a 52 42 52 89  |.0..p.0....ZRBR.|
000033a0  4a 01 66 e2 13 fc 00 3d  00 0f 88 89 42 46 60 02  |J.f....=....BF`.|
000033b0  7c 01 42 44 7a 01 60 02  52 44 76 00 36 05 74 00  ||.BDz.`.RDv.6.t.|
000033c0  34 04 22 03 d2 83 20 03  eb 88 90 81 20 40 d1 fc  |4."... ..... @..|
000033d0  00 0f 88 4d 10 30 28 00  0c 00 00 3a 67 04 4a 00  |...M.0(....:g.J.|
000033e0  66 d6 0c 44 00 01 63 08  0c 00 00 3a 66 02 7c 01  |f..D..c....:f.|.|
000033f0  20 03 d0 83 eb 8b 96 80  41 f9 00 0f 88 4d 10 30  | .......A....M.0|
00003400  38 00 41 f9 00 0f 7a 74  b0 10 67 00 01 40 52 88  |8.A...zt..g..@R.|
00003410  b1 fc 00 0f 7a 84 66 f0  54 45 0c 45 00 03 62 04  |....z.f.TE.E..b.|
00003420  42 44 60 96 4a 46 66 00  00 fe 4a 39 00 0f 88 6b  |BD`.JFf...J9...k|
00003430  67 00 01 30 4a 39 00 0f  88 a7 67 00 01 26 48 6e  |g..0J9....g..&Hn|
00003440  ff dc 48 78 00 01 45 fa  f1 d4 4e 92 34 00 48 79  |..Hx..E...N.4.Hy|
00003450  00 0f 88 29 48 78 00 03  4e 92 4f ef 00 10 4a 42  |...)Hx..N.O...JB|
00003460  66 00 00 bc 4a 40 66 00  00 b6 12 2e ff dc 10 39  |f...J@f........9|
00003470  00 0f 88 29 b0 01 67 2e  0c 39 00 3a 00 0f 88 6c  |...)..g..9.:...l|
00003480  66 12 0c 39 00 3a 00 0f  88 a8 67 18 13 c1 00 0f  |f..9.:....g.....|
00003490  88 29 60 12 0c 39 00 3a  00 0f 88 a8 66 06 1d 40  |.)`..9.:....f..@|
000034a0  ff dc 60 02 7c 01 10 2e  ff dc 53 00 0c 00 00 0f  |..`.|.....S.....|
000034b0  62 24 4a 46 66 22 48 6e  ff dc 48 78 00 11 45 f9  |b$JFf"Hn..Hx..E.|
000034c0  00 0f 50 70 4e 92 50 8f  0c 40 00 ff 67 0a 48 79  |..PpN.P..@..g.Hy|
000034d0  00 0f 56 8c 60 40 7c 01  70 00 41 f9 00 0f 88 29  |..V.`@|.p.A....)|
000034e0  11 b6 08 dc 08 10 52 80  72 14 b2 80 66 ec 0c 39  |......R.r...f..9|
000034f0  00 0f 00 0f 88 29 62 2e  4a 46 66 2a 2f 08 48 78  |.....)b.JFf*/.Hx|
00003500  00 17 45 f9 00 0f 50 70  4e 92 50 8f 4a 40 67 52  |..E...PpN.P.J@gR|
00003510  48 79 00 0f 56 a1 48 78  00 09 4e 92 60 42 48 79  |Hy..V.Hx..N.`BHy|
00003520  00 0f 56 aa 60 06 48 79  00 0f 56 c1 48 78 00 09  |..V.`.Hy..V.Hx..|
00003530  4e b9 00 0f 50 70 60 28  41 f9 00 0f 88 4d 42 30  |N...Pp`(A....MB0|
00003540  28 1e 34 03 52 42 93 c9  60 00 fe 3c 42 a7 30 05  |(.4.RB..`..<B.0.|
00003550  c0 fc 00 1e 06 80 00 0f  88 4d 2f 00 61 00 fd 00  |.........M/.a...|
00003560  50 8f 4c ee 0c 7c ff c0  4e 5e 4e 75 4e 56 00 00  |P.L..|..N^NuNV..|
00003570  32 2e 00 0a 70 00 30 01  41 f9 00 0f 88 4d 0c 30  |2...p.0.A....M.0|
00003580  00 3a 08 1e 66 2a 0c 41  00 01 66 12 10 39 00 0f  |.:..f*.A..f..9..|
00003590  88 6b 0c 00 00 40 6f 06  0c 00 00 50 6f 12 42 a7  |.k...@o....Po.B.|
000035a0  48 79 00 0f 88 6b 61 00  fc b6 70 00 50 8f 60 02  |Hy...ka...p.P.`.|
000035b0  70 01 4e 5e 4e 75 4e 56  00 00 4a 39 00 0f 88 89  |p.N^NuNV..J9....|
000035c0  66 04 70 00 60 22 48 79  00 0f 57 2c 48 78 00 09  |f.p.`"Hy..W,Hx..|
000035d0  4e b9 00 0f 50 70 42 a7  48 79 00 0f 88 89 61 00  |N...PpB.Hy....a.|
000035e0  fc 7e 70 01 4f ef 00 10  4e 5e 4e 75 4e 56 00 00  |.~p.O...N^NuNV..|
000035f0  2f 02 4a 39 00 0f 88 6b  66 2a 48 79 00 0f 56 ee  |/.J9...kf*Hy..V.|
00003600  48 78 00 09 4e b9 00 0f  50 70 48 78 00 1d 48 79  |Hx..N...PpHx..Hy|
00003610  00 0f 88 6b 61 00 f7 98  4f ef 00 10 4a 39 00 0f  |...ka...O...J9..|
00003620  88 6b 67 5e 61 90 4a 40  66 58 12 39 00 0f 88 6b  |.kg^a.J@fX.9...k|
00003630  10 01 06 00 ff d0 0c 00  00 09 62 4a 48 81 06 41  |..........bJH..A|
00003640  ff d0 0c 41 00 09 62 3e  14 39 00 0f 88 6c 67 16  |...A..b>.9...lg.|
00003650  30 01 c0 fc 00 0a 12 02  48 81 d2 40 06 41 ff d0  |0.......H..@.A..|
00003660  0c 41 00 0f 62 20 4a 39  00 0f 88 6d 66 18 3f 01  |.A..b J9...mf.?.|
00003670  42 67 48 78 00 20 4e b9  00 0f 50 70 70 01 50 8f  |BgHx. N...Ppp.P.|
00003680  60 06 70 01 60 02 70 00  24 2e ff fc 4e 5e 4e 75  |`.p.`.p.$...N^Nu|
00003690  4e 56 00 00 2f 0a 4a 39  00 0f 88 6b 66 2c 48 79  |NV../.J9...kf,Hy|
000036a0  00 0f 56 56 48 78 00 09  4e b9 00 0f 50 70 48 78  |..VVHx..N...PpHx|
000036b0  00 1d 48 79 00 0f 88 6b  61 00 f6 f4 4f ef 00 10  |..Hy...ka...O...|
000036c0  4a 39 00 0f 88 6b 67 00  00 da 61 00 fe ea 4a 40  |J9...kg...a...J@|
000036d0  66 00 00 d0 61 00 ed aa  3f 00 42 67 61 00 fe 8e  |f...a...?.Bga...|
000036e0  58 8f 4a 40 67 00 00 bc  0c 39 00 3a 00 0f 88 6c  |X.J@g....9.:...l|
000036f0  66 18 4a 39 00 0f 88 6d  66 10 42 a7 48 79 00 0f  |f.J9...mf.B.Hy..|
00003700  88 6b 61 00 fb 5a 60 00  00 98 48 79 00 0f 88 29  |.ka..Z`...Hy...)|
00003710  48 78 00 01 61 00 ef 06  50 8f 4a 40 67 54 4a 39  |Hx..a...P.J@gTJ9|
00003720  00 0f 7c ba 66 4c 48 79  00 0f 56 de 48 78 00 09  |..|.fLHy..V.Hx..|
00003730  45 f9 00 0f 50 70 4e 92  42 a7 48 78 00 01 4e 92  |E...PpN.B.Hx..N.|
00003740  12 00 06 00 ff 9f 4f ef  00 10 0c 00 00 19 62 04  |......O.......b.|
00003750  06 01 ff e0 13 c1 00 0f  88 89 61 00 f6 26 10 39  |..........a..&.9|
00003760  00 0f 88 89 0c 00 00 4e  67 38 0c 00 00 59 66 32  |.......Ng8...Yf2|
00003770  60 0a 0c 39 00 4e 00 0f  88 89 67 26 48 79 00 0f  |`..9.N....g&Hy..|
00003780  88 29 48 78 00 13 45 f9  00 0f 50 70 4e 92 50 8f  |.)Hx..E...PpN.P.|
00003790  4a 40 67 0e 48 79 00 0f  56 a1 48 78 00 09 4e 92  |J@g.Hy..V.Hx..N.|
000037a0  50 8f 24 6e ff fc 4e 5e  4e 75 4e 56 00 00 2f 0a  |P.$n..N^NuNV../.|
000037b0  2f 02 4a 39 00 0f 88 6b  66 22 48 79 00 0f 56 56  |/.J9...kf"Hy..VV|
000037c0  48 78 00 09 4e b9 00 0f  50 70 48 78 00 1d 48 79  |Hx..N...PpHx..Hy|
000037d0  00 0f 88 6b 61 00 f5 d8  4f ef 00 10 61 00 fd d8  |...ka...O...a...|
000037e0  4a 40 66 00 00 cc 61 00  ec 98 3f 00 42 67 61 00  |J@f...a...?.Bga.|
000037f0  fd 7c 58 8f 4a 40 67 00  00 b8 48 79 00 0f 88 29  |.|X.J@g...Hy...)|
00003800  48 78 00 01 61 00 ee 16  34 00 50 8f 66 7a 4a 39  |Hx..a...4.P.fzJ9|
00003810  00 0f 88 6b 67 00 00 9a  48 79 00 0f 88 29 48 78  |...kg...Hy...)Hx|
00003820  00 0f 4e b9 00 0f 50 70  50 8f 0c 40 00 03 62 58  |..N...PpP..@..bX|
00003830  60 2a 45 f9 00 0f 87 1f  10 12 0c 00 00 1a 67 1c  |`*E...........g.|
00003840  48 80 30 40 2f 08 48 78  00 02 4e b9 00 0f 50 70  |H.0@/.Hx..N...Pp|
00003850  52 8a 50 8f b5 fc 00 0f  87 9f 66 dc 48 79 00 0f  |R.P.......f.Hy..|
00003860  88 29 48 78 00 14 45 f9  00 0f 50 70 4e 92 50 8f  |.)Hx..E...PpN.P.|
00003870  4a 40 67 be 10 39 00 0f  88 29 48 80 30 40 2f 08  |J@g..9...)H.0@/.|
00003880  48 78 00 25 4e 92 60 26  4a 39 00 0f 88 6b 67 20  |Hx.%N.`&J9...kg |
00003890  41 f9 00 0f 50 70 4a 42  67 08 48 79 00 0f 56 aa  |A...PpJBg.Hy..V.|
000038a0  60 06 48 79 00 0f 56 a1  48 78 00 09 4e 90 50 8f  |`.Hy..V.Hx..N.P.|
000038b0  24 2e ff f8 24 6e ff fc  4e 5e 4e 75 4e 56 00 00  |$...$n..N^NuNV..|
000038c0  48 e7 3f 38 3c 2e 00 0a  61 00 fc ec 4a 40 66 00  |H.?8<...a...J@f.|
000038d0  01 e8 61 00 eb ac 3f 00  42 67 61 00 fc 90 58 8f  |..a...?.Bga...X.|
000038e0  4a 40 67 00 01 d4 48 79  00 0f 88 29 48 78 00 01  |J@g...Hy...)Hx..|
000038f0  61 00 ed 2a 1a 39 00 0f  88 29 48 85 06 45 00 40  |a..*.9...)H..E.@|
00003900  48 79 00 0f 88 29 48 78  00 11 45 f9 00 0f 50 70  |Hy...)Hx..E...Pp|
00003910  4e 92 36 00 4f ef 00 10  0c 40 00 ff 66 0e 48 79  |N.6.O....@..f.Hy|
00003920  00 0f 56 a1 48 78 00 09  4e 92 50 8f 34 03 eb 4a  |..V.Hx..N.P.4..J|
00003930  52 42 42 07 42 44 99 cc  60 00 01 4e 70 00 30 02  |RBB.BD..`..Np.0.|
00003940  41 f9 00 0f 87 1f 4a 46  67 08 4a 30 08 09 6c 26  |A.....JFg.J0..l&|
00003950  60 06 4a 30 08 09 6d 1e  4a 07 67 04 61 00 f4 24  |`.J0..m.J.g.a..$|
00003960  4a 44 66 2e 3f 05 42 67  48 78 00 02 4e b9 00 0f  |JDf.?.BgHx..N...|
00003970  50 70 50 8f 60 1c 48 78  00 12 4e b9 00 0f 50 70  |PpP.`.Hx..N...Pp|
00003980  36 00 34 00 eb 4a 52 42  38 7c 00 01 58 8f 60 00  |6.4..JRB8|..X.`.|
00003990  00 f8 34 03 eb 4a 52 42  48 78 00 3a 48 78 00 02  |..4..JRBHx.:Hx..|
000039a0  45 f9 00 0f 50 70 4e 92  48 78 00 20 48 78 00 02  |E...PpN.Hx. Hx..|
000039b0  4e 92 70 00 30 02 41 f9  00 0f 87 1f 10 30 08 00  |N.p.0.A......0..|
000039c0  72 7f c0 81 2f 00 48 78  00 02 4e 92 76 02 4f ef  |r.../.Hx..N.v.O.|
000039d0  00 18 52 42 0c 43 00 09  66 34 48 78 00 20 48 78  |..RB.C..f4Hx. Hx|
000039e0  00 02 45 f9 00 0f 50 70  4e 92 70 00 30 02 52 42  |..E...PpN.p.0.RB|
000039f0  41 f9 00 0f 87 1f 10 30  08 00 72 7f c0 81 2f 00  |A......0..r.../.|
00003a00  48 78 00 02 4e 92 16 3c  00 0a 4f ef 00 10 70 00  |Hx..N..<..O...p.|
00003a10  30 02 47 f9 00 0f 87 1f  10 33 08 00 72 7f c0 81  |0.G......3..r...|
00003a20  2f 00 48 78 00 02 45 f9  00 0f 50 70 4e 92 52 43  |/.Hx..E...PpN.RC|
00003a30  50 8f 0c 43 00 0b 63 9a  48 78 00 20 48 78 00 02  |P..C..c.Hx. Hx..|
00003a40  4e 92 48 78 00 12 4e 92  36 00 4f ef 00 0c 0c 40  |N.Hx..N.6.O....@|
00003a50  00 ff 67 3c 52 44 34 00  eb 4a 52 42 0c 44 00 05  |..g<RD4..JRB.D..|
00003a60  67 04 42 07 60 22 70 00  30 02 4a 46 67 08 4a 33  |g.B.`"p.0.JFg.J3|
00003a70  08 09 6c 10 60 06 4a 33  08 09 6d 08 61 00 f3 04  |..l.`.J3..m.a...|
00003a80  42 07 60 02 7e 01 42 44  0c 43 00 ff 66 00 fe ae  |B.`.~.BD.C..f...|
00003a90  30 0c 67 24 61 00 f2 ec  41 f9 00 0f 50 70 4a 46  |0.g$a...A...PpJF|
00003aa0  67 08 48 79 00 0f 56 3c  60 06 48 79 00 0f 56 40  |g.Hy..V<`.Hy..V@|
00003ab0  48 78 00 09 4e 90 50 8f  4c ee 1c fc ff dc 4e 5e  |Hx..N.P.L.....N^|
00003ac0  4e 75 4e 56 00 00 2f 03  2f 02 2f 2e 00 08 61 00  |NuNV../././...a.|
00003ad0  f1 9c 58 8f 0c 40 00 09  62 00 01 18 02 80 00 00  |..X..@..b.......|
00003ae0  ff ff d0 80 30 3b 08 06  4e fb 00 02 00 1a 00 2c  |....0;..N......,|
00003af0  00 34 00 3c 00 44 00 5a  00 76 01 06 00 14 00 1e  |.4.<.D.Z.v......|
00003b00  74 0a 60 00 00 d8 42 a7  60 04 48 78 00 01 61 00  |t.`...B.`.Hx..a.|
00003b10  fd ac 58 8f 60 00 00 ea  61 00 fc 90 60 00 00 e2  |..X.`...a...`...|
00003b20  61 00 f7 ac 60 00 00 da  61 00 fb 66 60 00 00 d2  |a...`...a..f`...|
00003b30  61 00 fa ba 4a 40 66 00  00 c8 48 79 00 0f 57 14  |a...J@f...Hy..W.|
00003b40  48 78 00 09 60 12 10 39  00 0f 88 4d 48 80 30 40  |Hx..`..9...MH.0@|
00003b50  48 68 ff bf 48 78 00 0e  4e b9 00 0f 50 70 60 00  |Hh..Hx..N...Pp`.|
00003b60  00 9e 4a 39 00 0f 88 6b  66 6a 48 79 00 0f 56 56  |..J9...kfjHy..VV|
00003b70  48 78 00 09 4e b9 00 0f  50 70 48 78 00 7f 48 79  |Hx..N...PpHx..Hy|
00003b80  00 0f 89 04 61 00 f2 28  93 c9 4f ef 00 10 60 0a  |....a..(..O...`.|
00003b90  41 f9 00 0f 88 4d 11 80  98 1d 34 09 22 09 41 f9  |A....M....4.".A.|
00003ba0  00 0f 89 04 10 30 18 00  0c 00 00 20 67 0e 4a 00  |.....0..... g.J.|
00003bb0  67 0a 22 41 52 89 76 1e  b6 89 66 d4 41 f9 00 0f  |g."AR.v...f.A...|
00003bc0  88 4d 42 30 18 1e 4a 42  67 36 13 fc 00 01 00 0f  |.MB0..JBg6......|
00003bd0  88 d4 60 06 42 39 00 0f  88 d4 74 07 70 0f c0 82  |..`.B9....t.p...|
00003be0  2f 00 61 00 eb ee 58 8f  4a 40 66 14 0c 42 00 07  |/.a...X.J@f..B..|
00003bf0  67 0e 42 a7 48 79 00 0f  88 4d 61 00 f6 62 50 8f  |g.B.Hy...Ma..bP.|
00003c00  24 2e ff f8 26 2e ff fc  4e 5e 4e 75 4e 56 00 00  |$...&...N^NuNV..|
00003c10  2f 0a 13 fc 00 01 00 0f  88 cc 48 79 00 0f 87 1f  |/.........Hy....|
00003c20  48 78 00 1a 45 f9 00 0f  50 70 4e 92 50 8f 4a 39  |Hx..E...PpN.P.J9|
00003c30  00 0f 87 1e 67 2a 70 00  30 39 00 0f 87 1c 2f 00  |....g*p.09..../.|
00003c40  48 78 00 0e 4e 92 70 00  30 39 00 0f 88 c6 2f 00  |Hx..N.p.09..../.|
00003c50  48 78 00 20 4e 92 42 39  00 0f 87 1e 4f ef 00 10  |Hx. N.B9....O...|
00003c60  20 79 00 0f 88 c8 b0 fc  00 00 67 16 45 e8 00 01  | y........g.E...|
00003c70  70 00 10 10 42 32 08 00  42 b9 00 0f 88 c8 60 00  |p...B2..B.....`.|
00003c80  01 7e 4a 39 00 0f 7c bc  67 4c 4a 39 00 0f 7c ba  |.~J9..|.gLJ9..|.|
00003c90  67 34 60 08 4a 39 00 0f  88 fc 66 1c 48 79 00 0f  |g4`.J9....f.Hy..|
00003ca0  89 84 61 00 f4 e6 58 8f  4a 39 00 0f 87 a2 67 e4  |..a...X.J9....g.|
00003cb0  45 f9 00 0f 87 a2 60 14  24 79 00 0f 8a 08 42 39  |E.....`.$y....B9|
00003cc0  00 0f 7c ba 60 06 24 79  00 0f 8a 08 42 39 00 0f  |..|.`.$y....B9..|
00003cd0  7c bc 60 00 01 1a 61 00  f1 aa 4a 39 00 0f 7c 34  ||.`...a...J9..|4|
00003ce0  67 1e 4a 39 00 0f 88 23  67 16 48 78 00 01 48 79  |g.J9...#g.Hx..Hy|
00003cf0  00 0f 7c 35 61 00 f5 68  42 39 00 0f 88 23 60 0e  |..|5a..hB9...#`.|
00003d00  48 78 00 80 48 79 00 0f  7c 35 61 00 f0 a2 45 f9  |Hx..Hy..|5a...E.|
00003d10  00 0f 7c 35 60 00 00 e6  23 ca 00 0f 89 00 2f 0a  |..|5`...#...../.|
00003d20  61 00 e6 46 10 39 00 0f  88 4d 58 8f 67 12 0c 00  |a..F.9...MX.g...|
00003d30  00 3b 67 0c 48 79 00 0f  88 4d 61 00 fd 86 58 8f  |.;g.Hy...Ma...X.|
00003d40  4a 39 00 0f 7c ba 66 0e  2f 0a 61 00 e5 e6 24 40  |J9..|.f./.a...$@|
00003d50  58 8f 60 00 00 9a 4a 39  00 0f 88 f9 66 08 4a 39  |X.`...J9....f.J9|
00003d60  00 0f 88 28 67 5e 41 fa  e5 04 4a 39 00 0f 88 d4  |...(g^A...J9....|
00003d70  67 08 48 79 00 0f 89 04  60 06 2f 39 00 0f 89 00  |g.Hy....`./9....|
00003d80  4e 90 58 8f 4a 39 00 0f  88 f9 67 12 2f 39 00 0f  |N.X.J9....g./9..|
00003d90  89 00 61 00 e5 9e 23 c0  00 0f 8a 08 58 8f 48 79  |..a...#.....X.Hy|
00003da0  00 0f 89 84 61 00 f3 e4  42 39 00 0f 88 28 42 39  |....a...B9...(B9|
00003db0  00 0f 88 f9 60 28 24 79  00 0f 8a 08 42 39 00 0f  |....`($y....B9..|
00003dc0  7c ba 60 2a 42 39 00 0f  87 a2 60 14 4a 39 00 0f  ||.`*B9....`.J9..|
00003dd0  88 fc 66 e2 48 79 00 0f  89 84 61 00 f3 ae 58 8f  |..f.Hy....a...X.|
00003de0  4a 39 00 0f 87 a2 67 e4  45 f9 00 0f 87 a2 4a 12  |J9....g.E.....J.|
00003df0  67 0c 48 78 00 01 2f 0a  61 00 f4 64 50 8f 4a 12  |g.Hx../.a..dP.J.|
00003e00  66 00 ff 16 24 6e ff fc  4e 5e 4e 75 0c 40 00 3e  |f...$n..N^Nu.@.>|
00003e10  67 00 00 34 48 e7 7f fe  0c 40 00 32 67 00 00 1a  |g..4H....@.2g...|
00003e20  2f 01 2f 01 2f 00 4e b9  00 0f 33 ca 48 c0 4f ef  |/././.N...3.H.O.|
00003e30  00 0c 4c df 7f fe 4e 73  20 41 20 18 4c d8 00 06  |..L...Ns A .L...|
00003e40  4e 43 60 00 ff ee 00 57  20 00 4e 73 2f 02 24 2f  |NC`....W .Ns/.$/|
00003e50  00 10 22 2f 00 0c 20 2f  00 08 48 e7 1f 3e 4e 43  |.."/.. /..H..>NC|
00003e60  4c df 7c f8 24 1f 4e 75  30 2f 00 06 e1 58 4e 75  |L.|.$.Nu0/...XNu|
00003e70  20 2f 00 04 e1 58 48 40  e1 58 4e 75 20 2f 00 04  | /...XH@.XNu /..|
00003e80  80 ef 00 0a 20 6f 00 0c  48 40 30 80 42 40 48 40  |.... o..H@0.B@H@|
00003e90  4e 75 4e 75 4e 56 00 00  22 6e 00 08 32 11 55 41  |NuNuNV.."n..2.UA|
00003ea0  30 01 06 40 ff e0 0c 40  00 01 62 04 70 ff 60 32  |0..@...@..b.p.`2|
00003eb0  30 01 06 40 ff e2 0c 40  00 07 62 06 06 41 ff ec  |0..@...@..b..A..|
00003ec0  60 0a 70 00 46 00 0c 41  00 09 62 16 30 41 d1 c8  |`.p.F..A..b.0A..|
00003ed0  d1 c8 d1 fc 00 0f 8a 30  23 50 00 08 20 a9 00 04  |.......0#P.. ...|
00003ee0  70 00 4e 5e 4e 75 4e 56  00 00 2f 02 20 6e 00 08  |p.N^NuNV../. n..|
00003ef0  74 00 34 10 08 02 00 00  67 28 22 28 00 04 23 c1  |t.4.....g("(..#.|
00003f00  00 0f 8b 08 20 28 00 08  23 c0 00 0f 8b 14 08 02  |.... (..#.......|
00003f10  00 01 67 1e 23 c1 00 0f  8b 04 23 c0 00 0f 8b 10  |..g.#.....#.....|
00003f20  60 10 21 79 00 0f 8b 08  00 04 21 79 00 0f 8b 14  |`.!y......!y....|
00003f30  00 08 24 1f 4e 5e 4e 75  4e 56 00 00 2f 0a 2f 2e  |..$.N^NuNV.././.|
00003f40  00 08 45 f9 00 0f 53 00  4e 92 48 79 00 0f 57 bb  |..E...S.N.Hy..W.|
00003f50  4e 92 70 00 10 39 00 0f  8a 12 20 40 48 68 00 41  |N.p..9.... @Hh.A|
00003f60  4e b9 00 0f 51 68 4f ef  00 0c 24 6e ff fc 4e 5e  |N...QhO...$n..N^|
00003f70  4e 75 4e 56 00 00 22 2e  00 08 0c 41 00 02 67 20  |NuNV.."....A..g |
00003f80  30 39 00 0f 8b 18 46 40  c1 79 00 0f 8b 0c 42 79  |09....F@.y....By|
00003f90  00 0f 8b 18 42 79 00 0f  8b 00 4a 41 66 20 60 2a  |....By....JAf `*|
00003fa0  72 00 12 39 00 0f 8a 12  70 01 e3 a8 c1 79 00 0f  |r..9....p....y..|
00003fb0  8b 0c 42 79 00 0f 8b 18  42 79 00 0f 8b 00 42 39  |..By....By....B9|
00003fc0  00 0f 7c bc 42 39 00 0f  7c ba 50 f9 00 0f 8a 12  |..|.B9..|.P.....|
00003fd0  23 f9 00 0f 8b 04 00 0f  8b 08 23 f9 00 0f 8b 10  |#.........#.....|
00003fe0  00 0f 8b 14 48 79 00 0f  8a 30 4e b9 00 0f 3e 5c  |....Hy...0N...>\|
00003ff0  48 78 00 01 4e b9 00 0f  1e 4c 50 8f 4e 5e 4e 75  |Hx..N....LP.N^Nu|
00004000  4e 56 00 00 48 e7 30 38  28 6e 00 08 36 2e 00 0e  |NV..H.08(n..6...|
00004010  48 79 00 0f 57 cd 4e b9  00 0f 53 00 24 4c 58 8f  |Hy..W.N...S.$LX.|
00004020  52 8a 10 12 72 7f c0 81  2f 00 47 f9 00 0f 51 68  |R...r.../.G...Qh|
00004030  4e 93 41 ec 00 08 58 8f  b1 ca 66 e4 48 78 00 2e  |N.A...X...f.Hx..|
00004040  4e 93 58 8f 52 8a 10 12  72 7f c0 81 2f 00 4e b9  |N.X.R...r.../.N.|
00004050  00 0f 51 68 41 ec 00 0b  58 8f b1 ca 66 e6 48 79  |..QhA...X...f.Hy|
00004060  00 0f 57 e5 45 f9 00 0f  53 00 4e 92 2f 39 00 0f  |..W.E...S.N./9..|
00004070  7a 84 4e 92 50 8f 48 79  00 0f 57 f5 45 f9 00 0f  |z.N.P.Hy..W.E...|
00004080  53 00 4e 92 4e b9 00 0f  52 8a 14 00 48 79 00 0f  |S.N.N...R...Hy..|
00004090  58 34 4e 92 50 8f 02 02  00 5f 0c 02 00 41 67 16  |X4N.P...._...Ag.|
000040a0  0c 02 00 43 67 1a 0c 02  00 03 66 ca 48 78 00 01  |...Cg.....f.Hx..|
000040b0  61 00 fe c0 58 8f 48 78  00 01 61 00 fe b6 58 8f  |a...X.Hx..a...X.|
000040c0  02 2c 00 7f 00 09 48 78  00 02 2f 0c 48 79 00 0f  |.,....Hx../.Hy..|
000040d0  28 d4 4e b9 00 0f 25 4e  e4 43 30 43 2f 08 4e b9  |(.N...%N.C0C/.N.|
000040e0  00 0f 25 2e 02 80 00 00  ff ff 4c ee 1c 0c ff ec  |..%.......L.....|
000040f0  4e 5e 4e 75 4e 56 00 00  48 e7 30 20 16 2e 00 0b  |N^NuNV..H.0 ....|
00004100  2f 2e 00 0c 61 00 fe 32  2f 39 00 0f 7a 84 4e b9  |/...a..2/9..z.N.|
00004110  00 0f 53 00 50 8f 48 79  00 0f 58 38 45 f9 00 0f  |..S.P.Hy..X8E...|
00004120  53 00 4e 92 58 8f 4a 03  67 0a 48 79 00 0f 58 62  |S.N.X.J.g.Hy..Xb|
00004130  4e 92 58 8f 48 79 00 0f  58 30 4e 92 4e b9 00 0f  |N.X.Hy..X0N.N...|
00004140  52 8a 14 00 48 79 00 0f  58 34 4e 92 50 8f 02 02  |R...Hy..X4N.P...|
00004150  00 5f 0c 02 00 41 67 24  62 08 0c 02 00 03 66 b6  |._...Ag$b.....f.|
00004160  60 10 0c 02 00 43 67 1e  0c 02 00 52 66 a8 70 00  |`....Cg....Rf.p.|
00004170  60 1a 48 78 00 01 61 00  fd fa 58 8f 48 78 00 01  |`.Hx..a...X.Hx..|
00004180  61 00 fd f0 58 8f 4a 03  67 8c 70 01 4c ee 04 0c  |a...X.J.g.p.L...|
00004190  ff f4 4e 5e 4e 75 4e 56  00 00 2f 2e 00 08 61 00  |..N^NuNV../...a.|
000041a0  fd 98 48 78 00 01 61 00  fd ca 50 8f 4e 5e 4e 75  |..Hx..a...P.N^Nu|
000041b0  4e 56 00 00 2f 02 34 2e  00 0a 48 79 00 0f 58 83  |NV../.4...Hy..X.|
000041c0  4e b9 00 0f 53 00 58 8f  0c 42 00 04 62 52 70 00  |N...S.X..B..bRp.|
000041d0  30 02 d0 80 30 3b 08 06  4e fb 00 02 00 0a 00 12  |0...0;..N.......|
000041e0  00 1e 00 28 00 38 48 79  00 0f 58 91 60 06 48 79  |...(.8Hy..X.`.Hy|
000041f0  00 0f 58 97 48 78 00 01  60 12 48 79 00 0f 58 9e  |..X.Hx..`.Hy..X.|
00004200  61 94 58 8f 48 79 00 0f  58 9e 42 a7 61 00 fe e6  |a.X.Hy..X.B.a...|
00004210  50 8f 60 0c 48 79 00 0f  58 a6 61 00 ff 7a 58 8f  |P.`.Hy..X.a..zX.|
00004220  24 2e ff fc 4e 5e 4e 75  4e 56 00 00 48 79 00 0f  |$...N^NuNV..Hy..|
00004230  1e 0c 48 78 00 22 48 78  00 16 4e b9 00 0f 1e 4c  |..Hx."Hx..N....L|
00004240  42 39 00 0f 8a 0c 23 fc  00 0f 8a 80 00 0f 8a 7c  |B9....#........||
00004250  23 fc 00 0f 8a 80 00 0f  8a 78 13 fc 00 24 00 0f  |#........x...$..|
00004260  8a 0d 42 39 00 0f 8a 0e  13 fc 00 01 00 0f 8a 0f  |..B9............|
00004270  42 b9 00 0f 88 c8 48 78  00 0d 4e b9 00 0f 33 ca  |B.....Hx..N...3.|
00004280  48 78 00 12 4e b9 00 0f  1e 4c 20 40 20 28 00 04  |Hx..N....L @ (..|
00004290  23 c0 00 0f 8b 04 23 c0  00 0f 8b 08 d0 a8 00 08  |#.....#.........|
000042a0  23 c0 00 0f 8b 10 23 c0  00 0f 8b 14 48 79 00 0f  |#.....#.....Hy..|
000042b0  8a 30 4e b9 00 0f 3e 5c  4f ef 00 18 4e 5e 4e 75  |.0N...>\O...N^Nu|
000042c0  4e 56 00 00 20 79 00 0f  8a 1c 72 00 70 00 d2 b0  |NV.. y....r.p...|
000042d0  08 00 58 80 0c 80 00 00  00 80 66 f2 20 01 48 40  |..X.......f. .H@|
000042e0  48 c0 d0 81 22 00 e0 81  d0 81 02 80 00 00 00 ff  |H..."...........|
000042f0  4e 5e 4e 75 4e 56 00 00  2f 02 20 2e 00 08 32 00  |N^NuNV../. ...2.|
00004300  6d 2e 34 00 48 c2 20 79  00 0f 8a 20 70 00 30 28  |m.4.H. y... p.0(|
00004310  00 06 b0 82 6d 1a e6 41  32 41 20 79 00 0f 8a 18  |....m..A2A y....|
00004320  d3 e8 00 18 70 07 c4 80  70 7f 46 00 e4 a0 81 11  |....p...p.F.....|
00004330  24 1f 4e 5e 4e 75 4e 56  00 00 2f 02 20 2e 00 08  |$.N^NuNV../. ...|
00004340  32 00 6f 30 34 00 48 c2  20 79 00 0f 8a 20 70 00  |2.o04.H. y... p.|
00004350  30 28 00 06 b0 82 6d 1c  e6 41 32 41 20 79 00 0f  |0(....m..A2A y..|
00004360  8a 18 d3 e8 00 18 70 07  c4 80 70 7f 46 00 e4 a0  |......p...p.F...|
00004370  46 00 c1 11 24 1f 4e 5e  4e 75 4e 56 00 00 2f 02  |F...$.N^NuNV../.|
00004380  34 2e 00 0a 30 02 e6 48  02 80 00 00 ff ff 20 79  |4...0..H...... y|
00004390  00 0f 8a 18 20 68 00 18  10 30 08 00 02 40 00 ff  |.... h...0...@..|
000043a0  46 40 72 07 c4 81 72 7f  46 01 e4 a1 c0 41 02 80  |F@r...r.F....A..|
000043b0  00 00 ff ff 24 1f 4e 5e  4e 75 4e 56 00 00 48 e7  |....$.N^NuNV..H.|
000043c0  38 00 20 2e 00 08 36 00  20 79 00 0f 8a 20 38 28  |8. ...6. y... 8(|
000043d0  00 06 34 00 60 20 53 43  3f 03 42 67 61 9c 58 8f  |..4.` SC?.Bga.X.|
000043e0  4a 40 66 1e b8 42 63 0e  52 42 3f 02 42 67 61 8a  |J@f..Bc.RB?.Bga.|
000043f0  58 8f 4a 40 66 0e 4a 43  66 dc b8 42 62 ea 74 ff  |X.J@f.JCf..Bb.t.|
00004400  60 12 34 03 0c 42 ff ff  67 0a 3f 02 42 67 61 00  |`.4..B..g.?.Bga.|
00004410  fe e4 58 8f 70 00 30 02  4c ee 00 1c ff f4 4e 5e  |..X.p.0.L.....N^|
00004420  4e 75 4e 56 ff ec 48 e7  3c 00 28 2e 00 08 2a 2e  |NuNV..H.<.(...*.|
00004430  00 0c 20 2e 00 10 36 00  14 39 00 0f 8a 12 1d 42  |.. ...6..9.....B|
00004440  ff ef 4a 40 67 2a 1d 7c  00 02 ff ec 53 00 1d 40  |..J@g*.|....S..@|
00004450  ff ed 72 00 32 39 00 0f  8b 18 70 00 10 02 01 01  |..r.29....p.....|
00004460  67 18 48 78 00 04 4e b9  00 0f 21 b0 58 8f 60 0a  |g.Hx..N...!.X.`.|
00004470  1d 7c 00 01 ff ec 42 2e  ff ed 20 04 42 40 48 40  |.|....B... .B@H@|
00004480  3d 40 ff f0 3d 44 ff f2  20 05 42 40 48 40 3d 40  |=@..=D.. .B@H@=@|
00004490  ff f8 3d 45 ff fa 3d 79  00 0f 8a 18 ff fc 3d 79  |..=E..=y......=y|
000044a0  00 0f 8a 1a ff fe 60 18  4a 43 56 c0 48 80 48 c0  |......`.JCV.H.H.|
000044b0  44 80 2f 00 4e b9 00 0f  21 b0 58 8f 4a 40 66 10  |D./.N...!.X.J@f.|
000044c0  48 6e ff ec 4e b9 00 0f  37 fc 58 8f 4a 40 66 d8  |Hn..N...7.X.J@f.|
000044d0  70 00 4c ee 00 3c ff dc  4e 5e 4e 75 4e 56 00 00  |p.L..<..N^NuNV..|
000044e0  2f 0a 2f 02 48 78 00 02  2f 39 00 0f 8a 1c 34 6e  |/./.Hx../9....4n|
000044f0  00 0a 2f 0a 61 00 ff 2c  34 00 20 79 00 0f 8a 20  |../.a..,4. y... |
00004500  70 00 30 28 00 0c 4f ef  00 0c b0 8a 6f 10 20 79  |p.0(..O.....o. y|
00004510  00 0f 8a 18 d5 e8 00 14  61 00 fd a6 14 80 70 00  |........a.....p.|
00004520  30 02 24 2e ff f8 24 6e  ff fc 4e 5e 4e 75 4e 56  |0.$...$n..N^NuNV|
00004530  00 00 42 a7 2f 39 00 0f  8a 1c 30 6e 00 0a 2f 08  |..B./9....0n../.|
00004540  61 00 fe e0 02 80 00 00  ff ff 4e 5e 4e 75 4e 56  |a.........N^NuNV|
00004550  00 00 48 e7 3f 3c 2a 6e  00 0c 26 79 00 0f 8a 20  |..H.?<*n..&y... |
00004560  7c 00 3c 2e 00 12 08 06  00 00 66 04 42 44 60 08  ||.<.......f.BD`.|
00004570  38 39 00 0f 8a 24 52 44  38 7c 00 ff 60 00 00 be  |89...$RD8|..`...|
00004580  4e 90 14 80 60 00 00 86  83 79 00 0f 8b 18 60 7c  |N...`....y....`||
00004590  b8 6b 00 08 62 00 00 c6  7e 00 3e 04 7a 03 ca 87  |.k..b...~.>.z...|
000045a0  66 6a 34 04 e4 4a 76 00  36 02 2f 03 61 80 58 8f  |fj4..Jv.6./.a.X.|
000045b0  b4 6b 00 0c 64 56 20 79  00 0f 8a 18 24 43 d5 e8  |.k..dV y....$C..|
000045c0  00 14 41 fa fc fc 08 06  00 02 66 b4 14 12 4e 90  |..A.......f...N.|
000045d0  b0 02 67 38 20 79 00 0f  8a 18 31 6b 00 08 00 04  |..g8 y....1k....|
000045e0  74 00 14 39 00 0f 8a 12  70 01 22 00 e5 a9 30 01  |t..9....p."...0.|
000045f0  c0 79 00 0f 8b 00 66 90  46 41 c3 79 00 0f 8b 0c  |.y....f.FA.y....|
00004600  2f 02 4e b9 00 0f 2c 46  58 8f 60 96 33 c4 00 0f  |/.N...,FX.`.3...|
00004610  8a 24 2f 07 70 03 c0 84  eb 88 d0 b9 00 0f 8a 1c  |.$/.p...........|
00004620  2f 00 2f 0d 20 6e 00 08  4e 90 4f ef 00 0c 4a 00  |/./. n..N.O...J.|
00004630  67 08 08 06 00 01 67 28  99 cc 52 44 08 06 00 03  |g.....g(..RD....|
00004640  66 00 ff 4e 72 00 32 04  20 79 00 0f 8a 18 70 00  |f..Nr.2. y....p.|
00004650  30 28 00 04 52 80 b0 81  6c 00 ff 36 7a 00 3a 0c  |0(..R...l..6z.:.|
00004660  20 05 4c ee 3c fc ff d8  4e 5e 4e 75 4e 56 00 00  | .L.<...N^NuNV..|
00004670  22 6e 00 08 20 6e 00 0c  30 2e 00 12 60 02 10 d9  |"n.. n..0...`...|
00004680  51 c8 ff fc 4e 5e 4e 75  4e 56 00 00 48 e7 38 20  |Q...N^NuNV..H.8 |
00004690  24 6e 00 08 22 6e 00 0c  16 2e 00 13 74 0c 12 12  |$n.."n......t...|
000046a0  10 11 b3 00 78 7f c0 84  67 06 0c 01 00 3f 66 58  |....x...g....?fX|
000046b0  52 8a 52 89 0c 42 00 01  67 04 53 42 60 e0 4a 03  |R.R..B..g.SB`.J.|
000046c0  66 04 70 01 60 44 12 12  0c 01 00 3f 67 1c 10 11  |f.p.`D.....?g...|
000046d0  b1 01 02 81 00 00 00 ff  20 79 00 0f 8a 20 70 00  |........ y... p.|
000046e0  10 28 00 04 46 80 c2 80  66 1e 10 2a 00 02 12 29  |.(..F...f..*...)|
000046f0  00 02 b3 00 78 3f c0 84  56 c0 44 00 0a 00 00 01  |....x?..V.D.....|
00004700  02 80 00 00 00 ff 60 02  70 00 4c df 04 1c 4e 5e  |......`.p.L...N^|
00004710  4e 75 4e 56 00 00 48 e7  38 20 24 6e 00 08 28 2e  |NuNV..H.8 $n..(.|
00004720  00 0c 48 78 00 01 2f 04  2f 0a 61 00 ff 5c 16 00  |..Hx.././.a..\..|
00004730  4f ef 00 0c 67 30 14 2a  00 0c 48 78 00 20 2f 0a  |O...g0.*..Hx. /.|
00004740  2f 04 61 00 ff 28 15 42  00 0c 00 2a ff 80 00 0e  |/.a..(.B...*....|
00004750  72 00 12 39 00 0f 8a 12  70 01 e3 a8 81 79 00 0f  |r..9....p....y..|
00004760  8b 00 4f ef 00 0c 10 03  48 80 48 c0 4c ee 04 1c  |..O.....H.H.L...|
00004770  ff f0 4e 5e 4e 75 4e 56  00 00 70 01 4e 5e 4e 75  |..N^NuNV..p.N^Nu|
00004780  4e 56 00 00 48 78 00 01  2f 2e 00 0c 2f 2e 00 08  |NV..Hx../.../...|
00004790  61 00 fe f6 48 80 48 c0  4e 5e 4e 75 4e 56 00 00  |a...H.H.N^NuNV..|
000047a0  2f 02 20 6e 00 08 10 28  00 0c 72 1f c0 81 ef 88  |/. n...(..r.....|
000047b0  12 28 00 0e 74 3f c2 82  14 3c 00 0c e5 a9 80 81  |.(..t?...<......|
000047c0  24 1f 4e 5e 4e 75 4e 56  00 00 2f 0a 2f 02 24 6e  |$.N^NuNV.././.$n|
000047d0  00 08 74 00 14 2a 00 20  2f 0a 61 c0 58 8f d4 80  |..t..*. /.a.X...|
000047e0  20 02 42 40 48 40 15 40  00 21 30 02 e0 40 15 40  | .B@H@.@.!0..@.@|
000047f0  00 22 15 42 00 23 24 2e  ff f8 24 6e ff fc 4e 5e  |.".B.#$...$n..N^|
00004800  4e 75 4e 56 00 00 48 e7  30 30 26 6e 00 08 24 6e  |NuNV..H.00&n..$n|
00004810  00 0c 42 a7 2f 0a 2f 0b  61 00 fe 6e 16 00 4f ef  |..B././.a..n..O.|
00004820  00 0c 67 26 74 00 14 2a  00 0f 2f 0a 61 00 ff 6e  |..g&t..*../.a..n|
00004830  58 8f d4 80 20 02 42 40  48 40 17 40 00 21 30 02  |X... .B@H@.@.!0.|
00004840  e0 40 17 40 00 22 17 42  00 23 10 03 48 80 48 c0  |.@.@.".B.#..H.H.|
00004850  4c ee 0c 0c ff f0 4e 5e  4e 75 4e 56 00 00 48 e7  |L.....N^NuNV..H.|
00004860  30 20 24 6e 00 08 74 00  76 00 42 40 60 2c 70 00  |0 $n..t.v.B@`,p.|
00004870  10 2a 00 21 48 40 42 40  02 82 ff 00 ff ff 84 80  |.*.!H@B@........|
00004880  70 00 10 2a 00 22 e1 88  02 42 00 ff 84 80 14 2a  |p..*."...B.....*|
00004890  00 23 b4 83 6f 02 26 02  70 01 30 40 2f 08 2f 0a  |.#..o.&.p.0@/./.|
000048a0  48 7a ff 60 4e b9 00 0f  25 4e 4f ef 00 0c 0c 40  |Hz.`N...%NO....@|
000048b0  00 fe 63 ba 20 03 42 40  48 40 15 40 00 21 30 03  |..c. .B@H@.@.!0.|
000048c0  e0 40 15 40 00 22 15 43  00 23 4c ee 04 0c ff f4  |.@.@.".C.#L.....|
000048d0  4e 5e 4e 75 4e 56 00 00  48 e7 30 30 26 6e 00 08  |N^NuNV..H.00&n..|
000048e0  24 6e 00 0c 34 2e 00 12  42 a7 2f 0a 2f 0b 61 00  |$n..4...B././.a.|
000048f0  fd 98 16 00 4f ef 00 0c  67 20 48 78 00 0b 48 6a  |....O...g Hx..Hj|
00004900  00 01 48 6b 00 01 61 00  fd 64 e4 42 30 42 2f 08  |..Hk..a..d.B0B/.|
00004910  4e b9 00 0f 24 dc 4f ef  00 10 10 03 48 80 48 c0  |N...$.O.....H.H.|
00004920  4c ee 0c 0c ff f0 4e 5e  4e 75 4e 56 00 00 48 e7  |L.....N^NuNV..H.|
00004930  30 20 24 6e 00 08 22 6e  00 0c 34 2e 00 12 0c 11  |0 $n.."n..4.....|
00004940  ff e5 57 c3 44 03 67 58  41 ea 00 0f 70 00 42 30  |..W.D.gXA...p.B0|
00004950  08 00 52 80 72 11 b2 80  66 f4 48 78 00 20 2f 09  |..R.r...f.Hx. /.|
00004960  2f 0a 61 00 fd 08 30 02  e4 40 30 40 2f 08 4e b9  |/.a...0..@0@/.N.|
00004970  00 0f 24 dc 22 79 00 0f  8a 18 30 42 70 00 30 29  |..$."y....0Bp.0)|
00004980  00 04 4f ef 00 10 b0 88  6c 04 33 42 00 04 72 00  |..O.....l.3B..r.|
00004990  12 39 00 0f 8a 12 70 01  e3 a8 81 79 00 0f 8b 00  |.9....p....y....|
000049a0  10 03 48 80 48 c0 4c ee  04 0c ff f4 4e 5e 4e 75  |..H.H.L.....N^Nu|
000049b0  4e 56 00 00 48 e7 30 30  24 6e 00 08 26 6e 00 0c  |NV..H.00$n..&n..|
000049c0  34 2e 00 12 42 a7 2f 0b  2f 0a 61 00 fc bc 16 00  |4...B././.a.....|
000049d0  4f ef 00 0c 67 3e 4a 2b  00 09 6c 0e 30 42 2f 08  |O...g>J+..l.0B/.|
000049e0  2f 0a 4e b9 00 0f 20 00  50 8f 41 ea 00 11 43 eb  |/.N... .P.A...C.|
000049f0  00 01 70 00 12 18 02 01  00 7f 13 81 08 00 52 80  |..p...........R.|
00004a00  72 0b b2 80 66 ee e4 42  30 42 2f 08 4e b9 00 0f  |r...f..B0B/.N...|
00004a10  24 dc 58 8f 10 03 48 80  48 c0 4c ee 0c 0c ff f0  |$.X...H.H.L.....|
00004a20  4e 5e 4e 75 4e 56 00 00  48 e7 38 20 26 2e 00 08  |N^NuNV..H.8 &...|
00004a30  24 6e 00 0c 34 2e 00 12  42 a7 2f 0a 2f 03 61 00  |$n..4...B././.a.|
00004a40  fc 48 18 00 4f ef 00 0c  67 76 4a 2a 00 09 6c 0e  |.H..O...gvJ*..l.|
00004a50  30 42 2f 08 2f 03 4e b9  00 0f 20 00 50 8f 14 bc  |0B/./.N... .P...|
00004a60  ff e5 e4 42 30 42 2f 08  4e b9 00 0f 24 dc 58 8f  |...B0B/.N...$.X.|
00004a70  20 79 00 0f 8a 20 0c 68  00 ff 00 06 62 1e 45 ea  | y... .h....b.E.|
00004a80  00 1f 74 10 53 42 70 00  10 12 2f 00 4e b9 00 0f  |..t.SBp.../.N...|
00004a90  23 36 53 8a 58 8f 4a 42  67 26 60 e8 45 ea 00 1e  |#6S.X.JBg&`.E...|
00004aa0  74 08 53 42 30 52 2f 08  4e b9 00 0f 1e 68 3f 00  |t.SB0R/.N....h?.|
00004ab0  42 67 4e b9 00 0f 23 36  55 8a 50 8f 4a 42 66 e2  |BgN...#6U.P.JBf.|
00004ac0  10 04 48 80 48 c0 4c ee  04 1c ff f0 4e 5e 4e 75  |..H.H.L.....N^Nu|
00004ad0  4e 56 00 00 48 e7 30 38  28 6e 00 08 26 6e 00 0c  |NV..H.08(n..&n..|
00004ae0  36 2e 00 12 48 78 00 01  2f 0b 2f 0c 61 00 fb 9a  |6...Hx.././.a...|
00004af0  4f ef 00 0c 4a 00 67 00  00 d2 43 ec 00 10 45 eb  |O...J.g...C...E.|
00004b00  00 10 20 79 00 0f 8a 20  0c 68 00 ff 00 06 62 26  |.. y... .h....b&|
00004b10  74 10 10 12 67 10 12 11  67 08 b2 00 67 0a 60 00  |t...g...g...g.`.|
00004b20  00 98 12 80 60 02 14 91  0c 42 00 01 67 2c 52 89  |....`....B..g,R.|
00004b30  52 8a 53 42 60 dc 74 08  30 12 67 0e 32 11 67 06  |R.SB`.t.0.g.2.g.|
00004b40  b2 40 67 08 60 72 32 80  60 02 34 91 0c 42 00 01  |.@g.`r2.`.4..B..|
00004b50  67 08 54 89 54 8a 53 42  60 de 2f 0c 4e b9 00 0f  |g.T.T.SB`./.N...|
00004b60  2f 40 12 2b 00 0c 02 41  00 1f 58 8f b2 40 65 0c  |/@.+...A..X..@e.|
00004b70  66 14 12 2c 00 0f b2 2b  00 0f 63 0a 17 6c 00 0f  |f..,...+..c..l..|
00004b80  00 0f 17 40 00 0c 17 6c  00 0d 00 0d 4a 2b 00 09  |...@...l....J+..|
00004b90  6c 0e 30 43 2f 08 2f 0c  4e b9 00 0f 20 00 50 8f  |l.0C/./.N... .P.|
00004ba0  02 2b 00 7f 00 0b e4 43  30 43 2f 08 4e b9 00 0f  |.+.....C0C/.N...|
00004bb0  24 dc 70 01 58 8f 60 14  72 00 12 39 00 0f 8a 12  |$.p.X.`.r..9....|
00004bc0  70 01 e3 a8 81 79 00 0f  8b 18 70 00 4c ee 1c 0c  |p....y....p.L...|
00004bd0  ff ec 4e 5e 4e 75 4e 56  ff ec 2f 02 1d 7c 00 03  |..N^NuNV../..|..|
00004be0  ff ec 60 10 48 78 00 01  4e b9 00 0f 21 b0 58 8f  |..`.Hx..N...!.X.|
00004bf0  4a 40 66 10 48 6e ff ec  4e b9 00 0f 37 fc 34 00  |J@f.Hn..N...7.4.|
00004c00  58 8f 66 e0 70 00 30 02  24 2e ff e8 4e 5e 4e 75  |X.f.p.0.$...N^Nu|
00004c10  4e 56 00 00 2f 0a 24 6e  00 08 61 ba 4a 2a 00 0e  |NV../.$n..a.J*..|
00004c20  6c 04 70 00 60 18 42 a7  2f 0a 48 7a fe a4 4e b9  |l.p.`.B./.Hz..N.|
00004c30  00 0f 25 4e 02 80 00 00  ff ff 4f ef 00 0c 24 6e  |..%N......O...$n|
00004c40  ff fc 4e 5e 4e 75 4e 56  ff e8 48 e7 38 00 24 2e  |..N^NuNV..H.8.$.|
00004c50  00 08 12 02 78 00 18 02  70 00 30 39 00 0f 8b 0c  |....x...p.09....|
00004c60  e8 a0 16 00 46 03 02 03  00 01 b4 39 00 0f 8a 12  |....F......9....|
00004c70  66 06 4a 03 67 00 00 fa  42 2e ff ea 1d 42 ff ed  |f.J.g...B....B..|
00004c80  13 c2 00 0f 8a 12 0c 01  00 0f 63 0c 48 78 00 02  |..........c.Hx..|
00004c90  4e b9 00 0f 21 b0 58 8f  10 03 0a 00 00 01 1d 40  |N...!.X........@|
00004ca0  ff eb 48 6e ff ea 4e b9  00 0f 37 fc 32 2e ff fa  |..Hn..N...7.2...|
00004cb0  30 01 48 40 30 2e ff fc  23 c0 00 0f 8a 18 58 8f  |0.H@0...#.....X.|
00004cc0  66 10 48 78 00 03 4e b9  00 0f 21 b0 58 8f 4a 40  |f.Hx..N...!.X.J@|
00004cd0  67 d0 20 79 00 0f 8a 18  23 e8 00 0c 00 0f 8a 1c  |g. y....#.......|
00004ce0  20 68 00 10 23 c8 00 0f  8a 20 4a 03 67 00 00 82  | h..#.... J.g...|
00004cf0  34 28 00 06 30 42 2f 08  4e b9 00 0f 23 36 58 8f  |4(..0B/.N...#6X.|
00004d00  51 ca ff f2 20 79 00 0f  8a 20 48 6e ff fe 10 28  |Q... y... Hn...(|
00004d10  00 03 e5 88 02 80 00 00  03 fc 22 40 48 69 00 04  |.........."@Hi..|
00004d20  70 00 30 28 00 08 20 40  48 68 00 01 4e b9 00 0f  |p.0(.. @Hh..N...|
00004d30  1e 7c 34 00 4f ef 00 0c  4a 6e ff fe 67 02 52 42  |.|4.O...Jn..g.RB|
00004d40  53 42 32 42 2f 09 4e b9  00 0f 22 f4 58 8f 4a 42  |SB2B/.N...".X.JB|
00004d50  66 ee 48 78 00 0e 42 a7  48 7a 01 2c 4e b9 00 0f  |f.Hx..B.Hz.,N...|
00004d60  25 4e 70 01 e9 a8 81 79  00 0f 8b 0c 4f ef 00 0c  |%Np....y....O...|
00004d70  4c ee 00 1c ff dc 4e 5e  4e 75 4e 56 ff fc 48 e7  |L.....N^NuNV..H.|
00004d80  30 30 70 00 10 2e 00 0b  2f 00 61 00 fe ba 20 79  |00p...../.a... y|
00004d90  00 0f 8a 18 26 68 00 18  24 79 00 0f 8a 20 74 00  |....&h..$y... t.|
00004da0  34 2a 00 06 93 c9 42 41  91 c8 58 8f 60 20 4a 41  |4*....BA..X.` JA|
00004db0  66 08 36 1b 46 43 32 3c  80 00 30 03 c0 41 67 0a  |f.6.FC2<..0..Ag.|
00004dc0  70 00 10 2a 00 03 43 f1  08 01 e2 49 52 88 b4 88  |p..*..C....IR...|
00004dd0  6c dc 20 4e 21 09 48 78  00 04 2f 39 00 0f 8a 28  |l. N!.Hx../9...(|
00004de0  2f 08 61 00 f8 88 4f ef  00 0c 4c ee 0c 0c ff ec  |/.a...O...L.....|
00004df0  4e 5e 4e 75 4e 56 00 00  2f 0a 2f 02 24 6e 00 08  |N^NuNV.././.$n..|
00004e00  34 2e 00 0e 0c 12 00 3f  66 26 70 00 10 39 00 0f  |4......?f&p..9..|
00004e10  8a 13 2f 00 61 00 fe 30  3f 02 42 67 2f 0a 48 7a  |../.a..0?.Bg/.Hz|
00004e20  f9 56 4e b9 00 0f 25 4e  34 40 4f ef 00 10 60 32  |.VN...%N4@O...`2|
00004e30  2f 2e 00 10 4e b9 00 0f  33 80 58 8f 0c 2a 00 3f  |/...N...3.X..*.?|
00004e40  00 0c 67 04 42 2a 00 0c  42 2a 00 0e 3f 02 42 67  |..g.B*..B*..?.Bg|
00004e50  2f 0a 48 7a f9 2c 4e b9  00 0f 25 4e 34 40 4f ef  |/.Hz.,N...%N4@O.|
00004e60  00 0c 48 78 00 80 2f 39  00 0f 8a 28 2f 39 00 0f  |..Hx../9...(/9..|
00004e70  8a 1c 61 00 f7 f8 70 00  30 0a 24 2e ff f8 24 6e  |..a...p.0.$...$n|
00004e80  ff fc 4e 5e 4e 75 4e 56  00 00 2f 0a 2f 02 22 6e  |..N^NuNV.././."n|
00004e90  00 0c 20 2e 00 10 0c 11  00 0f 62 5a 20 79 00 0f  |.. .......bZ y..|
00004ea0  8a 18 31 40 00 04 43 e9  00 10 20 79 00 0f 8a 20  |..1@..C... y... |
00004eb0  0c 68 00 ff 00 06 62 1c  24 49 42 42 52 42 70 00  |.h....b.$IBBRBp.|
00004ec0  10 1a 2f 00 4e b9 00 0f  22 f4 58 8f 0c 42 00 10  |../.N...".X..B..|
00004ed0  67 24 60 e8 24 49 42 42  52 42 30 5a 2f 08 4e b9  |g$`.$IBBRB0Z/.N.|
00004ee0  00 0f 1e 68 3f 00 42 67  4e b9 00 0f 22 f4 50 8f  |...h?.BgN...".P.|
00004ef0  0c 42 00 08 66 e2 24 2e  ff f8 24 6e ff fc 4e 5e  |.B..f.$...$n..N^|
00004f00  4e 75 4e 75 4e 56 00 00  2f 02 22 6e 00 08 20 79  |NuNuNV../."n.. y|
00004f10  00 0f 8a 20 74 00 14 28  00 02 10 29 00 0c c0 28  |... t..(...)...(|
00004f20  00 04 02 80 00 00 00 ff  72 07 92 82 e3 a8 72 00  |........r.....r.|
00004f30  12 29 00 20 e4 a1 d0 41  48 c0 24 1f 4e 5e 4e 75  |.). ...AH.$.N^Nu|
00004f40  4e 56 00 00 2f 03 2f 02  22 6e 00 08 41 e9 00 20  |NV.././."n..A.. |
00004f50  74 0f 4a 20 66 04 53 42  66 f8 20 79 00 0f 8a 20  |t.J f.SBf. y... |
00004f60  0c 68 00 ff 00 06 63 02  e2 4a 42 40 10 28 00 04  |.h....c..JB@.(..|
00004f70  46 40 12 29 00 0c 02 41  00 1f c0 41 72 00 32 02  |F@.)...A...Ar.2.|
00004f80  74 00 14 28 00 02 76 07  96 82 e6 a1 80 41 02 80  |t..(..v......A..|
00004f90  00 00 ff ff 24 1f 26 1f  4e 5e 4e 75 4e 56 00 00  |....$.&.N^NuNV..|
00004fa0  2f 0a 24 6e 00 08 2f 0a  61 96 30 40 42 41 12 2a  |/.$n../.a.0@BA.*|
00004fb0  00 0c 58 8f b2 40 66 08  70 00 10 2a 00 0f 60 0a  |..X..@f.p..*..`.|
00004fc0  70 7f 46 00 b2 48 65 02  42 00 24 6e ff fc 4e 5e  |p.F..He.B.$n..N^|
00004fd0  4e 75 4e 56 00 00 48 e7  3e 30 24 6e 00 08 1c 2e  |NuNV..H.>0$n....|
00004fe0  00 0f 4a 6e 00 12 67 26  12 2a 00 22 70 00 10 2a  |..Jn..g&.*."p..*|
00004ff0  00 21 e9 88 16 01 e8 0b  86 00 14 01 02 02 00 0f  |.!..............|
00005000  d4 02 4a 2a 00 23 6c 14  00 02 00 01 60 0e 16 2a  |..J*.#l.....`..*|
00005010  00 0e 02 03 00 3f 14 2a  00 0c 52 02 0c 02 00 1f  |.....?.*..R.....|
00005020  63 04 52 03 42 02 0c 03  00 3f 63 06 70 06 60 00  |c.R.B....?c.p.`.|
00005030  00 a2 72 00 12 03 10 2a  00 0e 78 3f c0 84 b0 81  |..r....*..x?....|
00005040  66 22 12 2a 00 0c b5 01  20 79 00 0f 8a 20 10 28  |f".*.... y... .(|
00005050  00 04 46 80 18 3c 00 1f  c0 84 c0 81 66 06 15 42  |..F..<......f..B|
00005060  00 0c 60 6e 2f 0a 4e b9  00 0f 2c 10 58 8f 0c 40  |..`n/.N...,.X..@|
00005070  00 fe 63 04 70 03 60 5a  1a 2a 00 0e 18 2a 00 0c  |..c.p.`Z.*...*..|
00005080  15 43 00 0e 15 42 00 0c  42 a7 2f 0a 48 79 00 0f  |.C...B..B./.Hy..|
00005090  27 12 47 f9 00 0f 25 4e  4e 93 4f ef 00 0c 0c 40  |'.G...%NN.O....@|
000050a0  00 fe 63 2c 4a 06 67 0c  15 45 00 0e 15 44 00 0c  |..c,J.g..E...D..|
000050b0  70 04 60 1e 48 78 00 08  2f 0a 48 79 00 0f 29 2a  |p.`.Hx../.Hy..)*|
000050c0  4e 93 4f ef 00 0c 0c 40  00 fe 63 04 70 05 60 02  |N.O....@..c.p.`.|
000050d0  70 00 4c ee 0c 7c ff e4  4e 5e 4e 75 4e 56 00 00  |p.L..|..N^NuNV..|
000050e0  20 79 00 0f 8a 20 32 6e  00 12 2f 09 2f 39 00 0f  | y... 2n.././9..|
000050f0  8a 28 72 00 32 2e 00 0a  70 00 10 28 00 02 e1 a9  |.(r.2...p..(....|
00005100  10 2e 00 0f c0 28 00 03  02 80 00 00 00 ff 20 41  |.....(........ A|
00005110  48 70 08 00 4e b9 00 0f  24 22 02 80 00 00 ff ff  |Hp..N...$"......|
00005120  4e 5e 4e 75 4e 56 00 00  2f 0a 2f 02 24 6e 00 08  |N^NuNV.././.$n..|
00005130  30 6e 00 0e 30 2e 00 16  02 2a 00 7f 00 0e 24 08  |0n..0....*....$.|
00005140  4a 6e 00 12 67 16 3f 00  42 67 4e b9 00 0f 1e 68  |Jn..g.?.BgN....h|
00005150  22 02 d2 82 35 80 18 10  58 8f 60 04 15 80 88 10  |"...5...X.`.....|
00005160  24 2e ff f8 24 6e ff fc  4e 5e 4e 75 4e 56 00 00  |$...$n..N^NuNV..|
00005170  22 6e 00 08 30 6e 00 0e  4a 6e 00 12 67 18 d1 c8  |"n..0n..Jn..g...|
00005180  32 71 88 10 2f 09 4e b9  00 0f 1e 68 02 80 00 00  |2q../.N....h....|
00005190  ff ff 58 8f 60 06 70 00  10 31 88 10 4e 5e 4e 75  |..X.`.p..1..N^Nu|
000051a0  4e 56 00 00 48 e7 3e 38  24 6e 00 08 20 2e 00 0c  |NV..H.>8$n.. ...|
000051b0  18 00 3a 2e 00 12 20 79  00 0f 8a 20 36 28 00 06  |..:... y... 6(..|
000051c0  4a 00 66 22 4a 2a 00 09  6c 1c 20 79 00 0f 8a 18  |J.f"J*..l. y....|
000051d0  20 68 00 10 70 00 30 28  00 08 2f 00 2f 0a 4e b9  | h..p.0(.././.N.|
000051e0  00 0f 20 00 50 8f 4a 45  67 2a 48 78 00 01 10 04  |.. .P.JEg*Hx....|
000051f0  48 80 30 40 2f 08 2f 0a  61 00 fd d8 4f ef 00 0c  |H.0@/./.a...O...|
00005200  4a 40 66 00 01 66 10 2a  00 23 02 00 00 7f 15 40  |J@f..f.*.#.....@|
00005210  00 20 60 26 0c 2a ff 80  00 20 66 1e 42 a7 10 04  |. `&.*... f.B...|
00005220  48 80 30 40 2f 08 2f 0a  61 00 fd a8 4f ef 00 0c  |H.0@/./.a...O...|
00005230  4a 40 66 00 01 3e 42 2a  00 20 1c 2a 00 0f 42 42  |J@f..>B*. .*..BB|
00005240  14 2a 00 20 2f 0a 61 00  fd 54 58 8f b0 42 62 12  |.*. /.a..TX..Bb.|
00005250  4a 04 66 00 01 1e 02 2a  00 7f 00 0e 1c 2a 00 20  |J.f....*.....*. |
00005260  52 06 2f 0a 61 00 fc 9e  34 00 02 43 ff 00 38 43  |R./.a...4..C..8C|
00005270  36 40 2e 8c 2f 0b 2f 0a  61 00 fe f2 36 00 4f ef  |6@.././.a...6.O.|
00005280  00 0c 67 0e 4a 04 57 c0  12 00 48 81 44 41 60 00  |..g.J.W...H.DA`.|
00005290  00 b2 4a 04 66 00 00 dc  4a 42 66 04 91 c8 60 04  |..J.f...JBf...`.|
000052a0  41 eb ff ff 2f 0c 2f 08  2f 0a 61 00 fe c0 3f 00  |A.../././.a...?.|
000052b0  42 67 4e b9 00 0f 23 ba  36 00 4f ef 00 10 0c 40  |BgN...#.6.O....@|
000052c0  ff ff 66 06 70 02 60 00  00 ac 78 00 38 00 2f 04  |..f.p.`...x.8./.|
000052d0  2f 0c 2f 0b 2f 0a 61 00  fe 4c 4f ef 00 10 0c 45  |/././.a..LO....E|
000052e0  00 02 67 04 72 03 60 5a  26 79 00 0f 8a 28 23 f9  |..g.r.`Z&y...(#.|
000052f0  00 0f 8a 1c 00 0f 8a 28  70 7f 20 79 00 0f 8a 28  |.......(p. y...(|
00005300  42 30 08 00 51 c8 ff f4  42 40 53 80 64 ec 72 03  |B0..Q...B@S.d.r.|
00005310  74 00 60 18 30 41 2f 08  70 00 10 02 2f 00 2f 04  |t.`.0A/.p..././.|
00005320  61 00 fd ba 52 82 72 01  4f ef 00 0c 20 79 00 0f  |a...R.r.O... y..|
00005330  8a 20 70 00 10 28 00 03  b0 82 6c d8 23 cb 00 0f  |. p..(....l.#...|
00005340  8a 28 30 41 2f 08 70 00  10 2a 00 20 2f 00 3f 03  |.(0A/.p..*. /.?.|
00005350  42 67 61 00 fd 88 4f ef  00 0c 4a 40 66 0c 15 46  |Bga...O...J@f..F|
00005360  00 0f 4a 45 66 04 52 2a  00 20 02 80 00 00 ff ff  |..JEf.R*. ......|
00005370  60 02 70 01 4c ee 1c 7c  ff e0 4e 5e 4e 75 4e 75  |`.p.L..|..N^NuNu|
00005380  4e 56 00 00 2f 0b 2f 0a  24 6e 00 08 26 6a 00 04  |NV.././.$n..&j..|
00005390  10 13 14 80 67 0a 02 80  00 00 00 ff 53 80 60 08  |....g.......S.`.|
000053a0  70 00 10 39 00 0f 8a 13  2f 00 4e b9 00 0f 2c 46  |p..9..../.N...,F|
000053b0  16 b9 00 0f 8a 14 15 7c  00 01 00 01 58 8f 24 6e  |.......|....X.$n|
000053c0  ff f8 26 6e ff fc 4e 5e  4e 75 4e 56 ff f8 2f 0a  |..&n..N^NuNV../.|
000053d0  2f 02 24 6e 00 10 32 2e  00 0a 34 2e 00 0e 42 2e  |/.$n..2...4...B.|
000053e0  ff f9 20 0a 42 40 48 40  3d 40 ff fc 3d 4a ff fe  |.. .B@H@=@..=J..|
000053f0  0c 41 00 3f 62 00 00 9a  70 00 30 01 d0 80 30 3b  |.A.?b...p.0...0;|
00005400  08 06 4e fb 00 02 00 92  00 9c 00 ac 00 bc 00 c2  |..N.............|
00005410  00 ce 00 e6 00 fc 01 08  01 12 01 1e 01 2a 00 80  |.............*..|
00005420  01 36 01 58 01 6e 01 8c  01 a0 01 ae 01 d6 01 ee  |.6.X.n..........|
00005430  01 fc 02 0a 02 30 02 46  02 52 02 5e 00 8a 02 6a  |.....0.F.R.^...j|
00005440  02 7e 02 8a 02 a8 02 e2  02 fe 03 10 03 1e 03 32  |.~.............2|
00005450  03 46 00 8a 00 8a 03 60  00 8a 00 8a 00 8a 00 8a  |.F.....`........|
00005460  00 8a 03 7c 03 88 03 9c  00 8a 00 8a 00 8a 00 8a  |...|............|
00005470  00 8a 00 8a 00 8a 00 8a  00 8a 00 8a 03 a4 00 8a  |................|
00005480  03 bc 00 8a 03 ce 20 3c  00 00 20 22 60 00 03 62  |...... <.. "`..b|
00005490  70 00 46 40 60 00 03 5a  42 a7 4e b9 00 0f 1f 72  |p.F@`..ZB.N....r|
000054a0  58 8f 4e b9 00 0f 52 8a  02 80 00 00 00 ff 60 00  |X.N...R.......`.|
000054b0  03 40 70 00 10 02 2f 00  4e b9 00 0f 52 c8 60 00  |.@p.../.N...R.`.|
000054c0  03 1c 48 78 00 07 60 3e  70 00 10 02 2f 00 48 78  |..Hx..`>p.../.Hx|
000054d0  00 06 60 0a 70 00 10 02  2f 00 48 78 00 05 4e b9  |..`.p.../.Hx..N.|
000054e0  00 0f 1e 4c 42 40 50 8f  60 00 02 f6 3f 02 42 67  |...LB@P.`...?.Bg|
000054f0  4e b9 00 0f 55 12 02 80  00 00 00 ff 58 8f 60 00  |N...U.......X.`.|
00005500  02 f0 48 78 00 13 4e b9  00 0f 1e 4c 60 e8 3f 02  |..Hx..N....L`.?.|
00005510  42 67 48 78 00 14 60 c6  2f 0a 4e b9 00 0f 53 00  |BgHx..`./.N...S.|
00005520  60 00 02 ba 2f 0a 4e b9  00 0f 53 6c 60 00 02 ae  |`.../.N...Sl`...|
00005530  4e b9 00 0f 54 ea 48 80  60 00 02 b0 42 79 00 0f  |N...T.H.`...By..|
00005540  8b 0c 42 79 00 0f 8b 18  42 79 00 0f 8b 00 50 f9  |..By....By....P.|
00005550  00 0f 8a 12 42 39 00 0f  8a 13 60 00 01 0e 70 00  |....B9....`...p.|
00005560  10 02 2f 00 4e b9 00 0f  2c 46 13 c2 00 0f 8a 13  |../.N...,F......|
00005570  60 00 02 6a 48 6e ff f8  61 00 fe 06 42 2a 00 0c  |`..jHn..a...B*..|
00005580  42 2a 00 0e 42 a7 2f 0a  48 79 00 0f 27 12 60 00  |B*..B./.Hy..'.`.|
00005590  01 14 48 6e ff f8 61 00  fd e8 2f 0a 4e b9 00 0f  |..Hn..a.../.N...|
000055a0  2c 10 60 00 ff 42 23 ca  00 0f 8a 2c 48 6e ff f8  |,.`..B#....,Hn..|
000055b0  42 a7 60 1c 24 79 00 0f  8a 2c 20 0a 42 40 48 40  |B.`.$y..., .B@H@|
000055c0  3d 40 ff fc 3d 4a ff fe  48 6e ff f8 48 78 00 01  |=@..=J..Hn..Hx..|
000055d0  2f 0a 4e b9 00 0f 2d f4  60 00 01 06 48 6e ff f8  |/.N...-.`...Hn..|
000055e0  61 00 fd 9e 48 78 00 02  2f 0a 48 79 00 0f 2a 24  |a...Hx../.Hy..*$|
000055f0  60 00 00 b2 48 6e ff f8  61 00 fd 86 42 a7 60 00  |`...Hn..a...B.`.|
00005600  01 10 48 6e ff f8 61 00  fd 78 42 a7 60 00 01 64  |..Hn..a..xB.`..d|
00005610  48 6e ff f8 61 00 fd 6a  42 2a 00 0c 42 2a 00 0d  |Hn..a..jB*..B*..|
00005620  42 2a 00 0e 42 2a 00 0f  48 78 00 08 2f 0a 48 79  |B*..B*..Hx../.Hy|
00005630  00 0f 29 2a 60 6e 48 6e  ff f8 61 00 fd 44 48 78  |..)*`nHn..a..DHx|
00005640  00 02 2f 0a 48 79 00 0f  29 b0 60 58 70 00 30 39  |../.Hy..).`Xp.09|
00005650  00 0f 8b 0c 60 00 01 9a  70 00 10 39 00 0f 8a 13  |....`...p..9....|
00005660  60 00 01 8e 23 ca 00 0f  8a 28 42 40 60 00 01 7c  |`...#....(B@`..||
00005670  72 00 12 39 00 0f 8a 13  70 01 e3 a8 81 79 00 0f  |r..9....p....y..|
00005680  8b 18 60 e6 70 00 30 39  00 0f 8b 18 60 00 01 62  |..`.p.09....`..b|
00005690  48 6e ff f8 61 00 fc ea  48 78 00 02 2f 0a 48 79  |Hn..a...Hx../.Hy|
000056a0  00 0f 28 d4 4e b9 00 0f  25 4e 60 00 00 d0 10 39  |..(.N...%N`....9|
000056b0  00 0f 8a 13 b0 39 00 0f  8a 12 67 10 02 80 00 00  |.....9....g.....|
000056c0  00 ff 2f 00 4e b9 00 0f  2c 46 58 8f 48 78 00 10  |../.N...,FX.Hx..|
000056d0  2f 0a 2f 39 00 0f 8a 20  4e b9 00 0f 26 6c 42 40  |/./9... N...&lB@|
000056e0  4f ef 00 0c 60 00 00 fa  70 00 10 02 72 0f b2 80  |O...`...p...r...|
000056f0  6d 06 13 c2 00 0f 8a 14  70 00 10 39 00 0f 8a 14  |m.......p..9....|
00005700  60 00 00 ee 48 6e ff f8  61 00 fc 76 48 78 00 01  |`...Hn..a..vHx..|
00005710  48 78 00 01 60 5e 48 6e  ff f8 61 00 fc 64 48 78  |Hx..`^Hn..a..dHx|
00005720  00 01 60 4e 48 6e ff f8  61 00 fc 56 2f 0a 4e b9  |..`NHn..a..V/.N.|
00005730  00 0f 28 5a 60 00 fd ae  48 6e ff f8 61 00 fc 42  |..(Z`...Hn..a..B|
00005740  2f 0a 4e b9 00 0f 27 c6  60 00 fd 9a 30 02 46 40  |/.N...'.`...0.F@|
00005750  c1 79 00 0f 8b 0c c1 79  00 0f 8b 18 c1 79 00 0f  |.y.....y.....y..|
00005760  8b 00 60 00 ff 06 48 6e  ff f8 61 00 fc 14 48 78  |..`...Hn..a...Hx|
00005770  00 02 42 a7 2f 0a 4e b9  00 0f 31 a0 4f ef 00 10  |..B./.N...1.O...|
00005780  60 5e 3f 02 42 67 4e b9  00 0f 2d 7a 60 4e 23 f9  |`^?.BgN...-z`N#.|
00005790  00 0f 8a 28 00 0f 88 c8  42 a7 4e b9 00 0f 1f 72  |...(....B.N....r|
000057a0  58 8f 4e b9 00 0f 2b d6  60 40 2f 39 00 0f 8a 28  |X.N...+.`@/9...(|
000057b0  2f 0a 4e b9 00 0f 39 2c  02 80 00 00 ff ff 50 8f  |/.N...9,......P.|
000057c0  60 2e 2f 0a 4e b9 00 0f  1e 94 02 80 00 00 ff ff  |`./.N...........|
000057d0  60 00 fd 2a 2f 0a 4e b9  00 0f 1e e6 42 40 58 8f  |`..*/.N.....B@X.|
000057e0  4a 2e ff f9 67 04 14 ae  ff f8 02 80 00 00 ff ff  |J...g...........|
000057f0  24 2e ff f0 24 6e ff f4  4e 5e 4e 75 4e 56 ff fc  |$...$n..N^NuNV..|
00005800  48 e7 00 38 28 6e 00 08  10 14 0c 00 00 02 62 08  |H..8(n........b.|
00005810  0c 00 00 01 64 3e 60 0e  0c 00 00 03 67 00 00 ec  |....d>`.....g...|
00005820  42 40 60 00 00 f6 70 00  10 2c 00 03 13 c0 00 0f  |B@`...p..,......|
00005830  7d 44 72 00 12 2c 00 01  2f 01 2f 00 48 78 00 09  |}Dr..,.././.Hx..|
00005840  4e b9 00 0f 1e 4c 29 40  00 10 42 40 4f ef 00 0c  |N....L)@..B@O...|
00005850  60 00 00 c8 10 2c 00 03  b0 39 00 0f 7d 44 67 1e  |`....,...9..}Dg.|
00005860  13 c0 00 0f 7d 44 42 a7  02 80 00 00 00 ff 2f 00  |....}DB......./.|
00005870  48 78 00 09 4e b9 00 0f  1e 4c 4f ef 00 0c 26 6c  |Hx..N....LO...&l|
00005880  00 10 24 6b 00 10 48 6e  ff fe 70 00 30 12 2f 00  |..$k..Hn..p.0./.|
00005890  2f 2c 00 04 4e b9 00 0f  1e 7c 02 80 00 00 ff ff  |/,..N....|......|
000058a0  72 00 32 2a 00 0e 20 40  48 70 18 00 48 78 00 0a  |r.2*.. @Hp..Hx..|
000058b0  45 f9 00 0f 1e 4c 4e 92  2f 13 70 00 30 2e ff fe  |E....LN./.p.0...|
000058c0  2f 00 48 78 00 10 4e b9  00 0f 1e 4c 4f ef 00 20  |/.Hx..N....LO.. |
000058d0  3f 00 42 67 48 78 00 0b  4e 92 2f 2c 00 0c 48 78  |?.BgHx..N./,..Hx|
000058e0  00 0c 4e b9 00 0f 1e 4c  4f ef 00 10 0c 14 00 01  |..N....LO.......|
000058f0  66 06 48 78 00 0d 60 16  70 00 10 2c 00 01 2f 00  |f.Hx..`.p..,../.|
00005900  48 78 00 0e 4e 92 50 8f  60 10 48 78 00 15 4e b9  |Hx..N.P.`.Hx..N.|
00005910  00 0f 1e 4c 02 40 00 ff  58 8f 02 80 00 00 ff ff  |...L.@..X.......|
00005920  4c ee 1c 00 ff f0 4e 5e  4e 75 4e 75 48 e7 7f fe  |L.....N^NuNuH...|
00005930  20 6f 00 3c 42 80 61 00  00 60 4a 80 66 00 00 34  | o.<B.a..`J.f..4|
00005940  61 00 01 22 4a 80 66 00  00 2a 61 00 02 8e 4a 80  |a.."J.f..*a...J.|
00005950  66 00 00 20 2e 39 00 0f  7d 5e be b9 00 0f 7d 6c  |f.. .9..}^....}l|
00005960  67 00 00 06 61 00 03 ae  4a 80 66 00 00 06 61 00  |g...a...J.f...a.|
00005970  04 50 22 2f 00 40 61 00  00 16 4c df 7f fe 4e 75  |.P"/.@a...L...Nu|
00005980  2f 00 22 10 70 14 4e 42  22 00 20 1f 4e 75 2f 00  |/.".p.NB". .Nu/.|
00005990  70 1a 4e 42 20 1f 4e 75  22 28 00 04 61 00 ff f0  |p.NB .Nu"(..a...|
000059a0  61 00 ff de 4a 81 66 00  00 16 7e 12 2a 68 00 04  |a...J.f...~.*h..|
000059b0  2c 7c 00 0f 7d 48 3c dd  51 cf ff fc 4e 75 70 02  |,|..}H<.Q...Nup.|
000059c0  4e 75 42 81 24 7c 00 0f  7d 6c 26 7c 00 0f 7d 4a  |NuB.$|..}l&|..}J|
000059d0  2e 32 28 00 be b2 38 00  6c 00 00 10 de b3 28 00  |.2(...8.l.....(.|
000059e0  be b2 38 00 6e 00 00 14  4e 75 2e 32 38 00 de b3  |..8.n...Nu.28...|
000059f0  38 00 be b2 28 00 6f 00  00 04 72 01 4e 75 2c 02  |8...(.o...r.Nu,.|
00005a00  53 46 e5 4a 2e 28 00 08  2a 7c 00 0f 7d 6c 2c 7c  |SF.J.(..*|..}l,||
00005a10  00 0f 7d 4a 9e b6 28 00  08 87 00 00 2b 87 28 00  |..}J..(.....+.(.|
00005a20  be a8 00 04 6d 00 ff d4  42 83 61 00 ff 96 58 83  |....m...B.a...X.|
00005a30  4a 81 56 ce ff f6 4e 75  2a 02 53 85 23 c5 00 0f  |J.V...Nu*.S.#...|
00005a40  7d 84 e5 8a 42 84 2c 39  00 0f 7d 84 2a 7c 00 0f  |}...B.,9..}.*|..|
00005a50  7d 6c 2e 35 48 00 61 00  ff b0 58 84 4a 81 57 cd  |}l.5H.a...X.J.W.|
00005a60  ff e6 4e 75 3c 39 00 0f  7d 48 02 46 ff fe 0c 46  |..Nu<9..}H.F...F|
00005a70  60 1a 66 00 01 3c 23 f9  00 0f 7d 56 00 0f 7d 80  |`.f..<#...}V..}.|
00005a80  2e 3c 00 00 01 00 23 c7  00 0f 7d 56 45 f9 00 0f  |.<....#...}VE...|
00005a90  7d 5a be 52 6d 00 00 04  24 87 0c 79 60 1b 00 0f  |}Z.Rm...$..y`...|
00005aa0  7d 48 67 00 00 0c 4a 79  00 0f 7d 62 67 00 00 10  |}Hg...Jy..}bg...|
00005ab0  23 f9 00 0f 7d 5e 00 0f  7d 6c 60 00 00 46 08 28  |#...}^..}l`..F.(|
00005ac0  00 00 00 15 66 00 00 1a  2e 28 00 04 06 87 00 00  |....f....(......|
00005ad0  01 01 08 87 00 00 23 c7  00 0f 7d 6c 60 00 00 24  |......#...}l`..$|
00005ae0  2e 28 00 08 9e b9 00 0f  7d 4a 9e b9 00 0f 7d 4e  |.(......}J....}N|
00005af0  9e b9 00 0f 7d 52 59 87  08 87 00 00 23 c7 00 0f  |....}RY.....#...|
00005b00  7d 6c 0c 79 60 1b 00 0f  7d 48 66 00 00 1a 23 f9  |}l.y`...}Hf...#.|
00005b10  00 0f 7d 64 00 0f 7d 70  23 f9 00 0f 7d 68 00 0f  |..}d..}p#...}h..|
00005b20  7d 74 60 00 00 2c 2e 39  00 0f 7d 6c de b9 00 0f  |}t`..,.9..}l....|
00005b30  7d 4a 52 87 08 87 00 00  23 c7 00 0f 7d 70 de b9  |}JR.....#...}p..|
00005b40  00 0f 7d 4e 52 87 08 87  00 00 23 c7 00 0f 7d 74  |..}NR.....#...}t|
00005b50  74 03 61 00 fe e4 4a 81  67 00 00 0e 74 03 61 00  |t.a...J.g...t.a.|
00005b60  fe 9e 4a 81 66 00 00 4a  74 04 61 00 fe 92 4a 81  |..J.f..Jt.a...J.|
00005b70  67 00 00 0e 74 04 61 00  fe c0 4a 81 66 00 00 32  |g...t.a...J.f..2|
00005b80  2a 7c 00 0f 7d 6c 2c 7c  00 0f 7d 4a 42 82 76 04  |*|..}l,|..}JB.v.|
00005b90  2e 35 28 00 be a8 00 04  6d 00 00 16 de b6 28 00  |.5(.....m.....(.|
00005ba0  be a8 00 08 6e 00 00 0a  58 82 51 cb ff e4 4e 75  |....n...X.Q...Nu|
00005bb0  70 01 4e 75 22 79 00 0f  7d 78 2c 3c 00 00 00 80  |p.Nu"y..}x,<....|
00005bc0  9c 79 00 0f 7d 8a d2 c6  97 79 00 0f 7d 8a 60 00  |.y..}....y..}.`.|
00005bd0  00 04 14 d9 51 cb ff fc  4e 75 7e 3f 2a 68 00 04  |....Q...Nu~?*h..|
00005be0  2c 79 00 0f 7d 78 3c dd  51 cf ff fc 3e 3c 00 64  |,y..}x<.Q...><.d|
00005bf0  0c 79 60 1a 00 0f 7d 48  67 00 00 04 51 47 33 c7  |.y`...}Hg...QG3.|
00005c00  00 0f 7d 8a 33 fc 00 02  00 0f 7d 88 24 79 00 0f  |..}.3.....}.$y..|
00005c10  7d 6c 24 39 00 0f 7d 4a  42 83 36 39 00 0f 7d 8a  |}l$9..}JB.69..}.|
00005c20  b6 82 6d 00 00 0c 26 02  61 00 ff 8a 60 00 00 56  |..m...&.a...`..V|
00005c30  94 83 61 00 ff 80 26 3c  00 00 00 80 b4 83 6d 00  |..a...&<......m.|
00005c40  00 1e 22 0a 61 00 fd 48  61 00 fd 36 4a 41 66 00  |..".a..Ha..6JAf.|
00005c50  00 64 94 83 d5 fc 00 00  00 80 60 00 ff e0 4a 82  |.d........`...J.|
00005c60  67 00 00 22 22 39 00 0f  7d 78 61 00 fd 22 61 00  |g..""9..}xa.."a.|
00005c70  fd 10 4a 41 66 00 00 3e  33 c3 00 0f 7d 8a 26 02  |..JAf..>3...}.&.|
00005c80  61 00 ff 32 24 79 00 0f  7d 70 24 39 00 0f 7d 4e  |a..2$y..}p$9..}N|
00005c90  53 79 00 0f 7d 88 66 00  ff 80 24 79 00 0f 7d 74  |Sy..}.f...$y..}t|
00005ca0  24 39 00 0f 7d 52 67 00  00 0a 42 1a 53 82 66 00  |$9..}Rg...B.S.f.|
00005cb0  ff fa 4e 75 70 02 4e 75  3e 1b 02 47 00 07 e3 4f  |..Nup.Nu>..G...O|
00005cc0  4e fb 78 02 60 00 00 24  60 00 00 30 60 00 00 2c  |N.x.`..$`..0`..,|
00005cd0  60 00 00 28 60 00 00 0e  60 00 00 18 60 00 00 06  |`..(`...`...`...|
00005ce0  60 00 00 08 20 1f 70 03  4e 75 08 82 00 00 4a 5a  |`... .p.Nu....JZ|
00005cf0  4e 75 08 c2 00 00 4a 5a  4e 75 08 82 00 00 66 00  |Nu....JZNu....f.|
00005d00  00 0a 3c 12 dc 45 34 c6  4e 75 4a 62 2c 12 dc 85  |..<..E4.NuJb,...|
00005d10  24 c6 4e 75 22 39 00 0f  7d 78 61 00 fc 72 2e 39  |$.Nu"9..}xa..r.9|
00005d20  00 0f 7d 80 8e fc 00 80  3c 07 48 47 36 39 00 0f  |..}.....<.HG69..|
00005d30  7d 8a 96 47 6c 00 00 08  06 43 00 80 52 46 26 79  |}..Gl....C..RF&y|
00005d40  00 0f 7d 78 d6 fc 00 80  96 c3 e2 4b 60 00 00 0c  |..}x.......K`...|
00005d50  61 00 fc 2e 4a 41 66 00  ff 5c 51 ce ff f4 2a 39  |a...JAf..\Q...*9|
00005d60  00 0f 7d 6c 24 45 9a b9  00 0f 7d 5e 28 39 00 0f  |..}l$E....}^(9..|
00005d70  7d 4a 33 fc 00 02 00 0f  7d 88 42 82 e2 8c 60 00  |}J3.....}.B...`.|
00005d80  00 22 53 43 6a 00 00 16  61 00 fb f6 4a 41 66 00  |."SCj...a...JAf.|
00005d90  ff 24 26 79 00 0f 7d 78  36 3c 00 3f 61 00 ff 1a  |.$&y..}x6<.?a...|
00005da0  53 84 4a 84 66 00 ff dc  24 79 00 0f 7d 70 28 39  |S.J.f...$y..}p(9|
00005db0  00 0f 7d 4e 53 79 00 0f  7d 88 66 00 ff be 4e 75  |..}NSy..}.f...Nu|
00005dc0  21 79 00 0f 7d 78 00 0c  2e 39 00 0f 7d 7c de b9  |!y..}x...9..}|..|
00005dd0  00 0f 7d 5a 08 87 00 00  21 47 00 10 22 79 00 0f  |..}Z....!G.."y..|
00005de0  7d 78 22 e8 00 04 22 e8  00 08 22 f9 00 0f 7d 6c  |}x"..."..."...}l|
00005df0  22 f9 00 0f 7d 4a 22 f9  00 0f 7d 70 22 f9 00 0f  |"...}J"...}p"...|
00005e00  7d 4e 22 f9 00 0f 7d 74  22 b9 00 0f 7d 52 2e 28  |}N"...}t"...}R.(|
00005e10  00 08 2c 29 ff fc dc 99  2c 7c 00 0f 7d 6c 7a 04  |..,)....,|..}lz.|
00005e20  42 b9 00 0f 7d 74 bc 96  62 00 00 0a be 96 63 00  |B...}t..b.....c.|
00005e30  00 04 2e 16 4a 9e 51 cd  ff ee 9e 86 22 c7 24 50  |....J.Q.....".$P|
00005e40  10 12 66 00 00 0a 30 3c  00 19 4e 42 52 40 12 c0  |..f...0<..NBR@..|
00005e50  42 80 4e 75 13 02 ff 80  0c 01 00 00 4e 56 00 00  |B.Nu........NV..|
00005e60  48 e7 38 00 70 16 72 02  24 3c 00 0f 3e e2 41 fa  |H.8.p.r.$<..>.A.|
00005e70  ff e4 26 01 e6 4b 03 30  30 00 66 00 00 0c 48 e7  |..&..K.00.f...H.|
00005e80  e0 00 4e 43 4c df 00 07  52 81 58 82 0c 41 00 30  |..NCL...R.X..A.0|
00005e90  6d 00 ff e0 70 12 4e 43  20 40 4a 58 22 18 24 01  |m...p.NC @JX".$.|
00005ea0  d4 90 26 39 00 0f 8b 04  28 39 00 0f 8b 10 70 11  |..&9....(9....p.|
00005eb0  20 6e 00 08 23 c8 00 0f  7d 8c b2 90 62 00 00 14  | n..#...}...b...|
00005ec0  b4 90 63 00 00 0e b6 90  62 00 00 0a b8 90 63 00  |..c.....b.....c.|
00005ed0  00 04 42 90 4a 98 51 c8  ff e2 4c df 00 1c 4e 5e  |..B.J.Q...L...N^|
00005ee0  4e 75 61 00 00 b6 61 00  00 b2 61 00 00 ae 61 00  |Nua...a...a...a.|
00005ef0  00 aa 61 00 00 a6 61 00  00 a2 61 00 00 9e 61 00  |..a...a...a...a.|
00005f00  00 9a 61 00 00 96 61 00  00 92 61 00 00 8e 61 00  |..a...a...a...a.|
00005f10  00 8a 61 00 00 86 61 00  00 82 61 00 00 7e 61 00  |..a...a...a..~a.|
00005f20  00 7a 61 00 00 76 61 00  00 72 61 00 00 6e 61 00  |.za..va..ra..na.|
00005f30  00 6a 61 00 00 66 61 00  00 62 61 00 00 5e 61 00  |.ja..fa..ba..^a.|
00005f40  00 5a 61 00 00 56 61 00  00 52 61 00 00 4e 61 00  |.Za..Va..Ra..Na.|
00005f50  00 4a 61 00 00 46 61 00  00 42 61 00 00 3e 61 00  |.Ja..Fa..Ba..>a.|
00005f60  00 3a 61 00 00 36 61 00  00 32 61 00 00 2e 61 00  |.:a..6a..2a...a.|
00005f70  00 2a 61 00 00 26 61 00  00 22 61 00 00 1e 61 00  |.*a..&a.."a...a.|
00005f80  00 1a 61 00 00 16 61 00  00 12 61 00 00 0e 61 00  |..a...a...a...a.|
00005f90  00 0a 61 00 00 06 61 00  00 02 42 67 48 e7 80 80  |..a...a...BgH...|
00005fa0  20 2f 00 0a 04 80 00 0f  3e e6 0c 40 00 24 6f 00  | /......>..@.$o.|
00005fb0  00 16 0c 40 00 58 6d 00  00 28 0c 40 00 74 6e 00  |...@.Xm..(.@.tn.|
00005fc0  00 20 04 40 00 30 20 79  00 0f 7d 8c d0 c0 4a 90  |. .@.0 y..}...J.|
00005fd0  66 00 00 64 0c 40 00 28  6d 00 00 06 06 40 00 30  |f..d.@.(m....@.0|
00005fe0  de fc 00 0e e4 40 0c 40  00 02 6c 00 00 06 4c df  |.....@.@..l...L.|
00005ff0  03 00 4a 5f 06 40 00 02  0c 40 00 17 6f 00 00 06  |..J_.@...@..o...|
00006000  06 40 00 08 3f 00 41 f9  00 0f 7a 88 61 00 00 98  |.@..?.A...z.a...|
00006010  30 1f 61 00 00 ba 41 f9  00 0f 7a 98 61 00 00 88  |0.a...A...z.a...|
00006020  20 1f 61 00 00 96 41 f9  00 0f 7a ac 61 00 00 78  | .a...A...z.a..x|
00006030  42 80 4e 42 4e 73 0c 40  00 08 6d 00 00 2e 08 2f  |B.NBNs.@..m..../|
00006040  00 0d 00 0e 66 00 ff 8e  2f 50 00 0a 4e 68 21 2f  |....f.../P..Nh!/|
00006050  00 10 31 2f 00 0e 4e 60  4c df 01 01 2f 6f 00 02  |..1/..N`L.../o..|
00006060  00 08 5c 4f 02 57 7f ff  4e 73 08 2f 00 0d 00 16  |..\O.W..Ns./....|
00006070  66 00 ff 62 2f 50 00 0a  4e 68 21 2f 00 18 31 2f  |f..b/P..Nh!/..1/|
00006080  00 16 21 2f 00 12 21 2f  00 0e 4e 60 4c df 01 01  |..!/..!/..N`L...|
00006090  2f 6f 00 02 00 10 de fc  00 0e 02 57 7f ff 4e 73  |/o.........W..Ns|
000060a0  2f 08 42 67 4e 73 42 81  12 18 67 00 00 0c 30 3c  |/.BgNsB...g...0<|
000060b0  00 02 4e 42 60 00 ff f0  4e 75 3f 00 48 40 61 00  |..NB`...Nu?.H@a.|
000060c0  00 04 30 1f 3f 00 e0 48  61 00 00 04 30 1f 3f 00  |..0.?..Ha...0.?.|
000060d0  e8 48 61 00 00 04 30 1f  02 40 00 0f 0c 40 00 0a  |.Ha...0..@...@..|
000060e0  6d 00 00 06 06 00 00 07  06 00 00 30 32 00 30 3c  |m..........02.0<|
000060f0  00 02 4e 42 4e 75 4e 75  23 fc 00 0f 7a b8 00 0f  |..NBNuNu#...z...|
00006100  7d 90 23 fc 00 0f 7a bc  00 0f 7d 9a 23 fc 00 0f  |}.#...z...}.#...|
00006110  7a c0 00 0f 7d a4 23 fc  00 0f 7a c4 00 0f 7d ae  |z...}.#...z...}.|
00006120  23 fc 00 0f 01 2c 00 0f  7d 94 23 fc 00 0f 01 2c  |#....,..}.#....,|
00006130  00 0f 7d 9e 23 fc 00 0f  01 2c 00 0f 7d a8 23 fc  |..}.#....,..}.#.|
00006140  00 0f 01 2c 00 0f 7d b2  4e 75 4e 75 2c 5f 21 fc  |...,..}.NuNu,_!.|
00006150  00 0f 41 8c 00 8c 20 7c  00 0f 7c 34 22 3c 00 0f  |..A... |..|4"<..|
00006160  a4 74 92 88 e4 89 60 02  42 98 51 c9 ff fc 4e b9  |.t....`.B.Q...N.|
00006170  00 0f 4b ce 4e b9 00 0f  48 7a 20 7c 00 0f 00 08  |..K.N...Hz |....|
00006180  42 81 70 03 4e 48 30 3c  00 05 4e d6 0c 40 00 17  |B.p.NH0<..N..@..|
00006190  65 06 20 3c 00 00 00 17  48 e7 60 c0 e5 48 22 7b  |e. <....H.`..H"{|
000061a0  00 12 e4 48 4e 91 4c df  03 06 4e 73 4a fc 70 ff  |...HN.L...NsJ.p.|
000061b0  4e 75 00 0f 42 12 00 0f  42 18 00 0f 42 2a 00 0f  |Nu..B...B...B*..|
000061c0  42 3a 00 0f 42 44 00 0f  42 4a 00 0f 42 4c 00 0f  |B:..BD..BJ..BL..|
000061d0  42 50 00 0f 44 b6 00 0f  42 dc 00 0f 43 3a 00 0f  |BP..D...B...C:..|
000061e0  43 4c 00 0f 43 5e 00 0f  47 ba 00 0f 46 60 00 0f  |CL..C^..G...F`..|
000061f0  42 54 00 0f 42 5c 00 0f  41 ac 00 0f 42 60 00 0f  |BT..B\..A...B`..|
00006200  42 68 00 0f 42 70 00 0f  45 40 00 0f 42 78 00 0f  |Bh..Bp..E@..Bx..|
00006210  41 ac 4e f9 00 0f 00 00  4f f9 00 0f 87 18 4e b9  |A.N.....O.....N.|
00006220  00 0f 45 40 4e f9 00 0f  01 1c 70 05 4e 48 4a 40  |..E@N.....p.NHJ@|
00006230  67 00 00 06 30 3c 00 ff  4e 75 70 04 4e 48 42 80  |g...0<..Nup.NHB.|
00006240  10 01 4e 75 70 02 4e 48  4e 75 4e 75 30 01 4e 75  |..Nup.NHNuNu0.Nu|
00006250  70 1a 4e 75 20 3c 00 00  00 ff 4e 75 30 01 4e 75  |p.Nu <....Nu0.Nu|
00006260  20 3c 00 0f 7a ca 4e 75  30 39 00 0f 7a c8 4e 75  | <..z.Nu09..z.Nu|
00006270  13 c0 00 0f 7a c9 4e 75  0c 41 00 40 64 00 ff 2e  |....z.Nu.A.@d...|
00006280  d2 41 d2 41 48 c1 22 41  20 11 22 82 4e 75 4e 75  |.A.AH."A .".NuNu|
00006290  4e 56 00 00 2f 02 20 2e  00 08 24 2e 00 0c 22 2e  |NV../. ...$...".|
000062a0  00 10 20 40 60 02 10 c2  51 c9 ff fc 42 41 53 81  |.. @`...Q...BAS.|
000062b0  64 f4 24 1f 4e 5e 4e 75  4e 56 00 00 20 2e 00 08  |d.$.N^NuNV.. ...|
000062c0  22 6e 00 0c 22 2e 00 10  20 40 60 02 10 d9 51 c9  |"n.."... @`...Q.|
000062d0  ff fc 42 41 53 81 64 f4  4e 5e 4e 75 4e 56 00 00  |..BAS.d.N^NuNV..|
000062e0  10 2e 00 0b 0c 00 00 0f  62 1a 02 40 00 ff 33 c0  |........b..@..3.|
000062f0  00 0f 7c 2c 48 c0 e9 88  20 40 d1 fc 00 0f 7b 24  |..|,H... @....{$|
00006300  20 10 60 0a 33 fc ff ff  00 0f 7c 2c 70 00 4e 5e  | .`.3.....|,p.N^|
00006310  4e 75 4e 56 00 00 30 2e  00 0a 30 40 d1 fc 00 0f  |NuNV..0...0@....|
00006320  a4 26 12 10 60 06 10 a8  ff ff 53 88 51 c8 ff f8  |.&..`.....S.Q...|
00006330  13 c1 00 0f a4 26 4e 5e  4e 75 4e 56 00 00 33 ee  |.....&N^NuNV..3.|
00006340  00 0a 00 0f a4 24 70 00  4e 5e 4e 75 4e 56 00 00  |.....$p.N^NuNV..|
00006350  33 ee 00 0a 00 0f a4 72  70 00 4e 5e 4e 75 4e 56  |3......rp.N^NuNV|
00006360  00 00 23 ee 00 08 00 0f  8b 9c 70 00 4e 5e 4e 75  |..#.......p.N^Nu|
00006370  4e 56 00 00 22 2e 00 08  20 01 53 80 c0 81 57 c0  |NV.."... .S...W.|
00006380  48 80 30 40 60 04 52 88  e2 89 4a 81 66 f8 20 08  |H.0@`.R...J.f. .|
00006390  4e 5e 4e 75 4e 56 00 00  48 e7 38 38 28 2e 00 08  |N^NuNV..H.88(...|
000063a0  24 44 76 01 60 2e 70 00  10 1b 2f 00 48 79 00 0f  |$Dv.`.p.../.Hy..|
000063b0  58 db 49 f9 00 0f 4d da  4e 94 50 8f 51 ca ff e8  |X.I...M.N.P.Q...|
000063c0  50 8a 48 79 00 0f 58 ea  4e 94 53 43 58 8f 0c 43  |P.Hy..X.N.SCX..C|
000063d0  ff ff 67 06 26 4a 74 07  60 cc 48 79 00 0f 58 ea  |..g.&Jt.`.Hy..X.|
000063e0  4e b9 00 0f 4d da 24 44  74 0f 58 8f 12 12 10 01  |N...M.$Dt.X.....|
000063f0  06 00 ff e0 0c 00 00 5e  63 04 70 2e 60 04 70 00  |.......^c.p.`.p.|
00006400  10 01 2f 00 48 79 00 0f  58 e1 4e b9 00 0f 4d da  |../.Hy..X.N...M.|
00006410  53 42 50 8f 0c 42 ff ff  67 04 52 8a 60 ce 4c ee  |SBP..B..g.R.`.L.|
00006420  1c 1c ff e8 4e 5e 4e 75  4e 56 00 00 48 e7 20 38  |....N^NuNV..H. 8|
00006430  28 6e 00 08 26 6e 00 0c  24 6e 00 10 60 40 2f 0c  |(n..&n..$n..`@/.|
00006440  48 79 00 0f 58 e4 4e b9  00 0f 4d da 2f 0b 61 00  |Hy..X.N...M./.a.|
00006450  ff 44 47 eb 00 10 49 ec  00 10 45 ea ff f0 52 82  |.DG...I...E...R.|
00006460  4f ef 00 0c 70 08 b0 82  67 06 b4 fc 00 00 6e ce  |O...p...g.....n.|
00006470  48 79 00 0f 59 ef 4e b9  00 0f 4d da 58 8f b4 fc  |Hy..Y.N...M.X...|
00006480  00 00 6f 28 2f 0c 48 79  00 0f 58 e4 4e b9 00 0f  |..o(/.Hy..X.N...|
00006490  4d da 2f 0b 61 00 fe fe  47 eb 00 10 49 ec 00 10  |M./.a...G...I...|
000064a0  45 ea ff f0 74 01 4f ef  00 0c 60 be 4c ee 1c 04  |E...t.O...`.L...|
000064b0  ff f0 4e 5e 4e 75 4e 56  00 00 30 39 00 0f 7c 2c  |..N^NuNV..09..|,|
000064c0  48 c0 e9 88 41 f9 00 0f  7b 1c 30 70 08 0c 2f 08  |H...A...{.0p../.|
000064d0  4e b9 00 0f 4d 64 70 00  4e 5e 4e 75 4e 56 00 00  |N...Mdp.N^NuNV..|
000064e0  2f 0a 2f 02 22 2e 00 08  20 01 e7 88 24 40 d5 fc  |/./."... ...$@..|
000064f0  00 0f 8b 38 70 00 10 2a  00 05 08 00 00 04 67 32  |...8p..*......g2|
00006500  74 0f c0 82 67 2c 70 09  e1 a9 06 81 00 0f 8c 24  |t...g,p........$|
00006510  2f 01 2f 12 70 00 10 2a  00 04 2f 00 4e b9 00 0f  |/./.p..*../.N...|
00006520  4d 42 23 c0 00 0f 8b 98  02 2a ff f0 00 05 4f ef  |MB#......*....O.|
00006530  00 0c 70 00 24 2e ff f8  24 6e ff fc 4e 5e 4e 75  |..p.$...$n..N^Nu|
00006540  4e 56 00 00 2f 03 2f 02  76 00 74 00 2f 02 61 8c  |NV.././.v.t./.a.|
00006550  58 8f 4a b9 00 0f 8b 98  67 02 76 ff 52 82 70 0c  |X.J.....g.v.R.p.|
00006560  b0 82 66 e8 20 03 24 2e  ff f8 26 2e ff fc 4e 5e  |..f. .$...&...N^|
00006570  4e 75 4e 56 00 00 48 e7  3c 20 28 2e 00 0c 36 2e  |NuNV..H.< (...6.|
00006580  00 0a 3a 2e 00 12 72 00  41 f9 00 0f a4 26 10 30  |..:...r.A....&.0|
00006590  18 00 48 80 34 00 48 c2  20 02 e7 88 20 40 d1 fc  |..H.4.H. ... @..|
000065a0  00 0f 8b 38 08 28 00 04  00 05 67 10 b8 90 66 0c  |...8.(....g...f.|
000065b0  70 00 10 28 00 04 30 43  b1 c0 67 5a 52 81 70 0c  |p..(..0C..gZR.p.|
000065c0  b0 81 66 c4 10 39 00 0f  a4 31 48 80 34 00 48 c2  |..f..9...1H.4.H.|
000065d0  20 02 e7 88 24 40 d5 fc  00 0f 8b 38 2f 02 61 00  | ...$@.....8/.a.|
000065e0  fe fc 42 2a 00 05 58 8f  20 02 72 09 e3 a8 4a 45  |..B*..X. .r...JE|
000065f0  66 2a 06 80 00 0f 8c 24  2f 00 2f 04 30 43 2f 08  |f*.....$/./.0C/.|
00006600  4e b9 00 0f 4d 20 23 c0  00 0f 8b 98 4f ef 00 0c  |N...M #.....O...|
00006610  67 2c 74 ff 60 3e 30 41  2f 08 60 32 42 b9 00 0f  |g,t.`>0A/.`2B...|
00006620  8b 98 48 78 02 00 42 a7  06 80 00 0f 8c 24 2f 00  |..Hx..B......$/.|
00006630  61 00 fc 5e 00 2a 00 0f  00 05 4f ef 00 0c 00 2a  |a..^.*....O....*|
00006640  00 10 00 05 15 43 00 04  24 84 48 78 00 0b 61 00  |.....C..$.Hx..a.|
00006650  fc c2 58 8f 20 02 4c ee  04 3c ff ec 4e 5e 4e 75  |..X. .L..<..N^Nu|
00006660  4e 56 00 00 48 e7 3e 38  3c 2e 00 0a 30 39 00 0f  |NV..H.>8<...09..|
00006670  7c 2c 48 c0 e9 88 24 40  d5 fc 00 0f 7b 1c 20 6a  ||,H...$@....{. j|
00006680  00 08 26 68 00 10 36 39  00 0f a4 24 32 13 30 39  |..&h..69...$2.09|
00006690  00 0f a4 72 34 2a 00 0c  0c 42 00 64 6e 00 01 10  |...r4*...B.dn...|
000066a0  c2 c3 02 80 00 00 ff ff  28 01 d8 80 0c 42 00 64  |........(....B.d|
000066b0  66 26 b8 aa 00 04 64 00  00 f6 48 78 00 80 2f 39  |f&....d...Hx../9|
000066c0  00 0f 8b 9c ef 8c d8 92  2f 04 61 00 fb ec 70 00  |......../.a...p.|
000066d0  4f ef 00 0c 60 00 00 da  30 2a 00 0e 6c 04 06 40  |O...`...0*..l..@|
000066e0  00 7f ee 40 38 40 2f 0c  2f 04 4e b9 00 0f 55 68  |...@8@/./.N...Uh|
000066f0  50 8f b0 aa 00 04 64 00  00 b6 2a 00 da 92 0c 46  |P.....d...*....F|
00006700  00 02 66 38 70 00 10 2b  00 02 55 80 76 01 e1 ab  |..f8p..+..U.v...|
00006710  70 0c 90 83 72 02 b2 80  6c 22 24 05 d4 83 60 14  |p...r...l"$...`.|
00006720  48 78 00 01 2f 02 30 6a  00 0c 2f 08 61 00 fe 44  |Hx../.0j../.a..D|
00006730  4f ef 00 0c 53 83 53 82  4a 83 66 e4 0c 46 00 02  |O...S.S.J.f..F..|
00006740  57 c0 48 80 48 c0 44 80  2f 00 2f 05 34 6a 00 0c  |W.H.H.D././.4j..|
00006750  2f 0a 61 00 fe 1e 24 00  4f ef 00 0c 6d 50 20 0c  |/.a...$.O...mP .|
00006760  53 80 22 04 c2 80 41 f9  00 0f 8b 3c 20 02 e7 88  |S."...A....< ...|
00006770  03 f0 08 01 48 78 00 80  2f 39 00 0f 8b 9c 20 02  |....Hx../9.... .|
00006780  d0 82 d0 80 d0 81 ef 88  06 80 00 0f 8c 24 2f 00  |.............$/.|
00006790  61 00 fb 26 4f ef 00 0c  0c 46 00 01 67 04 70 00  |a..&O....F..g.p.|
000067a0  60 0e 2f 02 61 00 fd 36  70 00 58 8f 60 02 70 01  |`./.a..6p.X.`.p.|
000067b0  4c ee 1c 7c ff e0 4e 5e  4e 75 4e 56 00 00 48 e7  |L..|..N^NuNV..H.|
000067c0  30 30 30 39 00 0f 7c 2c  48 c0 e9 88 24 40 d5 fc  |0009..|,H...$@..|
000067d0  00 0f 7b 1c 20 6a 00 08  20 68 00 10 32 39 00 0f  |..{. j.. h..29..|
000067e0  a4 24 c2 d0 70 00 30 39  00 0f a4 72 24 01 d4 80  |.$..p.09...r$...|
000067f0  36 2a 00 0c 0c 43 00 63  6f 12 b4 aa 00 04 64 6e  |6*...C.co.....dn|
00006800  48 78 00 80 ef 8a d4 92  2f 02 60 50 32 2a 00 0e  |Hx....../.`P2*..|
00006810  6c 04 06 41 00 7f ee 41  36 41 2f 0b 2f 02 4e b9  |l..A...A6A/./.N.|
00006820  00 0f 55 68 50 8f b0 aa  00 04 64 42 42 a7 d0 92  |..UhP.....dBB...|
00006830  2f 00 30 43 2f 08 61 00  fd 3a 4f ef 00 0c 4a 80  |/.0C/.a..:O...J.|
00006840  6d 2c 48 78 00 80 d0 80  d0 80 22 0b 53 81 c4 81  |m,Hx......".S...|
00006850  d0 82 ef 88 06 80 00 0f  8c 24 2f 00 2f 39 00 0f  |.........$/./9..|
00006860  8b 9c 61 00 fa 54 70 00  4f ef 00 0c 60 02 70 01  |..a..Tp.O...`.p.|
00006870  4c ee 0c 0c ff f0 4e 5e  4e 75 4e 56 ff fc 48 e7  |L.....N^NuNV..H.|
00006880  30 30 26 3c 00 0f a4 74  0c 83 00 10 00 00 6c 04  |00&<...t......l.|
00006890  76 10 48 43 4e b9 00 0f  4d 88 90 83 0c 80 00 07  |v.HCN...M.......|
000068a0  cf ff 6f 00 00 b2 47 f9  00 0f 7b 2c 74 01 32 7c  |..o...G...{,t.2||
000068b0  00 02 41 f3 b8 00 22 3c  00 0f 7b 1c 44 81 4a b0  |..A..."<..{.D.J.|
000068c0  18 f4 67 1c 4a b0 18 f8  67 16 72 10 b2 89 67 00  |..g.J...g.r...g.|
000068d0  00 86 24 09 47 eb 00 10  41 e8 00 10 52 89 60 d6  |..$.G...A...R.`.|
000068e0  2d 42 ff fc 24 00 0c 80  00 10 00 00 6f 04 74 10  |-B..$.......o.t.|
000068f0  48 42 48 78 00 10 48 79  00 0f 7c 1c 2f 0b 61 00  |HBHx..Hy..|./.a.|
00006900  f9 b8 20 6b 00 08 24 68  00 10 48 6e ff fc 72 00  |.. k..$h..Hn..r.|
00006910  12 2a 00 02 70 7f 46 00  e3 a8 53 40 3f 00 42 67  |.*..p.F...S@?.Bg|
00006920  2f 02 4e b9 00 0f 1e 7c  35 40 00 06 ee 82 27 42  |/.N....|5@....'B|
00006930  00 04 20 6b 00 08 20 68  00 10 70 00 30 28 00 08  |.. k.. h..p.0(..|
00006940  eb 88 20 40 48 68 00 20  48 78 00 e5 2f 03 61 00  |.. @Hh. Hx../.a.|
00006950  f9 40 4f ef 00 24 4c ee  0c 0c ff ec 4e 5e 4e 75  |.@O..$L.....N^Nu|
00006960  4e 56 00 00 2f 03 2f 02  26 39 00 0f 7c 30 24 2e  |NV.././.&9..|0$.|
00006970  00 08 56 82 70 fc c4 80  42 a7 4e b9 00 0f 4d 8c  |..V.p...B.N...M.|
00006980  23 c0 00 0f 8b a0 22 03  d2 82 58 8f b0 81 64 04  |#....."...X...d.|
00006990  70 00 60 14 23 c1 00 0f  7c 30 2f 02 42 a7 2f 03  |p.`.#...|0/.B./.|
000069a0  61 00 f8 ee 4f ef 00 0c  24 2e ff f8 26 2e ff fc  |a...O...$...&...|
000069b0  4e 5e 4e 75 4e 56 00 00  48 e7 3f 38 48 78 00 1c  |N^NuNV..H.?8Hx..|
000069c0  45 fa ff 9e 4e 92 28 40  48 78 00 10 4e 92 26 40  |E...N.(@Hx..N.&@|
000069d0  29 40 00 10 22 2e 00 08  50 8f 0c 81 00 40 00 00  |)@.."...P....@..|
000069e0  6f 06 72 40 48 41 60 58  0c 81 00 00 2d 00 66 06  |o.r@HA`X....-.f.|
000069f0  36 bc 00 48 60 1a 0c 81  00 00 16 80 66 06 36 bc  |6..H`.......f.6.|
00006a00  00 24 60 34 0c 81 00 00  25 80 66 0c 36 bc 00 3c  |.$`4....%.f.6..<|
00006a10  37 7c 00 02 00 0e 60 30  0c 81 00 00 07 d2 66 0c  |7|....`0......f.|
00006a20  36 bc 00 1a 37 7c 00 08  00 0e 60 1c 0c 81 00 00  |6...7|....`.....|
00006a30  0f a4 66 0c 36 bc 00 34  37 7c 00 04 00 0e 60 08  |..f.6..47|....`.|
00006a40  36 bc 00 80 42 6b 00 0e  30 13 c0 eb 00 0e 24 01  |6...Bk..0.....$.|
00006a50  94 80 2f 02 45 fa f9 1a  4e 92 58 8f 72 16 b2 80  |../.E...N.X.r...|
00006a60  6c 04 70 0f 60 1e 2f 02  4e 92 22 00 5e 81 50 80  |l.p.`./.N.".^.P.|
00006a70  e2 80 58 8f 76 0b b6 80  6f 02 70 0b 76 12 b6 81  |..X.v...o.p.v...|
00006a80  6d 02 53 80 24 40 70 0e  b0 8a 6c 04 34 7c 00 0e  |m.S.$@p...l.4|..|
00006a90  28 0a 5f 84 e8 a2 70 f6  d0 8a 7c 01 22 06 e1 a9  |(._...p...|."...|
00006aa0  2a 01 53 85 2e 02 53 87  0c 87 00 00 00 ff 6f 02  |*.S...S.......o.|
00006ab0  e2 85 2f 02 61 00 f8 ba  26 00 55 83 29 7c 00 0f  |../.a...&.U.)|..|
00006ac0  8b a4 00 0c 20 02 5e 80  6a 04 70 0e d0 82 24 00  |.... .^.j.p...$.|
00006ad0  e6 82 2f 02 61 00 fe 8a  29 40 00 18 17 44 00 02  |../.a...)@...D..|
00006ae0  20 06 e9 a8 53 00 17 40  00 03 37 47 00 06 20 06  | ...S..@..7G.. .|
00006af0  e7 a8 53 40 37 40 00 08  17 45 00 04 96 8a 20 03  |..S@7@...E.... .|
00006b00  5a 80 22 06 e1 a9 50 8f  4a 81 6e 02 72 01 70 00  |Z."...P.J.n.r.p.|
00006b10  46 40 e2 a0 46 40 37 40  00 0a 70 00 10 2b 00 03  |F@..F@7@..p..+..|
00006b20  2f 00 70 00 10 2b 00 02  2f 00 70 00 30 13 2f 00  |/.p..+../.p.0./.|
00006b30  48 79 00 0f 58 ec 45 f9  00 0f 4d da 4e 92 70 00  |Hy..X.E...M.N.p.|
00006b40  10 2b 00 04 2f 00 48 79  00 0f 59 03 4e 92 70 00  |.+../.Hy..Y.N.p.|
00006b50  30 2b 00 08 2f 00 70 00  30 2b 00 06 2f 00 48 79  |0+../.p.0+../.Hy|
00006b60  00 0f 59 0b 4e 92 4f ef  00 24 70 00 30 2b 00 0a  |..Y.N.O..$p.0+..|
00006b70  2f 00 48 79 00 0f 59 1c  4e 92 70 00 30 2b 00 0e  |/.Hy..Y.N.p.0+..|
00006b80  2f 00 70 00 30 2b 00 0c  2f 00 48 79 00 0f 59 2a  |/.p.0+../.Hy..Y*|
00006b90  4e 92 72 00 12 2b 00 02  70 7f 46 00 e3 a8 2f 00  |N.r..+..p.F.../.|
00006ba0  70 00 30 2b 00 06 20 40  48 68 00 01 48 79 00 0f  |p.0+.. @Hh..Hy..|
00006bb0  59 3f 4e 92 4f ef 00 1c  2e 82 48 79 00 0f 59 61  |Y?N.O.....Hy..Ya|
00006bc0  4e 92 20 0c 4c ee 1c fc  ff dc 4e 5e 4e 75 4e 56  |N. .L.....N^NuNV|
00006bd0  00 00 48 e7 3f 3c 70 00  43 f9 00 0f 8b 3d 42 11  |..H.?<p.C....=B.|
00006be0  41 f9 00 0f a4 26 11 80  08 00 52 80 50 89 72 0c  |A....&....R.P.r.|
00006bf0  b2 80 66 ea 20 38 00 a0  00 80 ff f7 ff ff c1 b9  |..f. 8..........|
00006c00  00 0f 7b 6c 78 02 7a 02  3e 05 42 a7 42 a7 2f 05  |..{lx.z.>.B.B./.|
00006c10  61 00 f9 60 4f ef 00 0c  4a 80 6d 00 00 ea 72 09  |a..`O...J.m...r.|
00006c20  e3 a8 26 00 06 83 00 0f  8d e2 7c 41 dc 85 2f 06  |..&.......|A../.|
00006c30  48 79 00 0f 59 79 4e b9  00 0f 4d da 48 78 00 40  |Hy..YyN...M.Hx.@|
00006c40  2f 03 48 78 01 be 61 00  f7 e0 2a 43 4f ef 00 14  |/.Hx..a...*CO...|
00006c50  0c 2d 00 52 00 04 66 00  00 92 60 00 00 88 2f 2d  |.-.R..f...`.../-|
00006c60  00 08 45 f9 00 0f 1e 70  4e 92 26 80 2f 2d 00 0c  |..E....pN.&./-..|
00006c70  4e 92 20 40 28 80 43 f9  00 0f 7b 28 33 bc 02 00  |N. @(.C...{(3...|
00006c80  28 02 33 87 28 00 d1 c0  48 70 88 00 61 00 fd 26  |(.3.(...Hp..a..&|
00006c90  27 40 00 08 2f 06 10 04  06 00 00 41 48 80 30 40  |'@../......AH.0@|
00006ca0  2f 08 48 79 00 0f 59 87  45 f9 00 0f 4d da 4e 92  |/.Hy..Y.E...M.N.|
00006cb0  20 14 22 13 2f 00 2f 00  2f 01 2f 01 48 79 00 0f  | ."././././.Hy..|
00006cc0  59 a8 4e 92 4f ef 00 2c  60 20 74 00 34 04 e9 8a  |Y.N.O..,` t.4...|
00006cd0  26 42 d7 fc 00 0f 7b 1c  49 eb 00 04 4a 94 67 00  |&B....{.I...J.g.|
00006ce0  ff 7e 52 44 0c 44 00 0f  63 e0 30 7c 00 30 d1 c3  |.~RD.D..c.0|.0..|
00006cf0  b1 cd 67 08 4b ed 00 10  60 00 ff 56 52 85 0c 44  |..g.K...`..VR..D|
00006d00  00 0f 63 00 ff 04 48 79  00 0f 59 d5 4e b9 00 0f  |..c...Hy..Y.N...|
00006d10  4d da 58 8f 4c ee 3c fc  ff d8 4e 5e 4e 75 4e 75  |M.X.L.<...N^NuNu|
00006d20  4e 56 00 00 48 e7 30 00  22 2e 00 08 24 2e 00 0c  |NV..H.0."...$...|
00006d30  76 01 20 6e 00 10 70 0c  4e 48 4c df 00 0c 4e 5e  |v. n..p.NHL...N^|
00006d40  4e 75 4e 56 00 00 48 e7  30 00 22 2e 00 08 24 2e  |NuNV..H.0."...$.|
00006d50  00 0c 76 01 20 6e 00 10  70 0d 4e 48 4c df 00 0c  |..v. n..p.NHL...|
00006d60  4e 5e 4e 75 4e 56 00 00  22 2e 00 08 70 0a 4e 48  |N^NuNV.."...p.NH|
00006d70  4e 5e 4e 75 4e 56 00 00  22 2e 00 08 20 6e 00 0c  |N^NuNV.."... n..|
00006d80  70 0b 4e 48 4e 5e 4e 75  42 81 60 04 22 2f 00 04  |p.NHN^NuB.`."/..|
00006d90  70 08 4e 48 4e 75 4e 75  4e 56 00 00 2f 0a 2f 02  |p.NHNuNuNV.././.|
00006da0  14 2e 00 0b 0c 02 00 0a  66 10 48 78 00 0d 48 78  |........f.Hx..Hx|
00006db0  00 04 4e b9 00 0f 1e 4c  50 8f 10 02 48 80 34 40  |..N....LP...H.4@|
00006dc0  2f 0a 48 78 00 04 4e b9  00 0f 1e 4c 20 0a 24 2e  |/.Hx..N....L .$.|
00006dd0  ff f8 24 6e ff fc 4e 5e  4e 75 4e 56 ff f0 48 e7  |..$n..N^NuNV..H.|
00006de0  3f 3c 26 6e 00 08 41 ee  00 0c 2d 48 ff fc 7c 00  |?<&n..A...-H..|.|
00006df0  60 00 02 6a 52 8b 52 86  0c 00 00 25 66 00 02 52  |`..jR.R....%f..R|
00006e00  1e 13 0c 07 00 2d 66 02  52 8b 7a 00 14 1b 10 02  |.....-f.R.z.....|
00006e10  48 80 32 00 48 c1 30 7c  ff d0 d1 c1 70 09 b0 88  |H.2.H.0|....p...|
00006e20  65 14 20 05 d0 85 d0 80  d0 85 20 40 d1 c0 41 f0  |e. ....... @..A.|
00006e30  18 d0 2a 08 60 d6 0c 02  00 2e 66 26 99 cc 10 1b  |..*.`.....f&....|
00006e40  48 80 32 00 48 c1 30 7c  ff d0 d1 c1 74 09 b4 88  |H.2.H.0|....t...|
00006e50  65 12 41 f4 c8 00 d1 c8  d1 cc d1 c8 49 f0 18 d0  |e.A.........I...|
00006e60  60 dc 99 cc 0c 07 00 2d  66 04 44 85 60 08 0c 07  |`......-f.D.`...|
00006e70  00 30 67 02 7e 20 4a 81  67 00 01 e8 70 68 b0 81  |.0g.~ J.g...ph..|
00006e80  66 0c 10 1b 48 80 32 00  48 c1 70 00 60 14 74 6c  |f...H.2.H.p.`.tl|
00006e90  b4 81 67 04 70 01 60 0a  10 1b 48 80 32 00 48 c1  |..g.p.`...H.2.H.|
00006ea0  70 02 74 6f b4 81 67 46  6d 1e 14 3c 00 63 b4 81  |p.to..gFm..<.c..|
00006eb0  67 00 01 8a 14 3c 00 64  b4 81 67 26 14 3c 00 58  |g....<.d..g&.<.X|
00006ec0  b4 81 66 00 01 8a 60 1e  74 75 b4 81 67 28 14 3c  |..f...`.tu..g(.<|
00006ed0  00 78 b4 81 67 10 70 73  b0 81 66 00 01 72 60 00  |.x..g.ps..f..r`.|
00006ee0  00 d8 78 f6 60 16 72 04  80 81 78 10 60 0e 74 04  |..x.`.r...x.`.t.|
00006ef0  80 82 78 08 60 06 72 04  80 81 78 0a 74 06 b4 80  |..x.`.r...x.t...|
00006f00  65 18 d0 80 30 3b 08 06  4e fb 00 02 00 12 00 3e  |e...0;..N......>|
00006f10  00 3e 00 0e 00 26 00 3e  00 3e 70 00 60 3c 20 2e  |.>...&.>.>p.`< .|
00006f20  ff fc 22 00 58 81 2d 41  ff fc 20 40 20 10 48 c0  |..".X.-A.. @ .H.|
00006f30  60 28 20 2e ff fc 22 00  58 81 2d 41 ff fc 20 40  |`( ...".X.-A.. @|
00006f40  20 10 02 80 00 00 ff ff  60 10 20 2e ff fc 22 00  | .......`. ...".|
00006f50  58 81 2d 41 ff fc 20 40  20 10 4a 84 6c 0e 44 84  |X.-A.. @ .J.l.D.|
00006f60  4a 80 6c 08 44 80 3a 7c  00 01 60 02 9b cd 24 00  |J.l.D.:|..`...$.|
00006f70  42 2e ff fb 76 0a 45 ee  ff f0 2f 04 2f 02 4e b9  |B...v.E..././.N.|
00006f80  00 0f 55 c4 50 8f 41 f9  00 0f 5a 22 15 b0 08 00  |..U.P.A...Z"....|
00006f90  38 00 53 83 2f 04 2f 02  4e b9 00 0f 55 68 50 8f  |8.S././.N...UhP.|
00006fa0  24 00 66 d2 ba fc 00 00  67 08 15 bc 00 2d 38 00  |$.f.....g....-8.|
00006fb0  53 83 45 f2 38 01 60 10  20 2e ff fc 22 00 58 81  |S.E.8.`. ...".X.|
00006fc0  2d 41 ff fc 20 40 24 50  53 86 2f 0a 4e b9 00 0f  |-A.. @$PS./.N...|
00006fd0  55 4c 58 8f b8 fc 00 00  66 02 28 40 4a 85 6f 20  |ULX.....f.(@J.o |
00006fe0  24 05 94 80 60 12 10 07  48 80 30 40 2f 08 61 00  |$...`...H.0@/.a.|
00006ff0  fd a8 52 86 53 82 58 8f  4a 82 6e ea 7a 00 60 1c  |..R.S.X.J.n.z.`.|
00007000  4a 85 6c 18 44 85 9a 80  60 12 53 8c 52 8a 48 80  |J.l.D...`.S.R.H.|
00007010  30 40 2f 08 61 00 fd 82  52 86 58 8f 10 12 67 16  |0@/.a...R.X...g.|
00007020  b8 fc 00 00 6e e4 60 0e  48 78 00 20 61 00 fd 6a  |....n.`.Hx. a..j|
00007030  52 86 53 85 58 8f 4a 85  6e ee 60 20 20 2e ff fc  |R.S.X.J.n.`  ...|
00007040  22 00 58 81 2d 41 ff fc  20 40 20 10 60 02 10 01  |".X.-A.. @ .`...|
00007050  48 80 30 40 2f 08 61 00  fd 40 58 8f 10 13 66 00  |H.0@/.a..@X...f.|
00007060  fd 94 20 06 4c ee 3c fc  ff c8 4e 5e 4e 75 4e 75  |.. .L.<...N^NuNu|
00007070  30 2f 00 06 22 2f 00 08  4e 42 4e 75 4e 56 00 00  |0/.."/..NBNuNV..|
00007080  4a 39 00 0f 8a 0c 67 38  20 79 00 0f 8a 7c 12 18  |J9....g8 y...|..|
00007090  23 c8 00 0f 8a 7c 10 39  00 0f 8a 0c 53 00 13 c0  |#....|.9....S...|
000070a0  00 0f 8a 0c 66 14 23 fc  00 0f 8a 80 00 0f 8a 78  |....f.#........x|
000070b0  23 fc 00 0f 8a 80 00 0f  8a 7c 70 00 10 01 60 12  |#........|p...`.|
000070c0  48 78 00 03 4e b9 00 0f  1e 4c 02 80 00 00 00 ff  |Hx..N....L......|
000070d0  58 8f 4e 5e 4e 75 4e 56  00 00 2f 03 2f 02 48 78  |X.N^NuNV.././.Hx|
000070e0  00 02 4e b9 00 0f 1e 4c  58 8f 4a 00 67 6e 42 03  |..N....LX.J.gnB.|
000070f0  60 02 76 01 48 78 00 03  4e b9 00 0f 1e 4c 14 00  |`.v.Hx..N....L..|
00007100  58 8f 0c 00 00 03 66 0e  48 78 00 02 4e b9 00 0f  |X.....f.Hx..N...|
00007110  1f 72 58 8f 60 24 0c 00  00 13 67 d6 0c 00 00 11  |.rX.`$....g.....|
00007120  67 3a 0c 00 00 10 66 12  4a 39 00 0f 8a 0e 57 c0  |g:....f.J9....W.|
00007130  44 00 13 c0 00 0f 8a 0e  60 1e 0c 39 00 7d 00 0f  |D.......`..9.}..|
00007140  8a 0c 62 14 20 79 00 0f  8a 78 10 c2 23 c8 00 0f  |..b. y...x..#...|
00007150  8a 78 52 39 00 0f 8a 0c  4a 03 66 98 24 2e ff f8  |.xR9....J.f.$...|
00007160  26 2e ff fc 4e 5e 4e 75  4e 56 00 00 48 e7 30 20  |&...N^NuNV..H.0 |
00007170  14 2e 00 0b 61 00 ff 60  76 00 16 02 2f 03 48 78  |....a..`v.../.Hx|
00007180  00 04 45 f9 00 0f 1e 4c  4e 92 50 8f 4a 39 00 0f  |..E....LN.P.J9..|
00007190  8a 0e 67 0a 2f 03 48 78  00 05 4e 92 50 8f 0c 02  |..g./.Hx..N.P...|
000071a0  00 1f 63 08 52 79 00 0f  8a 10 60 1a 0c 02 00 0d  |..c.Ry....`.....|
000071b0  66 08 42 79 00 0f 8a 10  60 0c 0c 02 00 08 66 06  |f.By....`.....f.|
000071c0  53 79 00 0f 8a 10 4c ee  04 0c ff f4 4e 5e 4e 75  |Sy....L.....N^Nu|
000071d0  4e 56 00 00 2f 0a 2f 02  20 6e 00 08 34 2e 00 0e  |NV.././. n..4...|
000071e0  10 28 00 01 67 06 53 00  11 40 00 01 42 41 12 28  |.(..g.S..@..BA.(|
000071f0  00 01 54 88 60 1e 10 10  0c 00 00 09 66 08 50 42  |..T.`.......f.PB|
00007200  02 42 ff f8 60 0c 0c 00  00 1f 62 04 54 42 60 02  |.B..`.....b.TB`.|
00007210  52 42 52 88 51 c9 ff e0  60 1a 48 78 00 08 45 fa  |RBR.Q...`.Hx..E.|
00007220  ff 48 4e 92 48 78 00 20  4e 92 48 78 00 08 4e 92  |.HN.Hx. N.Hx..N.|
00007230  4f ef 00 0c 70 00 30 39  00 0f 8a 10 30 42 b1 c0  |O...p.09....0B..|
00007240  6d d8 24 2e ff f8 24 6e  ff fc 4e 5e 4e 75 4e 56  |m.$...$n..N^NuNV|
00007250  00 00 2f 0a 2f 02 34 2e  00 0a 48 78 00 0d 45 fa  |.././.4...Hx..E.|
00007260  ff 08 4e 92 48 78 00 0a  4e 92 50 8f 60 0c 48 78  |..N.Hx..N.P.`.Hx|
00007270  00 20 61 00 fe f4 53 42  58 8f 4a 42 66 f0 24 2e  |. a...SBX.JBf.$.|
00007280  ff f8 24 6e ff fc 4e 5e  4e 75 4e 56 00 00 2f 03  |..$n..N^NuNV../.|
00007290  2f 02 61 00 fd e8 14 00  76 00 16 00 2f 03 61 00  |/.a.....v.../.a.|
000072a0  fe c8 58 8f 0c 02 00 10  66 10 4a 39 00 0f 8a 0e  |..X.....f.J9....|
000072b0  57 c0 44 00 13 c0 00 0f  8a 0e 20 03 24 2e ff f8  |W.D....... .$...|
000072c0  26 2e ff fc 4e 5e 4e 75  4e 56 00 00 10 2e 00 0b  |&...N^NuNV......|
000072d0  0c 00 00 09 66 18 48 78  00 20 61 00 fe 8c 30 39  |....f.Hx. a...09|
000072e0  00 0f 8a 10 72 07 c0 81  58 8f 67 10 60 e8 02 80  |....r...X.g.`...|
000072f0  00 00 00 ff 2f 00 61 00  fe 70 58 8f 4e 5e 4e 75  |..../.a..pX.N^Nu|
00007300  4e 56 00 00 2f 0a 24 6e  00 08 60 0e 52 8a 02 80  |NV../.$n..`.R...|
00007310  00 00 00 ff 2f 00 61 b0  58 8f 10 12 b0 39 00 0f  |..../.a.X....9..|
00007320  8a 0d 66 e8 24 6e ff fc  4e 5e 4e 75 4e 56 00 00  |..f.$n..N^NuNV..|
00007330  2f 02 14 2e 00 0b 0c 02  00 09 66 08 48 78 00 09  |/.........f.Hx..|
00007340  61 86 60 1e 0c 02 00 1f  62 0e 48 78 00 5e 61 00  |a.`.....b.Hx.^a.|
00007350  fe 18 00 02 00 40 58 8f  70 00 10 02 2f 00 61 00  |.....@X.p.../.a.|
00007360  fe 08 58 8f 24 2e ff fc  4e 5e 4e 75 4e 56 00 00  |..X.$...N^NuNV..|
00007370  48 e7 30 20 24 6e 00 08  36 39 00 0f 8a 10 42 2a  |H.0 $n..69....B*|
00007380  00 01 60 00 01 52 61 00  fc f4 14 00 0c 00 00 03  |..`..Ra.........|
00007390  66 1a 4a 2a 00 01 66 00  01 20 48 78 00 03 61 8c  |f.J*..f.. Hx..a.|
000073a0  48 78 00 02 4e b9 00 0f  1f 72 60 2a 0c 00 00 0d  |Hx..N....r`*....|
000073b0  67 06 0c 00 00 0a 66 0e  48 78 00 0d 61 00 fd aa  |g.....f.Hx..a...|
000073c0  58 8f 60 00 01 1c 0c 00  00 08 66 10 3f 03 42 67  |X.`.......f.?.Bg|
000073d0  2f 0a 61 00 fd fc 50 8f  60 00 00 fc 0c 00 00 7f  |/.a...P.`.......|
000073e0  66 30 4a 39 00 0f 8a 0f  67 e2 10 2a 00 01 67 00  |f0J9....g..*..g.|
000073f0  00 e6 53 00 15 40 00 01  02 80 00 00 00 ff 10 32  |..S..@.........2|
00007400  08 02 02 80 00 00 00 ff  2f 00 61 00 fd 5c 60 00  |......../.a..\`.|
00007410  00 c4 0c 00 00 10 66 14  4a 39 00 0f 8a 0e 57 c0  |......f.J9....W.|
00007420  44 00 13 c0 00 0f 8a 0e  60 00 00 ac 0c 00 00 18  |D.......`.......|
00007430  66 16 3f 03 42 67 2f 0a  61 00 fd 96 50 8f 4a 2a  |f.?.Bg/.a...P.J*|
00007440  00 01 67 00 00 92 60 ea  0c 00 00 05 66 0a 3f 03  |..g...`.....f.?.|
00007450  42 67 61 00 fd fa 60 7c  0c 00 00 15 66 18 48 78  |Bga...`|....f.Hx|
00007460  00 23 61 00 fd 04 3f 03  42 67 61 00 fd e2 42 2a  |.#a...?.Bga...B*|
00007470  00 01 60 00 ff 62 0c 00  00 12 66 3c 48 78 00 23  |..`..b....f<Hx.#|
00007480  61 00 fc e6 3f 03 42 67  61 00 fd c4 74 00 50 8f  |a...?.Bga...t.P.|
00007490  60 16 70 00 30 01 10 32  08 02 02 80 00 00 00 ff  |`.p.0..2........|
000074a0  2f 00 61 00 fe 88 58 8f  32 02 52 82 42 40 10 2a  |/.a...X.2.R.B@.*|
000074b0  00 01 b0 41 62 dc 60 1e  10 2a 00 01 72 00 12 00  |...Ab.`..*..r...|
000074c0  15 82 18 02 52 00 15 40  00 01 70 00 10 02 2f 00  |....R..@..p.../.|
000074d0  61 00 fe 5a 58 8f 10 2a  00 01 b0 12 65 00 fe a8  |a..ZX..*....e...|
000074e0  4c ee 04 0c ff f4 4e 5e  4e 75 4e 56 00 00 4a 39  |L.....N^NuNV..J9|
000074f0  00 0f 8a 0c 67 06 30 7c  00 01 60 10 48 78 00 02  |....g.0|..`.Hx..|
00007500  4e b9 00 0f 1e 4c 48 80  30 40 58 8f 20 08 4e 5e  |N....LH.0@X. .N^|
00007510  4e 75 4e 56 00 00 30 2e  00 0a 0c 40 00 ff 66 06  |NuNV..0....@..f.|
00007520  61 00 fb 5a 60 08 0c 40  00 fe 66 0a 61 bc 02 80  |a..Z`..@..f.a...|
00007530  00 00 00 ff 60 12 02 80  00 00 00 ff 2f 00 48 78  |....`......./.Hx|
00007540  00 04 4e b9 00 0f 1e 4c  4e 5e 4e 75 4e 56 00 00  |..N....LN^NuNV..|
00007550  20 6e 00 08 70 ff 22 48  4a 19 66 fc 93 c8 20 09  | n..p."HJ.f... .|
00007560  53 80 4e 5e 4e 75 4e 75  2f 02 22 2f 00 0c 20 2f  |S.N^NuNu/."/.. /|
00007570  00 08 0c 81 00 01 00 00  64 16 24 00 42 42 48 42  |........d.$.BBHB|
00007580  84 c1 30 02 48 40 34 2f  00 0a 84 c1 30 02 60 30  |..0.H@4/....0.`0|
00007590  24 01 e2 89 e2 88 0c 81  00 01 00 00 64 f4 80 c1  |$...........d...|
000075a0  02 80 00 00 ff ff 22 02  c2 c0 48 42 c4 c0 48 42  |......"...HB..HB|
000075b0  4a 42 66 0a d2 82 65 06  b2 af 00 08 63 02 53 80  |JBf...e.....c.S.|
000075c0  24 1f 4e 75 22 2f 00 08  20 2f 00 04 2f 01 2f 00  |$.Nu"/.. /.././.|
000075d0  4e b9 00 0f 55 68 50 8f  22 2f 00 08 2f 01 2f 00  |N...UhP."/.././.|
000075e0  4e b9 00 0f 55 f4 50 8f  22 2f 00 04 92 80 20 01  |N...U.P."/.... .|
000075f0  4e 75 4e 75 30 2f 00 04  c0 ef 00 0a 32 2f 00 06  |NuNu0/......2/..|
00007600  c2 ef 00 08 d0 41 48 40  42 40 32 2f 00 06 c2 ef  |.....AH@B@2/....|
00007610  00 0a d0 81 4e 75 53 55  42 00 44 49 52 00 44 49  |....NuSUB.DIR.DI|
00007620  52 53 00 54 59 50 45 00  52 45 4e 00 45 52 41 00  |RS.TYPE.REN.ERA.|
00007630  55 53 45 52 00 53 55 42  4d 49 54 00 4e 4f 4e 2d  |USER.SUBMIT.NON-|
00007640  53 59 53 54 45 4d 20 46  49 4c 45 28 53 29 20 45  |SYSTEM FILE(S) E|
00007650  58 49 53 54 24 00 45 6e  74 65 72 20 46 69 6c 65  |XIST$.Enter File|
00007660  6e 61 6d 65 3a 20 24 00  45 6e 74 65 72 20 4f 6c  |name: $.Enter Ol|
00007670  64 20 4e 61 6d 65 3a 20  24 00 45 6e 74 65 72 20  |d Name: $.Enter |
00007680  4e 65 77 20 4e 61 6d 65  3a 20 24 00 46 69 6c 65  |New Name: $.File|
00007690  20 61 6c 72 65 61 64 79  20 65 78 69 73 74 73 24  | already exists$|
000076a0  00 4e 6f 20 66 69 6c 65  24 00 4e 6f 20 77 69 6c  |.No file$.No wil|
000076b0  64 63 61 72 64 20 66 69  6c 65 6e 61 6d 65 73 24  |dcard filenames$|
000076c0  00 53 79 6e 74 61 78 3a  20 52 45 4e 20 4e 65 77  |.Syntax: REN New|
000076d0  66 69 6c 65 3d 4f 6c 64  66 69 6c 65 24 00 43 6f  |file=Oldfile$.Co|
000076e0  6e 66 69 72 6d 28 59 2f  4e 29 3f 20 24 00 45 6e  |nfirm(Y/N)? $.En|
000076f0  74 65 72 20 55 73 65 72  20 4e 6f 3a 20 24 00 2e  |ter User No: $..|
00007700  53 55 42 20 66 69 6c 65  20 6e 6f 74 20 66 6f 75  |SUB file not fou|
00007710  6e 64 24 00 55 73 65 72  20 23 20 72 61 6e 67 65  |nd$.User # range|
00007720  20 69 73 20 5b 30 2d 31  35 5d 24 00 54 6f 6f 20  | is [0-15]$.Too |
00007730  6d 61 6e 79 20 61 72 67  75 6d 65 6e 74 73 3a 20  |many arguments: |
00007740  24 00 49 6e 73 75 66 66  69 63 69 65 6e 74 20 6d  |$.Insufficient m|
00007750  65 6d 6f 72 79 20 6f 72  20 62 61 64 20 66 69 6c  |emory or bad fil|
00007760  65 20 68 65 61 64 65 72  24 00 52 65 61 64 20 65  |e header$.Read e|
00007770  72 72 6f 72 20 6f 6e 20  70 72 6f 67 72 61 6d 20  |rror on program |
00007780  6c 6f 61 64 24 00 42 61  64 20 72 65 6c 6f 63 61  |load$.Bad reloca|
00007790  74 69 6f 6e 20 69 6e 66  6f 72 6d 61 74 69 6f 6e  |tion information|
000077a0  20 62 69 74 73 24 00 50  72 6f 67 72 61 6d 20 6c  | bits$.Program l|
000077b0  6f 61 64 20 65 72 72 6f  72 24 00 20 65 72 72 6f  |oad error$. erro|
000077c0  72 20 6f 6e 20 64 72 69  76 65 20 24 00 43 50 2f  |r on drive $.CP/|
000077d0  4d 20 44 69 73 6b 20 66  69 6c 65 20 65 72 72 6f  |M Disk file erro|
000077e0  72 3a 20 24 00 20 69 73  20 72 65 61 64 2d 6f 6e  |r: $. is read-on|
000077f0  6c 79 2e 24 00 0d 0a 44  6f 20 79 6f 75 20 77 61  |ly.$...Do you wa|
00007800  6e 74 20 74 6f 3a 20 43  68 61 6e 67 65 20 69 74  |nt to: Change it|
00007810  20 74 6f 20 72 65 61 64  2f 77 72 69 74 65 20 28  | to read/write (|
00007820  43 29 2c 20 6f 72 20 41  62 6f 72 74 20 28 41 29  |C), or Abort (A)|
00007830  3f 20 24 00 0d 0a 24 00  0a 0d 44 6f 20 79 6f 75  |? $...$...Do you|
00007840  20 77 61 6e 74 20 74 6f  3a 20 20 41 62 6f 72 74  | want to:  Abort|
00007850  20 28 41 29 2c 20 20 52  65 74 72 79 20 28 52 29  | (A),  Retry (R)|
00007860  24 00 2c 20 6f 72 20 43  6f 6e 74 69 6e 75 65 20  |$., or Continue |
00007870  77 69 74 68 20 62 61 64  20 64 61 74 61 20 28 43  |with bad data (C|
00007880  29 24 00 0d 0a 43 50 2f  4d 20 44 69 73 6b 20 24  |)$...CP/M Disk $|
00007890  00 72 65 61 64 24 00 77  72 69 74 65 24 00 73 65  |.read$.write$.se|
000078a0  6c 65 63 74 24 00 63 68  61 6e 67 65 24 00 0d 0a  |lect$.change$...|
000078b0  57 41 52 4e 49 4e 47 20  2d 2d 20 44 6f 20 6e 6f  |WARNING -- Do no|
000078c0  74 20 61 74 74 65 6d 70  74 20 74 6f 20 63 68 61  |t attempt to cha|
000078d0  6e 67 65 20 64 69 73 6b  73 24 00 20 25 30 32 78  |nge disks$. %02x|
000078e0  00 25 63 00 0a 25 30 34  78 3a 20 00 73 70 74 3d  |.%c..%04x: .spt=|
000078f0  25 68 75 20 62 73 68 3d  25 64 20 62 6c 6d 3d 25  |%hu bsh=%d blm=%|
00007900  64 20 00 65 78 6d 3d 25  64 20 00 64 73 6d 3d 25  |d .exm=%d .dsm=%|
00007910  68 75 20 64 72 6d 3d 25  68 75 20 00 64 69 72 5f  |hu drm=%hu .dir_|
00007920  61 6c 3d 25 30 34 68 78  20 00 63 6b 73 3d 25 68  |al=%04hx .cks=%h|
00007930  75 20 74 72 6b 5f 6f 66  66 3d 25 68 75 0a 00 54  |u trk_off=%hu..T|
00007940  68 65 72 65 20 61 72 65  20 25 6c 75 20 62 6c 6f  |here are %lu blo|
00007950  63 6b 73 20 6f 66 20 73  69 7a 65 20 25 6c 75 0a  |cks of size %lu.|
00007960  00 61 6c 76 20 6c 65 6e  67 74 68 20 69 73 20 25  |.alv length is %|
00007970  64 20 62 79 74 65 73 0a  00 0a 20 20 44 65 76 69  |d bytes...  Devi|
00007980  63 65 20 25 63 3a 00 43  72 65 61 74 65 64 20 64  |ce %c:.Created d|
00007990  72 69 76 65 20 25 63 3e  20 6f 6e 20 64 65 76 69  |rive %c> on devi|
000079a0  63 65 20 25 63 3a 0a 00  20 20 62 65 67 69 6e 20  |ce %c:..  begin |
000079b0  3d 20 25 6c 75 20 28 25  30 37 6c 78 29 20 20 6c  |= %lu (%07lx)  l|
000079c0  65 6e 67 74 68 20 3d 20  25 6c 75 20 28 25 30 37  |ength = %lu (%07|
000079d0  6c 78 29 0a 00 0a 45 6e  64 20 6f 66 20 27 64 69  |lx)...End of 'di|
000079e0  73 6b 5f 73 79 73 74 65  6d 5f 69 6e 69 74 27 0a  |sk_system_init'.|
000079f0  00 00 00 10 04 0f 01 00  00 c7 00 3f 80 00 00 00  |...........?....|
00007a00  00 00 00 48 04 0f 00 00  02 c6 00 ff f0 00 00 40  |...H...........@|
00007a10  00 02 00 24 04 0f 00 00  01 5e 00 7f c0 00 00 20  |...$.....^..... |
00007a20  00 04 30 31 32 33 34 35  36 37 38 39 41 42 43 44  |..0123456789ABCD|
00007a30  45 46 00 00 00 0f 56 1a  00 00 00 00 00 0f 56 1e  |EF....V.......V.|
00007a40  00 09 00 00 00 0f 56 23  00 01 00 00 00 0f 56 28  |......V#......V(|
00007a50  00 02 00 00 00 0f 56 2c  00 03 00 00 00 0f 56 30  |......V,......V0|
00007a60  00 04 00 00 00 0f 56 35  00 06 00 00 00 00 00 00  |......V5........|
00007a70  ff ff 00 00 3e 3c 2e 2c  3d 5b 5d 3b 7c 26 2f 28  |....><.,=[];|&/(|
00007a80  29 2b 2d 5c 00 0f 58 ae  0d 0a 0a 45 78 63 65 70  |)+-\..X....Excep|
00007a90  74 69 6f 6e 20 30 78 00  20 61 74 20 75 73 65 72  |tion 0x. at user|
00007aa0  20 61 64 64 72 65 73 73  20 30 78 00 2e 20 20 41  | address 0x..  A|
00007ab0  62 6f 72 74 65 64 2e 00  36 38 4b 00 20 20 20 00  |borted..68K.   .|
00007ac0  53 55 42 00 00 00 00 00  00 94 00 01 00 00 10 00  |SUB.............|
00007ad0  00 0e f0 00 00 10 04 0f  00 00 01 ff 01 ff ff 00  |................|
00007ae0  00 00 00 00 00 00 00 00  00 00 00 00 00 00 00 00  |................|
00007af0  00 0f 8b a4 00 0f 59 f2  00 00 00 00 00 0f 8b 1c  |......Y.........|
00007b00  00 00 00 00 00 00 00 00  00 00 00 00 00 0f 8b a4  |................|
00007b10  00 0f 7a d4 00 00 00 00  00 0f a4 32 00 00 00 00  |..z........2....|
00007b20  00 00 00 00 00 00 00 00  00 00 02 00 00 00 00 00  |................|
*
00007b60  00 00 00 00 00 00 00 00  00 00 02 00 ff f8 c0 00  |................|
00007b70  00 00 0c 80 00 0f 7a e4  00 65 00 80 00 00 00 00  |......z..e......|
00007b80  00 00 00 00 00 00 00 00  00 00 02 00 00 00 00 00  |................|
*
00007c10  00 00 00 00 00 00 00 00  00 00 02 00 00 10 00 00  |................|
00007c20  00 00 20 00 00 0f 7b 00  00 64 00 80 ff ff 00 00  |.. ...{..d......|
00007c30  00 0f a4 74 00 47 43 43  3a 20 28 47 4e 55 29 20  |...t.GCC: (GNU) |
00007c40  34 2e 31 2e 31 00 00 47  43 43 3a 20 28 47 4e 55  |4.1.1..GCC: (GNU|
00007c50  29 20 34 2e 31 2e 31 00  00 47 43 43 3a 20 28 47  |) 4.1.1..GCC: (G|
00007c60  4e 55 29 20 34 2e 31 2e  31 00 00 47 43 43 3a 20  |NU) 4.1.1..GCC: |
00007c70  28 47 4e 55 29 20 34 2e  31 2e 31 00 00 47 43 43  |(GNU) 4.1.1..GCC|
00007c80  3a 20 28 47 4e 55 29 20  34 2e 31 2e 31 00 00 47  |: (GNU) 4.1.1..G|
00007c90  43 43 3a 20 28 47 4e 55  29 20 34 2e 31 2e 31 00  |CC: (GNU) 4.1.1.|
00007ca0  00 47 43 43 3a 20 28 47  4e 55 29 20 34 2e 31 2e  |.GCC: (GNU) 4.1.|
00007cb0  31 00 00 47 43 43 3a 20  28 47 4e 55 29 20 34 2e  |1..GCC: (GNU) 4.|
00007cc0  31 2e 31 00 00 47 43 43  3a 20 28 47 4e 55 29 20  |1.1..GCC: (GNU) |
00007cd0  34 2e 31 2e 31 00 00 47  43 43 3a 20 28 47 4e 55  |4.1.1..GCC: (GNU|
00007ce0  29 20 34 2e 31 2e 31 00  00 47 43 43 3a 20 28 47  |) 4.1.1..GCC: (G|
00007cf0  4e 55 29 20 34 2e 31 2e  31 00 
                                         00 2e 73 68 73 74  |NU) 4.1.1...shst|
00007d00  72 74 61 62 00 2e 74 65  78 74 00 2e 72 6f 64 61  |rtab..text..roda|
00007d10  74 61 00 2e 64 61 74 61  00 2e 62 73 73 00 2e 63  |ta..data..bss..c|
00007d20  6f 6d 6d 65 6e 74 00 00 
                                   00 00 00 00 00 00 00 00  |omment..........|
00007d30  00 00 00 00 00 00 00 00  00 00 00 00 00 00 00 00  |................|
00007d40  00 00 00 00 00 00 00 00  00 00 00 00 00 00 00 00

00007d50  00 00 00 0b 00 00 00 01  00 00 00 06 00 0f 00 00  |................|
00007d60  00 00 20 00 00 00 56 16  00 00 00 00 00 00 00 00  |.. ...V.........|
00007d70  00 00 00 04 00 00 00 00 
                                   00 00 00 11 00 00 00 01  |................|
00007d80  00 00 00 02 00 0f 56 16  00 00 76 16 00 00 04 1d  |......V...v.....|
00007d90  00 00 00 00 00 00 00 00  00 00 00 02 00 00 00 00  |................|

00007da0  00 00 00 19 00 00 00 01  00 00 00 03 00 0f 7a 34  |..............z4|
00007db0  00 00 7a 34 00 00 02 00  00 00 00 00 00 00 00 00  |..z4............|
00007dc0  00 00 00 04 00 00 00 00 
                                   00 00 00 1f 00 00 00 08  |................|
00007dd0  00 00 00 03 00 0f 7c 34  00 00 7c 34 00 00 28 40  |......|4..|4..(@|
00007de0  00 00 00 00 00 00 00 00  00 00 00 04 00 00 00 00  |................|

00007df0  00 00 00 24 00 00 00 01  00 00 00 00 00 00 00 00  |...$............|
00007e00  00 00 7c 34 00 00 00 c6  00 00 00 00 00 00 00 00  |..|4............|
00007e10  00 00 00 01 00 00 00 00
                                   00 00 00 01 00 00 00 03  |................|
00007e20  00 00 00 00 00 00 00 00  00 00 7c fa 00 00 00 2d  |..........|....-|
00007e30  00 00 00 00 00 00 00 00  00 00 00 01 00 00 00 00  |................|
00007e40
