00000000  601a 00005c64 0000036c 0000282e 0000  |`...\d...l..(...|
00000010  0000 00000000 000f0000 ffff    4e f9 00 0f  |............N...|
00000020  00 ac 4e f9 00 0f 00 a6  0d 0a 0a 20 20 20 20 43  |..N........    C|
00000030  50 2f 4d 2d 36 38 4b 20  28 74 6d 29 2c 20 56 65  |P/M-68K (tm), Ve|
00000040  72 73 69 6f 6e 20 31 2e  32 2c 20 43 6f 70 79 72  |rsion 1.2, Copyr|
00000050  69 67 68 74 20 28 63 29  20 31 39 38 32 2c 31 39  |ight (c) 1982,19|
00000060  38 34 2c 20 44 69 67 69  74 61 6c 20 52 65 73 65  |84, Digital Rese|
00000070  61 72 63 68 0d 0a 20 20  20 20 20 20 43 72 65 61  |arch..      Crea|
00000080  74 65 64 20 66 6f 72 20  74 68 65 20 52 65 74 72  |ted for the Retr|
00000090  6f 42 72 65 77 20 4d 69  6e 69 2d 4d 36 38 6b 20  |oBrew Mini-M68k |
000000a0  62 6f 61 72 64 20 6f 6e  20 30 34 2f 30 38 2f 31  |board on 04/08/1|
000000b0  36 20 61 74 20 32 32 3a  35 37 3a 32 36 0d 0a 0a  |6 at 22:57:26...|
000000c0  00 00 42 39 00 0f 5f d0  4f f9 00 0f 6a 68 42 39  |..B9.._.O...jhB9|
000000d0  00 0f 5f d0 4e b9 00 0f  26 80 33 c0 00 0f 60 54  |.._.N...&.3...`T|
000000e0  42 39 00 0f 6a ba 42 39  00 0f 60 56 42 39 00 0f  |B9..j.B9..`VB9..|
000000f0  60 58 13 fc 00 01 00 0f  6b c2 42 79 00 0f 60 d4  |`X......k.By..`.|
00000100  42 79 00 0f 60 d6 4e b9  00 0f 02 a8 4e b9 00 0f  |By..`.N.....N...|
00000110  21 1c 30 3c 00 20 42 81  12 39 00 0f 60 54 4e 42  |!.0<. B..9..`TNB|
00000120  42 80 30 3c 00 0e 42 81  32 39 00 0f 60 54 02 41  |B.0<..B.29..`T.A|
00000130  00 ff 4e 42 4f f9 00 0f  6a 68 4e b9 00 0f 1e e2  |..NBO...jhN.....|
00000140  60 00 ff f2 0c 40 00 3e  67 00 00 34 48 e7 7f fe  |`....@.>g..4H...|
00000150  0c 40 00 32 67 00 00 1a  2f 01 2f 01 2f 00 4e b9  |.@.2g.../././.N.|
00000160  00 0f 27 c4 48 c0 4f ef  00 0c 4c df 7f fe 4e 73  |..'.H.O...L...Ns|
00000170  20 41 20 18 4c d8 00 06  4e 43 60 00 ff ee 00 57  | A .L...NC`....W|
00000180  20 00 4e 73 2f 02 24 2f  00 10 22 2f 00 0c 20 2f  | .Ns/.$/.."/.. /|
00000190  00 08 48 e7 1f 3e 4e 43  4c df 7c f8 24 1f 4e 75  |..H..>NCL.|.$.Nu|
000001a0  30 2f 00 06 e1 58 4e 75  20 2f 00 04 e1 58 48 40  |0/...XNu /...XH@|
000001b0  e1 58 4e 75 20 2f 00 04  80 ef 00 0a 20 6f 00 0c  |.XNu /...... o..|
000001c0  48 40 30 80 42 40 48 40  4e 75 00 00 22 3c 00 0f  |H@0.B@H@Nu.."<..|
000001d0  60 d6 30 3c 00 3f 4e 42  23 f9 00 0f 60 d8 00 0f  |`.0<.?NB#...`...|
000001e0  60 c4 23 f9 00 0f 60 dc  00 0f 60 c8 23 fc 00 0f  |`.#...`...`.#...|
000001f0  6b cc 00 0f 60 c0 70 3b  22 3c 00 0f 60 c0 4e 42  |k...`.p;"<..`.NB|
00000200  4a 40 66 00 00 9e 32 39  00 0f 6c 68 70 20 4e 42  |J@f...29..lhp NB|
00000210  42 81 22 39 00 0f 60 cc  06 41 00 80 22 41 30 3c  |B."9..`..A.."A0<|
00000220  00 1a 4e 42 24 49 52 89  20 79 00 0f 6c 74 42 80  |..NB$IR. y..ltB.|
00000230  0c 10 00 00 67 00 00 12  0c 10 00 21 67 00 00 0a  |....g......!g...|
00000240  12 d8 52 40 60 00 ff ea  14 80 12 bc 00 00 2f 3c  |..R@`........./<|
00000250  00 0f 6b cc 3f 3c 00 01  4e b9 00 0f 08 ac 5c 8f  |..k.?<..N.....\.|
00000260  42 80 70 5c 61 00 00 42  2f 3c 00 0f 6b cc 3f 3c  |B.p\a..B/<..k.?<|
00000270  00 02 4e b9 00 0f 08 ac  5c 8f 42 80 70 38 61 00  |..N.....\.B.p8a.|
00000280  00 28 20 79 00 0f 60 d0  22 79 00 0f 60 cc 21 09  |.( y..`."y..`.!.|
00000290  21 3c 00 0f 02 88 4e 60  20 69 00 08 4e f9 00 0f  |!<....N` i..N...|
000002a0  2e a0 4e 75 70 00 4e 42  d0 b9 00 0f 60 cc 20 40  |..Nup.NB....`. @|
000002b0  22 7c 00 0f 6b cc 42 80  70 23 10 d9 51 c8 ff fc  |"|..k.B.p#..Q...|
000002c0  4e 75 00 00 23 fc 00 0f  5c 64 00 0f 60 e0 23 fc  |Nu..#...\d..`.#.|
000002d0  00 0f 5c 68 00 0f 60 ea  23 fc 00 0f 5c 6c 00 0f  |..\h..`.#...\l..|
000002e0  60 f4 23 fc 00 0f 5c 70  00 0f 60 fe 23 fc 00 0f  |`.#...\p..`.#...|
000002f0  01 b0 00 0f 60 e4 23 fc  00 0f 01 b0 00 0f 60 ee  |....`.#.......`.|
00000300  23 fc 00 0f 01 b0 00 0f  60 f8 23 fc 00 0f 01 b0  |#.......`.#.....|
00000310  00 0f 61 02 4e 75 00 00  53 55 42 4d 49 54 00 55  |..a.Nu..SUBMIT.U|
00000320  53 45 52 00 45 52 41 00  52 45 4e 00 54 59 50 45  |SER.ERA.REN.TYPE|
00000330  00 44 49 52 53 00 44 49  52 00 4e 56 00 00 2f 0a  |.DIRS.DIR.NV../.|
00000340  48 78 00 0d 48 78 00 02  45 f9 00 0f 55 d8 4e 92  |Hx..Hx..E...U.N.|
00000350  48 78 00 0a 48 78 00 02  4e 92 24 6e ff fc 4e 5e  |Hx..Hx..N.$n..N^|
00000360  4e 75 4e 56 00 00 22 6e  00 08 20 6e 00 0c 10 99  |NuNV.."n.. n....|
00000370  4a 18 66 fa 4e 5e 4e 75  4e 56 00 00 20 6e 00 08  |J.f.N^NuNV.. n..|
00000380  22 6e 00 0c 60 18 12 11  b2 00 6c 04 70 01 60 1e  |"n..`.....l.p.`.|
00000390  b2 00 6f 06 70 00 46 40  60 14 52 88 52 89 10 10  |..o.p.F@`.R.R...|
000003a0  66 e4 4a 11 56 c0 48 80  02 80 00 00 ff ff 4e 5e  |f.J.V.H.......N^|
000003b0  4e 75 4e 56 00 00 2f 0a  22 6e 00 08 45 f9 00 0f  |NuNV../."n..E...|
000003c0  6d 2c 4a 39 00 0f 6c 78  67 26 41 f9 00 0f 6b f0  |m,J9..lxg&A...k.|
000003d0  4a 10 67 06 14 d8 4a 10  66 fa 14 fc 00 20 42 39  |J.g...J.f.... B9|
000003e0  00 0f 6c 78 60 0a 0c 00  00 21 67 08 14 c0 52 89  |..lx`....!g...R.|
000003f0  10 11 66 f2 42 12 24 5f  4e 5e 4e 75 4e 56 ff fc  |..f.B.$_N^NuNV..|
00000400  48 e7 30 20 48 78 00 ff  48 78 00 20 45 f9 00 0f  |H.0 Hx..Hx. E...|
00000410  55 d8 4e 92 34 00 42 a7  48 78 00 19 4e 92 36 00  |U.N.4.B.Hx..N.6.|
00000420  06 43 00 41 4e b9 00 0f  03 1e 4f ef 00 10 4a 42  |.C.AN.....O...JB|
00000430  67 36 0c 42 00 09 63 16  1d 7c 00 31 ff fc 06 02  |g6.B..c..|.1....|
00000440  00 26 1d 42 ff fd 1d 7c  00 24 ff fe 60 0e 06 02  |.&.B...|.$..`...|
00000450  00 30 1d 42 ff fc 1d 7c  00 24 ff fd 48 6e ff fc  |.0.B...|.$..Hn..|
00000460  48 78 00 09 4e 92 50 8f  3f 03 42 67 48 78 00 02  |Hx..N.P.?.BgHx..|
00000470  4e 92 48 78 00 3e 48 78  00 02 4e 92 4c ee 04 0c  |N.Hx.>Hx..N.L...|
00000480  ff f0 4e 5e 4e 75 4e 56  00 00 2f 0a 2f 02 24 6e  |..N^NuNV.././.$n|
00000490  00 08 34 2e 00 0e 0c 42  00 01 66 32 4a 39 00 0f  |..4....B..f2J9..|
000004a0  5f d0 67 08 4a 39 00 0f  6b c2 66 22 4e b9 00 0f  |_.g.J9..k.f"N...|
000004b0  03 e0 60 1a 0c 00 00 21  67 18 10 1a 48 80 30 40  |..`....!g...H.0@|
000004c0  2f 08 48 78 00 02 4e b9  00 0f 55 d8 50 8f 10 12  |/.Hx..N...U.P...|
000004d0  66 e2 4a 42 66 10 48 78  00 3f 48 78 00 02 4e b9  |f.JBf.Hx.?Hx..N.|
000004e0  00 0f 55 d8 60 06 4e b9  00 0f 03 1e 24 2e ff f8  |..U.`.N.....$...|
000004f0  24 6e ff fc 4e 5e 4e 75  4e 56 00 00 48 e7 38 30  |$n..N^NuNV..H.80|
00000500  28 2e 00 08 42 42 47 f9  00 0f 5c 74 45 f9 00 0f  |(...BBG...\tE...|
00000510  03 5c 36 02 c6 fc 00 06  2f 33 38 00 2f 04 4e 92  |.\6...../38./.N.|
00000520  50 8f 4a 40 67 00 00 a8  52 42 0c 42 00 06 63 e2  |P.J@g...RB.B..c.|
00000530  42 42 45 f9 00 0f 6b f0  70 00 20 4a 30 02 0c 30  |BBE...k.p. J0..0|
00000540  00 3a 08 00 67 08 52 42  0c 42 00 1c 63 ee 0c 42  |.:..g.RB.B..c..B|
00000550  00 01 66 3a 4a 39 00 0f  6b f2 66 1a 4a 39 00 0f  |..f:J9..k.f.J9..|
00000560  6c 0e 66 12 10 12 06 00  ff bf 0c 00 00 0f 62 06  |l.f...........b.|
00000570  70 05 60 00 00 86 0c 42  00 01 66 12 10 12 06 00  |p.`....B..f.....|
00000580  ff bf 0c 00 00 0f 63 12  70 00 46 40 60 6c 42 80  |......c.p.F@`lB.|
00000590  30 02 0c 32 00 3a 08 00  67 ee 48 79 00 0f 6b cc  |0..2.:..g.Hy..k.|
000005a0  42 a7 4e b9 00 0f 08 ac  50 8f 4a 40 66 da 0c 42  |B.N.....P.J@f..B|
000005b0  00 01 66 04 74 02 60 02  42 42 42 80 30 02 48 72  |..f.t.`.BBB.0.Hr|
000005c0  08 00 4e b9 00 0f 08 3c  4a 40 67 10 60 ba 41 f9  |..N....<J@g.`.A.|
000005d0  00 0f 5c 78 42 80 30 30  38 00 60 1e 42 41 74 00  |..\xB.008.`.BAt.|
000005e0  20 4a 34 01 10 30 28 00  67 0e 0c 00 00 1f 6f 98  | J4..0(.g.....o.|
000005f0  52 41 0c 41 00 1c 63 ea  70 08 4c ee 0c 1c ff ec  |RA.A..c.p.L.....|
00000600  4e 5e 4e 75 4e 56 00 00  20 6e 00 08 60 08 0c 00  |N^NuNV.. n..`...|
00000610  00 21 67 06 52 88 10 10  66 f4 52 88 0c 00 00 21  |.!g.R...f.R....!|
00000620  66 22 4a 10 67 1e 13 fc  00 01 00 0f 60 58 0c 10  |f"J.g.......`X..|
00000630  00 20 66 08 52 88 0c 10  00 20 67 f8 23 c8 00 0f  |. f.R.... g.#...|
00000640  6d b0 60 30 4a 39 00 0f  60 56 67 22 4a 39 00 0f  |m.`0J9..`Vg"J9..|
00000650  6c a4 67 10 42 39 00 0f  60 56 20 79 00 0f 6d b0  |l.g.B9..`V y..m.|
00000660  4a 10 67 10 13 fc 00 01  00 0f 60 58 60 06 42 39  |J.g.......`X`.B9|
00000670  00 0f 60 58 4e 5e 4e 75  4e 56 00 00 48 e7 30 30  |..`XN^NuNV..H.00|
00000680  24 6e 00 08 20 2e 00 0c  53 80 26 00 d6 8a 41 f9  |$n.. ...S.&...A.|
00000690  00 0f 6a bc 10 bc ff 80  2f 08 48 78 00 0a 4e b9  |..j...../.Hx..N.|
000006a0  00 0f 55 d8 47 f9 00 0f  6a bd 50 8f 4a 13 67 10  |..U.G...j.P.J.g.|
000006b0  0c 39 00 3b 00 0f 6a be  67 06 4e b9 00 0f 03 1e  |.9.;..j.g.N.....|
000006c0  42 80 10 13 17 bc 00 0a  08 01 41 f9 00 0f 6a be  |B.........A...j.|
000006d0  0c 10 00 3b 66 08 10 bc  00 0a 60 02 52 88 12 10  |...;f.....`.R...|
000006e0  0c 01 00 20 67 f6 0c 01  00 09 67 f0 0c 01 00 0a  |... g.....g.....|
000006f0  67 5a 43 ea ff ff b6 8a  6f 52 52 89 52 8a 10 01  |gZC.....oRR.R...|
00000700  06 00 ff 9f 14 01 0c 00  00 19 62 04 06 02 ff e0  |..........b.....|
00000710  12 82 10 10 0c 00 00 20  67 06 0c 00 00 09 66 22  |....... g.....f"|
00000720  52 88 12 10 0c 01 00 20  67 06 0c 01 00 09 66 16  |R...... g.....f.|
00000730  52 88 12 10 0c 01 00 20  67 f6 0c 01 00 09 67 f0  |R...... g.....g.|
00000740  60 04 52 88 12 10 0c 01  00 0a 66 aa 42 12 4c ee  |`.R.......f.B.L.|
00000750  0c 0c ff f0 4e 5e 4e 75  4e 56 00 00 20 6e 00 08  |....N^NuNV.. n..|
00000760  60 06 4a 01 67 10 52 88  12 10 0c 01 00 21 66 f2  |`.J.g.R......!f.|
00000770  60 04 52 88 12 10 10 01  06 00 ff e0 0c 00 00 01  |`.R.............|
00000780  63 f0 0c 01 00 09 67 ea  20 08 4e 5e 4e 75 4e 56  |c.....g. .N^NuNV|
00000790  00 00 48 e7 3e 20 20 6e  00 08 45 f9 00 0f 6b f0  |..H.>  n..E...k.|
000007a0  22 4a 42 44 42 19 52 44  0c 44 00 77 63 f6 42 44  |"JBDB.RD.D.wc.BD|
000007b0  12 10 67 00 00 9c 0c 01  00 21 67 00 00 94 7c 00  |..g......!g...|.|
000007c0  0c 44 00 03 62 00 00 8a  42 42 10 01 06 00 ff e0  |.D..b...BB......|
000007d0  0c 00 00 01 63 40 0c 01  00 09 67 3a 76 00 3a 04  |....c@....g:v.:.|
000007e0  ca fc 00 1e 43 f9 00 0f  6b f0 4a 01 67 28 0c 42  |....C...k.J.g(.B|
000007f0  00 1c 62 0c 36 02 20 03  d0 85 13 81 08 00 52 42  |..b.6. .......RB|
00000800  52 88 12 10 10 01 06 00  ff e0 0c 00 00 01 63 06  |R.............c.|
00000810  0c 01 00 09 66 d4 3c 02  30 04 c0 fc 00 1e d0 86  |....f.<.0.......|
00000820  42 32 08 00 52 44 10 10  0c 00 00 20 67 06 0c 00  |B2..RD..... g...|
00000830  00 09 66 02 52 88 0c 44  00 01 66 06 23 c8 00 0f  |..f.R..D..f.#...|
00000840  6c 74 10 10 12 00 67 08  0c 00 00 21 66 00 ff 72  |lt....g....!f..r|
00000850  4c df 04 7c 4e 5e 4e 75  4e 56 00 00 2f 02 20 6e  |L..|N^NuNV../. n|
00000860  00 08 14 10 0c 02 00 20  6e 04 70 01 60 1c 42 40  |....... n.p.`.B@|
00000870  72 00 41 f9 00 0f 5e 23  32 00 b4 30 18 00 67 ea  |r.A...^#2..0..g.|
00000880  52 40 0c 40 00 0f 63 f0  70 00 24 1f 4e 5e 4e 75  |R@.@..c.p.$.N^Nu|
00000890  4e 56 00 00 2f 0a 24 6e  00 08 0c 12 00 2a 66 04  |NV../.$n.....*f.|
000008a0  70 3f 60 1c 2f 0a 4e b9  00 0f 08 3c 4a 40 67 04  |p?`./.N....<J@g.|
000008b0  70 20 60 0c 52 79 00 0f  6c a2 10 12 48 80 48 c0  |p `.Ry..l...H.H.|
000008c0  24 6e ff fc 4e 5e 4e 75  4e 56 00 00 48 e7 3e 3c  |$n..N^NuNV..H.><|
000008d0  28 2e 00 0c 34 2e 00 0a  22 44 42 11 70 0c 72 00  |(...4..."DB.p.r.|
000008e0  32 00 22 44 42 31 18 00  52 40 0c 40 00 23 63 f0  |2."DB1..R@.@.#c.|
000008f0  70 01 72 00 32 00 22 44  13 bc 00 20 18 00 52 40  |p.r.2."D... ..R@|
00000900  0c 40 00 0b 63 ee 76 20  4a 39 00 0f 6c 70 67 02  |.@..c.v J9..lpg.|
00000910  76 3f 42 79 00 0f 6c a2  c4 fc 00 1e 26 42 4b f9  |v?By..l.....&BK.|
00000920  00 0f 6b f0 12 33 d8 00  66 24 24 44 52 8a 74 01  |..k..3..f$$DR.t.|
00000930  14 c3 52 42 0c 42 00 0b  63 f6 42 a7 48 78 00 19  |..RB.B..c.B.Hx..|
00000940  4e b9 00 0f 55 d8 52 00  22 44 12 80 60 40 20 0b  |N...U.R."D..`@ .|
00000950  52 80 0c 35 00 3a 08 00  66 44 06 01 ff c0 22 44  |R..5.:..fD...."D|
00000960  12 81 30 39 00 0f 6c a2  54 40 33 c0 00 0f 6c a2  |..09..l.T@3...l.|
00000970  02 80 00 00 ff ff d0 8b  4a 35 08 00 66 34 24 44  |........J5..f4$D|
00000980  52 8a 74 01 14 c3 52 42  0c 42 00 0b 63 f6 4a 39  |R.t...RB.B..c.J9|
00000990  00 0f 6c 70 56 c0 7c 0b  c0 86 60 00 00 c4 42 a7  |..lpV.|...`...B.|
000009a0  48 78 00 19 4e b9 00 0f  55 d8 52 00 22 44 12 80  |Hx..N...U.R."D..|
000009b0  50 8f 24 44 52 8a 74 01  2a 3c 00 0f 08 74 76 00  |P.$DR.t.*<...tv.|
000009c0  36 39 00 0f 6c a2 41 f5  38 00 48 70 b8 00 22 45  |69..l.A.8.Hp.."E|
000009d0  4e 91 14 c0 58 8f 52 42  0c 42 00 08 63 e2 49 f9  |N...X.RB.B..c.I.|
000009e0  00 0f 08 3c 60 06 52 79  00 0f 6c a2 42 80 30 39  |...<`.Ry..l.B.09|
000009f0  00 0f 6c a2 41 f5 08 00  48 70 b8 00 4e 94 58 8f  |..l.A...Hp..N.X.|
00000a00  4a 40 67 e2 42 80 30 39  00 0f 6c a2 d0 8b 0c 35  |J@g.B.09..l....5|
00000a10  00 2e 08 00 66 28 52 79  00 0f 6c a2 74 01 76 00  |....f(Ry..l.t.v.|
00000a20  36 39 00 0f 6c a2 41 f5  38 00 48 70 b8 00 22 45  |69..l.A.8.Hp.."E|
00000a30  4e 91 14 c0 58 8f 52 42  0c 42 00 03 63 e2 42 40  |N...X.RB.B..c.B@|
00000a40  74 01 72 00 32 02 22 44  0c 31 00 3f 18 00 66 02  |t.r.2."D.1.?..f.|
00000a50  52 40 52 42 0c 42 00 0b  63 ea 02 80 00 00 ff ff  |R@RB.B..c.......|
00000a60  4c ee 3c 7c ff dc 4e 5e  4e 75 4e 56 00 00 2f 0a  |L.<|..N^NuNV../.|
00000a70  45 f9 00 0f 6c 2c 4a 12  66 04 70 00 60 1c 48 79  |E...l,J.f.p.`.Hy|
00000a80  00 0f 5d 94 48 78 00 09  4e b9 00 0f 55 d8 42 a7  |..].Hx..N...U.B.|
00000a90  2f 0a 4e b9 00 0f 04 6a  70 01 24 6e ff fc 4e 5e  |/.N....jp.$n..N^|
00000aa0  4e 75 4e 56 00 00 2f 02  42 40 41 f9 00 0f 6c 0e  |NuNV../.B@A...l.|
00000ab0  4a 10 67 18 74 00 72 00  34 00 0c 30 00 3a 28 00  |J.g.t.r.4..0.:(.|
00000ac0  67 0a 52 40 32 00 4a 30  18 00 66 ec 02 80 00 00  |g.R@2.J0..f.....|
00000ad0  ff ff 24 1f 4e 5e 4e 75  4e 56 00 00 20 2e 00 08  |..$.N^NuNV.. ...|
00000ae0  32 00 02 80 00 00 ff ff  41 f9 00 0f 6c 0e 0c 30  |2.......A...l..0|
00000af0  00 3a 08 00 66 26 0c 41  00 01 66 0e 10 10 0c 00  |.:..f&.A..f.....|
00000b00  00 40 6f 06 0c 00 00 50  6f 12 42 a7 48 79 00 0f  |.@o....Po.B.Hy..|
00000b10  6c 0e 4e b9 00 0f 04 6a  70 00 60 02 70 01 4e 5e  |l.N....jp.`.p.N^|
00000b20  4e 75 4e 56 ff f4 48 e7  3f 3c 3d 6e 00 0a ff fe  |NuNV..H.?<=n....|
00000b30  42 6e ff fa 3a 7c 00 00  4e b9 00 0f 0a 4e 4a 40  |Bn..:|..N....NJ@|
00000b40  66 00 01 c4 4e b9 00 0f  0a 86 3f 00 42 67 4e b9  |f...N.....?.BgN.|
00000b50  00 0f 0a bc 58 8f 4a 40  67 00 01 ac 48 79 00 0f  |....X.J@g...Hy..|
00000b60  6b cc 48 78 00 01 4e b9  00 0f 08 ac 41 f9 00 0f  |k.Hx..N.....A...|
00000b70  6b cc 12 10 48 81 3d 41  ff fc 06 6e 00 40 ff fc  |k...H.=A...n.@..|
00000b80  2f 08 48 78 00 11 45 f9  00 0f 55 d8 4e 92 38 00  |/.Hx..E...U.N.8.|
00000b90  4f ef 00 10 0c 44 00 ff  66 0e 48 79 00 0f 5d 09  |O....D..f.Hy..].|
00000ba0  48 78 00 09 4e 92 50 8f  42 80 30 04 eb 88 34 00  |Hx..N.P.B.0...4.|
00000bb0  52 42 42 45 0c 44 00 ff  67 00 01 26 47 f9 00 0f  |RBBE.D..g..&G...|
00000bc0  6a bc 7e 00 28 4a 42 ae  ff f6 4a 6e ff fe 67 0a  |j.~.(JB...Jn..g.|
00000bd0  3e 02 4a 33 78 09 6d 10  60 32 3d 42 ff f8 2c 2e  |>.J3x.m.`2=B..,.|
00000be0  ff f6 4a 33 68 09 6d 24  32 0d 4a 01 67 0a 4e b9  |..J3h.m$2.J.g.N.|
00000bf0  00 0f 03 1e 3a 7c 00 00  4a 45 66 2e 3f 2e ff fc  |....:|..JEf.?...|
00000c00  42 67 48 78 00 02 4e 92  50 8f 60 1e 3d 7c 00 01  |BgHx..N.P.`.=|..|
00000c10  ff fa 48 78 00 12 4e 92  38 00 42 80 30 04 eb 88  |..Hx..N.8.B.0...|
00000c20  34 00 52 42 58 8f 60 00  00 b0 42 80 30 04 eb 88  |4.RBX.`...B.0...|
00000c30  38 00 52 44 48 78 00 3a  48 78 00 02 4e 94 48 78  |8.RDHx.:Hx..N.Hx|
00000c40  00 20 48 78 00 02 4e 94  74 01 4f ef 00 10 76 00  |. Hx..N.t.O...v.|
00000c50  0c 42 00 09 66 0c 48 78  00 20 48 78 00 02 4e 92  |.B..f.Hx. Hx..N.|
00000c60  50 8f 36 04 1c 33 38 00  72 7f cc 81 2f 06 52 44  |P.6..38.r.../.RD|
00000c70  48 78 00 02 4e 92 52 42  50 8f 0c 42 00 0b 63 d0  |Hx..N.RBP..B..c.|
00000c80  48 78 00 20 48 78 00 02  4e 94 48 78 00 12 4e 94  |Hx. Hx..N.Hx..N.|
00000c90  38 00 4f ef 00 0c 0c 44  00 ff 67 44 52 45 42 80  |8.O....D..gDREB.|
00000ca0  30 04 eb 88 34 00 52 42  0c 45 00 05 66 2a 42 45  |0...4.RB.E..f*BE|
00000cb0  4a 6e ff fe 67 0c 42 80  30 02 4a 33 08 09 6d 0c  |Jn..g.B.0.J3..m.|
00000cc0  60 12 42 80 30 02 4a 33  08 09 6d 08 4e b9 00 0f  |`.B.0.J3..m.N...|
00000cd0  03 1e 60 04 3a 7c 00 01  0c 44 00 ff 66 00 fe ec  |..`.:|...D..f...|
00000ce0  4a 6e ff fa 67 20 4e b9  00 0f 03 1e 4a 6e ff fe  |Jn..g N.....Jn..|
00000cf0  67 08 48 79 00 0f 5c a4  60 06 48 79 00 0f 5c a8  |g.Hy..\.`.Hy..\.|
00000d00  48 78 00 09 4e 92 4c ee  3c fc ff cc 4e 5e 4e 75  |Hx..N.L.<...N^Nu|
00000d10  4e 56 00 00 48 e7 30 30  45 f9 00 0f 6c 0e 4a 12  |NV..H.00E...l.J.|
00000d20  66 20 48 79 00 0f 5c be  48 78 00 09 4e b9 00 0f  |f Hy..\.Hx..N...|
00000d30  55 d8 48 78 00 1d 2f 0a  4e b9 00 0f 06 5c 4f ef  |U.Hx../.N....\O.|
00000d40  00 10 4e b9 00 0f 0a 4e  4a 40 66 00 00 ca 4e b9  |..N....NJ@f...N.|
00000d50  00 0f 0a 86 3f 00 42 67  4e b9 00 0f 0a bc 58 8f  |....?.BgN.....X.|
00000d60  4a 40 67 00 00 b2 48 79  00 0f 6b cc 48 78 00 01  |J@g...Hy..k.Hx..|
00000d70  4e b9 00 0f 08 ac 36 00  50 8f 66 78 4a 12 67 00  |N.....6.P.fxJ.g.|
00000d80  00 96 48 79 00 0f 6b cc  48 78 00 0f 41 f9 00 0f  |..Hy..k.Hx..A...|
00000d90  55 d8 26 48 4e 93 50 8f  0c 40 00 03 62 56 60 2e  |U.&HN.P..@..bV`.|
00000da0  42 43 45 f9 00 0f 6a bc  74 00 34 03 0c 32 00 1a  |BCE...j.t.4..2..|
00000db0  28 00 67 1a 10 32 28 00  48 80 32 40 2f 09 48 78  |(.g..2(.H.2@/.Hx|
00000dc0  00 02 4e 93 50 8f 52 43  0c 43 00 7f 63 dc 48 79  |..N.P.RC.C..c.Hy|
00000dd0  00 0f 6b cc 48 78 00 14  4e 93 50 8f 4a 40 67 c0  |..k.Hx..N.P.J@g.|
00000de0  10 39 00 0f 6b cc 48 80  32 40 2f 09 48 78 00 25  |.9..k.H.2@/.Hx.%|
00000df0  4e 93 60 22 4a 12 67 1e  41 f9 00 0f 55 d8 4a 43  |N.`"J.g.A...U.JC|
00000e00  67 08 48 79 00 0f 5d 12  60 06 48 79 00 0f 5d 09  |g.Hy..].`.Hy..].|
00000e10  48 78 00 09 4e 90 4c ee  0c 0c ff f0 4e 5e 4e 75  |Hx..N.L.....N^Nu|
00000e20  4e 56 ff dc 48 e7 3f 3c  42 47 49 f9 00 0f 6c 0e  |NV..H.?<BGI...l.|
00000e30  24 4c 10 14 66 56 48 79  00 0f 5c d0 48 78 00 09  |$L..fVHy..\.Hx..|
00000e40  47 f9 00 0f 55 d8 4e 93  48 78 00 1d 48 79 00 0f  |G...U.N.Hx..Hy..|
00000e50  6c 4a 45 f9 00 0f 06 5c  4e 92 4f ef 00 10 4a 39  |lJE....\N.O...J9|
00000e60  00 0f 6c 4a 67 00 02 a8  48 79 00 0f 5c e2 48 78  |..lJg...Hy..\.Hx|
00000e70  00 09 4e 93 48 78 00 1d  2f 0c 4e 92 13 fc 00 3d  |..N.Hx../.N....=|
00000e80  00 0f 6c 2c 4f ef 00 10  60 00 00 b8 42 42 0c 00  |..l,O...`...BB..|
00000e90  00 3d 67 26 72 00 20 4c  70 00 32 02 4a 30 18 00  |.=g&r. Lp.2.J0..|
00000ea0  67 0c 52 42 30 02 0c 32  00 3d 08 00 66 ec 42 80  |g.RB0..2.=..f.B.|
00000eb0  30 02 0c 32 00 3d 08 00  66 1c 4a 42 67 14 42 80  |0..2.=..f.JBg.B.|
00000ec0  30 02 4a 34 08 01 67 0a  41 f9 00 0f 6c 2c 4a 10  |0.J4..g.A...l,J.|
00000ed0  67 22 7e 01 60 6c 41 f9  00 0f 6c 2c 0c 10 00 3d  |g"~.`lA...l,...=|
00000ee0  66 10 4a 39 00 0f 6c 2d  66 08 4a 39 00 0f 6c 4a  |f.J9..l-f.J9..lJ|
00000ef0  66 02 7e 01 4a 47 66 4a  42 80 30 02 0c 34 00 3d  |f.~.JGfJB.0..4.=|
00000f00  08 00 66 3e 42 32 08 00  52 42 43 f9 00 0f 6c 4a  |..f>B2..RBC...lJ|
00000f10  42 80 30 02 10 32 08 00  12 80 52 42 76 01 4a 00  |B.0..2....RBv.J.|
00000f20  67 1c 78 00 24 49 22 4c  72 00 38 03 32 02 10 31  |g.x.$I"Lr.8.2..1|
00000f30  18 00 15 80 48 00 52 42  52 43 4a 00 66 ec 10 bc  |....H.RBRCJ.f...|
00000f40  00 3d 76 01 47 f9 00 0f  6b f0 7a 00 7c 00 42 41  |.=v.G...k.z.|.BA|
00000f50  38 03 c8 fc 00 1e 24 44  0c 33 00 3a 48 00 67 26  |8.....$D.3.:H.g&|
00000f60  74 00 43 f9 00 0f 6b f0  20 44 34 01 20 02 d0 88  |t.C...k. D4. ...|
00000f70  4a 31 08 00 67 10 52 41  3a 01 20 05 d0 88 0c 31  |J1..g.RA:. ....1|
00000f80  00 3a 08 00 66 e4 0c 41  00 01 63 10 3c 01 20 06  |.:..f..A..c.<. .|
00000f90  d0 8a 0c 33 00 3a 08 00  66 02 7e 01 42 42 70 00  |...3.:..f.~.BBp.|
00000fa0  41 f9 00 0f 5e 23 4b f9  00 0f 6b f0 12 32 d8 00  |A...^#K...k..2..|
00000fb0  30 02 b2 30 08 00 67 00  01 1c 52 42 0c 42 00 0f  |0..0..g...RB.B..|
00000fc0  63 ee 54 43 0c 43 00 03  63 84 4a 47 66 00 01 30  |c.TC.C..c.JGf..0|
00000fd0  4a 14 67 00 01 26 4a 39  00 0f 6c 4a 67 00 01 1c  |J.g..&J9..lJg...|
00000fe0  78 dc d8 8e 2f 04 48 78  00 01 45 f9 00 0f 08 ac  |x.../.Hx..E.....|
00000ff0  4e 92 34 00 48 79 00 0f  6b cc 48 78 00 03 4e 92  |N.4.Hy..k.Hx..N.|
00001000  36 00 4f ef 00 10 4a 42  66 00 00 de 4a 43 66 00  |6.O...JBf...JCf.|
00001010  00 d8 47 f9 00 0f 6b cc  28 4b 12 2e ff dc 10 13  |..G...k.(K......|
00001020  b0 01 67 2c 0c 39 00 3a  00 0f 6c 0f 66 0e 0c 39  |..g,.9.:..l.f..9|
00001030  00 3a 00 0f 6c 4b 67 16  16 81 60 14 0c 39 00 3a  |.:..lKg...`..9.:|
00001040  00 0f 6c 4b 66 08 1d 40  ff dc 12 00 60 02 7e 01  |..lKf..@....`.~.|
00001050  53 01 0c 01 00 0f 63 02  7e 01 4a 47 66 24 2f 04  |S.....c.~.JGf$/.|
00001060  48 78 00 11 45 f9 00 0f  55 d8 4e 92 50 8f 0c 40  |Hx..E...U.N.P..@|
00001070  00 ff 67 0e 48 79 00 0f  5c f4 48 78 00 09 4e 92  |..g.Hy..\.Hx..N.|
00001080  60 76 42 41 74 10 76 00  43 f9 00 0f 6b cc 70 00  |`vBAt.v.C...k.p.|
00001090  20 44 36 02 30 01 13 b0  08 00 38 00 52 41 52 42  | D6.0.....8.RARB|
000010a0  0c 42 00 23 63 ec 0c 14  00 0f 63 02 7e 01 4a 47  |.B.#c.....c.~.JG|
000010b0  66 4c 2f 0b 48 78 00 17  45 f9 00 0f 55 d8 4e 92  |fL/.Hx..E...U.N.|
000010c0  50 8f 4a 40 67 34 48 79  00 0f 5d 09 48 78 00 09  |P.J@g4Hy..].Hx..|
000010d0  4e 92 60 24 42 a7 4b f9  00 0f 6b f0 48 75 48 00  |N.`$B.K...k.HuH.|
000010e0  4e b9 00 0f 04 6a 60 26  48 79 00 0f 5d 12 48 78  |N....j`&Hy..].Hx|
000010f0  00 09 4e b9 00 0f 55 d8  50 8f 4a 47 67 10 48 79  |..N...U.P.JGg.Hy|
00001100  00 0f 5d 29 48 78 00 09  4e b9 00 0f 55 d8 4c ee  |..])Hx..N...U.L.|
00001110  3c fc ff b4 4e 5e 4e 75  4e 56 00 00 2f 0a 45 f9  |<...N^NuNV../.E.|
00001120  00 0f 6c 0e 10 12 66 22  48 79 00 0f 5c be 48 78  |..l...f"Hy..\.Hx|
00001130  00 09 4e b9 00 0f 55 d8  48 78 00 1d 2f 0a 4e b9  |..N...U.Hx../.N.|
00001140  00 0f 06 5c 4f ef 00 10  10 12 4a 00 67 00 00 de  |...\O.....J.g...|
00001150  4e b9 00 0f 0a 4e 4a 40  66 00 00 d2 4e b9 00 0f  |N....NJ@f...N...|
00001160  0a 86 3f 00 42 67 4e b9  00 0f 0a bc 58 8f 4a 40  |..?.BgN.....X.J@|
00001170  67 00 00 ba 0c 39 00 3a  00 0f 6c 0f 66 16 4a 39  |g....9.:..l.f.J9|
00001180  00 0f 6c 10 66 0e 42 a7  2f 0a 4e b9 00 0f 04 6a  |..l.f.B./.N....j|
00001190  60 00 00 9a 48 79 00 0f  6b cc 48 78 00 01 4e b9  |`...Hy..k.Hx..N.|
000011a0  00 0f 08 ac 50 8f 4a 40  67 54 4a 39 00 0f 60 56  |....P.J@gTJ9..`V|
000011b0  66 4c 48 79 00 0f 5d 46  48 78 00 09 45 f9 00 0f  |fLHy..]FHx..E...|
000011c0  55 d8 4e 92 42 a7 48 78  00 01 4e 92 45 f9 00 0f  |U.N.B.Hx..N.E...|
000011d0  6c 2c 14 80 4f ef 00 10  12 00 06 01 ff 9f 0c 01  |l,..O...........|
000011e0  00 19 62 04 06 00 ff e0  14 80 4e b9 00 0f 03 1e  |..b.......N.....|
000011f0  10 12 0c 00 00 4e 67 34  0c 00 00 59 66 2e 0c 39  |.....Ng4...Yf..9|
00001200  00 4e 00 0f 6c 2c 67 24  48 79 00 0f 6b cc 48 78  |.N..l,g$Hy..k.Hx|
00001210  00 13 45 f9 00 0f 55 d8  4e 92 50 8f 4a 40 67 0c  |..E...U.N.P.J@g.|
00001220  48 79 00 0f 5d 09 48 78  00 09 4e 92 24 6e ff fc  |Hy..].Hx..N.$n..|
00001230  4e 5e 4e 75 4e 56 00 00  2f 0a 45 f9 00 0f 6c 0e  |N^NuNV../.E...l.|
00001240  10 12 66 22 48 79 00 0f  5d 56 48 78 00 09 4e b9  |..f"Hy..]VHx..N.|
00001250  00 0f 55 d8 48 78 00 1d  2f 0a 4e b9 00 0f 06 5c  |..U.Hx../.N....\|
00001260  4f ef 00 10 10 12 4a 00  67 60 4e b9 00 0f 0a 4e  |O.....J.g`N....N|
00001270  4a 40 66 56 10 12 06 00  ff d0 0c 00 00 09 62 46  |J@fV..........bF|
00001280  12 12 48 81 06 41 ff d0  0c 41 00 09 62 38 41 f9  |..H..A...A..b8A.|
00001290  00 0f 6c 0f 4a 10 67 10  30 01 c0 fc 00 0a 12 10  |..l.J.g.0.......|
000012a0  48 81 06 41 ff d0 d2 40  0c 41 00 0f 62 18 4a 39  |H..A...@.A..b.J9|
000012b0  00 0f 6c 10 66 10 3f 01  42 67 48 78 00 20 4e b9  |..l.f.?.BgHx. N.|
000012c0  00 0f 55 d8 60 04 70 00  60 02 70 01 24 6e ff fc  |..U.`.p.`.p.$n..|
000012d0  4e 5e 4e 75 53 55 42 00  4e 56 ff f0 48 e7 3f 3c  |N^NuSUB.NV..H.?<|
000012e0  3d 6e 00 0a ff fe 42 39  00 0f 6c 70 13 fc 00 01  |=n....B9..lp....|
000012f0  00 0f 6a ba 42 2e ff fd  42 2e ff fa 42 2e ff fb  |..j.B...B...B...|
00001300  42 2e ff fc 48 78 00 ff  48 78 00 20 4e b9 00 0f  |B...Hx..Hx. N...|
00001310  55 d8 33 c0 00 0f 6c 68  42 a7 48 78 00 19 4e b9  |U.3...lhB.Hx..N.|
00001320  00 0f 55 d8 33 c0 00 0f  6a b8 4f ef 00 10 0c 6e  |..U.3...j.O....n|
00001330  00 0a ff fe 56 c0 48 80  44 40 48 79 00 0f 6b cc  |....V.H.D@Hy..k.|
00001340  3f 00 42 67 4e b9 00 0f  08 ac 50 8f 4a 40 67 0e  |?.BgN.....P.J@g.|
00001350  48 79 00 0f 5d 12 48 78  00 09 60 00 01 f8 45 f9  |Hy..].Hx..`...E.|
00001360  00 0f 60 e0 2d 52 ff f6  0c 39 00 20 00 0f 6b d5  |..`.-R...9. ..k.|
00001370  66 00 02 74 2a 6e ff f6  4a 15 67 22 47 f9 00 0f  |f..t*n..J.g"G...|
00001380  60 e8 43 f9 00 0f 60 e9  42 11 43 e9 00 0a 42 13  |`.C...`.B.C...B.|
00001390  47 eb 00 0a 45 ea 00 0a  20 52 4a 10 66 ea 45 f9  |G...E... RJ.f.E.|
000013a0  00 0f 6b cc 10 12 48 80  30 40 48 68 ff ff 48 78  |..k...H.0@Hh..Hx|
000013b0  00 0e 4e b9 00 0f 55 d8  14 bc 00 3f 42 39 00 0f  |..N...U....?B9..|
000013c0  6b d8 2f 0a 48 78 00 11  4e b9 00 0f 55 d8 3a 00  |k./.Hx..N...U.:.|
000013d0  4f ef 00 10 0c 45 00 ff  67 00 01 3e 4a 2e ff fd  |O....E..g..>J...|
000013e0  66 00 01 36 42 ae ff f2  7c 00 3d 45 ff f4 20 2e  |f..6B...|.=E.. .|
000013f0  ff f2 eb 88 3a 00 3c 00  4b f9 00 0f 6a bc 4a 35  |....:.<.K...j.J5|
00001400  68 00 67 16 10 35 68 00  48 80 30 40 42 80 30 39  |h.g..5h.H.0@B.09|
00001410  00 0f 6c 68 b0 88 66 00  00 e4 72 09 78 00 74 00  |..lh..f...r.x.t.|
00001420  41 f9 00 0f 6a bc 76 00  38 05 34 01 20 04 d0 82  |A...j.v.8.4. ...|
00001430  36 05 02 30 00 7f 08 00  52 41 0c 41 00 0b 63 e8  |6..0....RA.A..c.|
00001440  4b f9 00 0f 6a bc 42 35  38 0c 45 f9 00 0f 60 e0  |K...j.B58.E...`.|
00001450  20 52 4a 10 67 00 00 a6  74 00 26 3c 00 0f 6a bd  | RJ.g...t.&<..j.|
00001460  47 f9 00 0f 60 e8 49 f9  00 0f 60 e9 28 3c 00 0f  |G...`.I...`.(<..|
00001470  03 46 48 79 00 0f 6b d5  2f 12 2a 44 4e 95 34 05  |.FHy..k./.*DN.4.|
00001480  2a 42 48 75 38 00 48 79  00 0f 6b cd 4e b9 00 0f  |*BHu8.Hy..k.N...|
00001490  03 5c 4f ef 00 10 4a 40  66 4e 1d 7c 00 01 ff fa  |.\O...J@fN.|....|
000014a0  4b f9 00 0f 6a bc 10 35  28 00 48 80 30 40 42 80  |K...j..5(.H.0@B.|
000014b0  30 39 00 0f 6c 68 b0 88  66 06 16 bc 00 01 60 04  |09..lh..f.....`.|
000014c0  18 bc 00 01 0c 6e 00 0a  ff fe 66 1c 2f 2e ff f6  |.....n....f./...|
000014d0  2f 12 4e b9 00 0f 03 5c  50 8f 4a 40 66 0a 4a 13  |/.N....\P.J@f.J.|
000014e0  67 06 1d 7c 00 01 ff fd  47 eb 00 0a 49 ec 00 0a  |g..|....G...I...|
000014f0  45 ea 00 0a 20 52 4a 10  66 00 ff 78 48 78 00 12  |E... RJ.f..xHx..|
00001500  4e b9 00 0f 55 d8 3a 00  58 8f 0c 45 00 ff 67 08  |N...U.:.X..E..g.|
00001510  4a 2e ff fd 67 00 fe d4  4a 2e ff fa 66 42 0c 6e  |J...g...J...fB.n|
00001520  00 07 ff fe 66 12 48 79  00 0f 5d 67 48 78 00 09  |....f.Hy..]gHx..|
00001530  4e b9 00 0f 55 d8 50 8f  13 fc 00 01 00 0f 6c 70  |N...U.P.......lp|
00001540  42 39 00 0f 6a ba 42 80  30 39 00 0f 6a b8 2f 00  |B9..j.B.09..j./.|
00001550  48 78 00 0e 4e b9 00 0f  55 d8 70 00 60 00 02 92  |Hx..N...U.p.`...|
00001560  0c 6e 00 0a ff fe 66 0a  48 79 00 0f 6b cc 42 a7  |.n....f.Hy..k.B.|
00001570  60 0a 48 79 00 0f 6b cc  48 78 00 01 4e b9 00 0f  |`.Hy..k.Hx..N...|
00001580  08 ac 50 8f 45 f9 00 0f  60 e0 20 52 4a 10 67 56  |..P.E...`. RJ.gV|
00001590  4a 6a 00 08 67 1c 0c 6e  00 0a ff fe 67 1e 48 79  |Jj..g..n....g.Hy|
000015a0  00 0f 12 b8 2f 12 4e b9  00 0f 03 5c 50 8f 4a 40  |..../.N....\P.J@|
000015b0  67 0a 45 ea 00 0a 20 52  4a 10 66 d4 20 52 4a 10  |g.E... RJ.f. RJ.|
000015c0  67 24 4a 2a 00 08 66 0e  42 a7 48 78 00 20 4e b9  |g$J*..f.B.Hx. N.|
000015d0  00 0f 55 d8 50 8f 48 79  00 0f 6b d5 2f 12 4e b9  |..U.P.Hy..k./.N.|
000015e0  00 0f 03 46 50 8f 42 80  30 39 00 0f 6a b8 2f 00  |...FP.B.09..j./.|
000015f0  48 78 00 0e 4e b9 00 0f  55 d8 50 8f 47 f9 00 0f  |Hx..N...U.P.G...|
00001600  55 d8 48 79 00 0f 6b cc  48 78 00 0f 4e 93 50 8f  |U.Hy..k.Hx..N.P.|
00001610  0c 40 00 03 62 00 00 c0  72 09 70 00 41 f9 00 0f  |.@..b...r.p.A...|
00001620  6b cc 30 01 02 30 00 7f  08 00 52 41 0c 41 00 0b  |k.0..0....RA.A..|
00001630  63 f0 0c 39 00 53 00 0f  6b d5 66 00 00 8a 0c 39  |c..9.S..k.f....9|
00001640  00 55 00 0f 6b d6 66 7e  0c 39 00 42 00 0f 6b d7  |.U..k.f~.9.B..k.|
00001650  66 74 1d 7c 00 01 ff fb  48 78 00 ff 48 78 00 20  |ft.|....Hx..Hx. |
00001660  4e b9 00 0f 55 d8 33 c0  00 0f 6b c4 50 8f 4a 39  |N...U.3...k.P.J9|
00001670  00 0f 60 56 67 0a 13 fc  00 01 00 0f 6b c8 60 08  |..`Vg.......k.`.|
00001680  13 fc 00 01 00 0f 6c a0  42 45 70 00 43 f9 00 0f  |......l.BEp.C...|
00001690  6c 7c 41 f9 00 0f 6b cc  30 05 13 b0 08 00 08 00  |l|A...k.0.......|
000016a0  52 45 0c 45 00 23 63 f0  0c 6e 00 0a ff fe 66 06  |RE.E.#c..n....f.|
000016b0  42 39 00 0f 6c 78 13 fc  00 01 00 0f 60 56 42 39  |B9..lx......`VB9|
000016c0  00 0f 6c a4 60 2e 0c 6e  00 07 ff fe 67 26 1d 7c  |..l.`..n....g&.||
000016d0  00 01 ff fc 60 26 48 78  00 ff 48 78 00 20 4e 93  |....`&Hx..Hx. N.|
000016e0  50 8f 4a 40 67 0e 42 a7  48 78 00 20 4e 93 50 8f  |P.J@g.B.Hx. N.P.|
000016f0  60 00 ff 10 4a 2e ff fc  67 00 00 9e 2f 39 00 0f  |`...J...g.../9..|
00001700  6c a8 4e b9 00 0f 05 e8  58 8f 4a 2e ff fa 66 26  |l.N.....X.J...f&|
00001710  45 f9 00 0f 60 e0 60 18  48 79 00 0f 6b d5 2f 12  |E...`.`.Hy..k./.|
00001720  4e b9 00 0f 03 5c 50 8f  4a 40 67 0a 45 ea 00 0a  |N....\P.J@g.E...|
00001730  20 52 4a 10 66 e2 20 52  43 f9 00 0f 01 b0 4a 10  | RJ.f. RC.....J.|
00001740  67 04 22 6a 00 04 2f 39  00 0f 6c a8 4e 91 02 80  |g."j../9..l.N...|
00001750  00 00 ff ff 58 8f 7e 02  be 80 67 1a 6d 08 7e 01  |....X.~...g.m.~.|
00001760  be 80 67 0a 60 20 7e 03  be 80 67 12 60 18 48 79  |..g.` ~...g.`.Hy|
00001770  00 0f 5d aa 60 16 48 79  00 0f 5d d2 60 0e 48 79  |..].`.Hy..].`.Hy|
00001780  00 0f 5d ee 60 06 48 79  00 0f 5e 0f 48 78 00 09  |..].`.Hy..^.Hx..|
00001790  4e b9 00 0f 55 d8 50 8f  4a 2e ff fb 66 1a 0c 6e  |N...U.P.J...f..n|
000017a0  00 07 ff fe 66 12 48 79  00 0f 5d 67 48 78 00 09  |....f.Hy..]gHx..|
000017b0  4e b9 00 0f 55 d8 50 8f  42 80 30 39 00 0f 6c 68  |N...U.P.B.09..lh|
000017c0  2f 00 48 78 00 20 4e b9  00 0f 55 d8 13 fc 00 01  |/.Hx. N...U.....|
000017d0  00 0f 6c 70 42 39 00 0f  6a ba 42 39 00 0f 60 58  |..lpB9..j.B9..`X|
000017e0  70 00 4a 2e ff fb 66 06  4a 2e ff fc 67 02 70 01  |p.J...f.J...g.p.|
000017f0  4c ee 3c fc ff c8 4e 5e  4e 75 4e 56 00 00 48 79  |L.<...N^NuNV..Hy|
00001800  00 0f 6c 7c 48 78 00 14  4e b9 00 0f 55 d8 4a 40  |..l|Hx..N...U.J@|
00001810  66 04 70 01 60 0a 13 fc  00 01 00 0f 6c a4 70 00  |f.p.`.......l.p.|
00001820  4e 5e 4e 75 4e 56 00 00  48 e7 3c 30 26 6e 00 10  |N^NuNV..H.<0&n..|
00001830  38 2e 00 0a 3a 2e 00 0e  36 39 00 0f 6b c6 0c 44  |8...:...69..k..D|
00001840  00 7f 63 12 42 44 4e b9  00 0f 17 de 4a 40 66 06  |..c.BDN.....J@f.|
00001850  70 00 60 00 01 22 42 81  32 04 45 f9 00 0f 6c ac  |p.`.."B.2.E...l.|
00001860  10 32 18 00 06 00 ff d0  0c 00 00 09 62 00 00 b8  |.2..........b...|
00001870  10 32 18 00 48 80 34 00  06 42 ff d0 24 4b 0c 1a  |.2..H.4..B..$K..|
00001880  00 53 66 2a 0c 1a 00 55  66 24 0c 1a 00 42 66 1e  |.Sf*...Uf$...Bf.|
00001890  0c 1a 00 4d 66 18 0c 1a  00 49 66 12 0c 1a 00 54  |...Mf....If....T|
000018a0  66 0c 0c 12 00 20 66 06  34 00 06 42 ff d1 24 4b  |f.... f.4..B..$K|
000018b0  72 01 10 12 b4 41 65 24  0c 00 00 20 67 14 4a 00  |r....Ae$... g.J.|
000018c0  67 0a 52 8a 10 12 0c 00  00 20 66 f2 0c 00 00 20  |g.R...... f.... |
000018d0  66 04 52 8a 10 12 52 41  b4 41 64 dc 0c 00 00 20  |f.R...RA.Ad.... |
000018e0  67 7a 4a 00 67 76 74 00  47 f9 00 0f 6b 40 0c 43  |gzJ.gvt.G...k@.C|
000018f0  00 7f 62 68 0c 45 00 01  66 0a 34 03 17 9a 28 00  |..bh.E..f.4...(.|
00001900  52 43 60 14 10 1a 48 80  32 40 2f 09 48 78 00 02  |RC`...H.2@/.Hx..|
00001910  4e b9 00 0f 55 d8 50 8f  10 12 0c 00 00 20 67 3c  |N...U.P...... g<|
00001920  4a 00 66 ca 60 36 0c 45  00 01 66 14 42 80 30 03  |J.f.`6.E..f.B.0.|
00001930  41 f9 00 0f 6b 40 11 bc  00 24 08 00 52 43 60 10  |A...k@...$..RC`.|
00001940  48 78 00 24 48 78 00 02  4e b9 00 0f 55 d8 50 8f  |Hx.$Hx..N...U.P.|
00001950  42 80 30 04 0c 32 00 24  08 00 66 02 52 44 33 c3  |B.0..2.$..f.RD3.|
00001960  00 0f 6b c6 0c 44 00 7f  63 08 42 44 4e b9 00 0f  |..k..D..c.BDN...|
00001970  17 de 42 80 30 04 4c ee  0c 3c ff e8 4e 5e 4e 75  |..B.0.L..<..N^Nu|
00001980  4e 56 00 00 48 e7 3f 20  24 6e 00 0c 34 2e 00 0a  |NV..H.? $n..4...|
00001990  42 46 4e b9 00 0f 03 e0  7a 00 0c 42 00 7f 62 6c  |BFN.....z..B..bl|
000019a0  3a 02 41 f9 00 0f 6c ac  2e 08 0c 30 00 1a 58 00  |:.A...l....0..X.|
000019b0  67 5a 76 00 78 00 36 02  10 30 38 00 0c 00 00 0d  |gZv.x.6..08.....|
000019c0  67 4a 0c 00 00 24 66 18  52 42 2f 0a 42 a7 38 02  |gJ...$f.RB/.B.8.|
000019d0  2f 04 4e b9 00 0f 18 08  34 00 4f ef 00 0c 60 18  |/.N.....4.O...`.|
000019e0  10 30 38 00 48 80 32 40  2f 09 52 42 48 78 00 02  |.08.H.2@/.RBHx..|
000019f0  4e b9 00 0f 55 d8 50 8f  0c 42 00 7f 62 0e 42 80  |N...U.P..B..b.B.|
00001a00  30 02 20 47 0c 30 00 1a  08 00 66 aa 0c 42 00 80  |0. G.0....f..B..|
00001a10  66 20 10 39 00 0f 6d 2c  0c 00 00 1a 67 14 0c 00  |f .9..m,....g...|
00001a20  00 0d 67 20 42 42 4e b9  00 0f 17 de 4a 40 66 30  |..g BBN.....J@f0|
00001a30  60 34 42 80 30 02 41 f9  00 0f 6c ac 0c 30 00 0d  |`4B.0.A...l..0..|
00001a40  08 00 66 12 54 42 0c 42  00 7f 63 12 42 42 4e b9  |..f.TB.B..c.BBN.|
00001a50  00 0f 17 de 60 08 13 fc  00 01 00 0f 6c a4 7c 01  |....`.......l.|.|
00001a60  4a 46 67 00 ff 36 42 80  30 02 4c ee 04 fc ff e4  |JFg..6B.0.L.....|
00001a70  4e 5e 4e 75 4e 56 00 00  48 e7 3c 30 28 2e 00 08  |N^NuNV..H.<0(...|
00001a80  42 43 34 39 00 0f 6b c6  4a 39 00 0f 6c a4 66 00  |BC49..k.J9..l.f.|
00001a90  01 90 42 80 30 02 45 f9  00 0f 6c ac 26 4a 20 4a  |..B.0.E...l.&J J|
00001aa0  0c 32 00 0d 08 00 67 00  01 92 42 80 30 02 10 30  |.2....g...B.0..0|
00001ab0  08 00 0c 00 00 21 67 00  01 68 06 00 ff f7 48 80  |.....!g..h....H.|
00001ac0  30 40 7a 32 ba 88 65 00  01 14 20 08 d0 88 30 3b  |0@z2..e... ...0;|
00001ad0  08 06 4e fb 00 02 00 7a  00 f8 01 06 01 06 01 06  |..N....z........|
00001ae0  01 06 01 06 01 06 01 06  01 06 01 06 01 06 01 06  |................|
00001af0  01 06 01 06 01 06 01 06  00 fc 01 06 01 06 01 06  |................|
00001b00  01 06 01 06 00 7a 01 06  01 06 01 06 00 d2 01 06  |.....z..........|
00001b10  01 06 01 06 01 06 01 06  01 06 01 06 01 06 01 06  |................|
*
00001b30  01 06 01 06 01 06 01 06  01 06 00 66 2f 04 3f 02  |...........f/.?.|
00001b40  42 67 4e b9 00 0f 19 64  34 00 50 8f 60 00 00 b4  |BgN....d4.P.`...|
00001b50  4a 43 67 18 42 81 32 03  41 f9 00 0f 6b 40 42 80  |JCg.B.2.A...k@B.|
00001b60  30 02 11 b3 08 00 18 00  52 42 52 43 0c 42 00 7f  |0.......RBRC.B..|
00001b70  62 28 72 00 41 f9 00 0f  6c ac 32 02 10 30 18 00  |b(r.A...l.2..0..|
00001b80  0c 00 00 20 67 06 0c 00  00 09 66 08 52 42 0c 42  |... g.....f.RB.B|
00001b90  00 7f 63 e6 0c 42 00 7f  63 68 42 42 4e b9 00 0f  |..c..B..chBBN...|
00001ba0  17 de 4a 40 66 c6 60 5a  52 42 33 c3 00 0f 6b c6  |..J@f.`ZRB3...k.|
00001bb0  2f 04 48 78 00 01 3f 02  42 67 4e b9 00 0f 18 08  |/.Hx..?.BgN.....|
00001bc0  34 00 36 39 00 0f 6b c6  4f ef 00 0c 60 34 52 42  |4.69..k.O...`4RB|
00001bd0  60 22 13 fc 00 01 00 0f  6c a4 60 26 42 81 32 03  |`"......l.`&B.2.|
00001be0  41 f9 00 0f 6b 40 42 80  30 02 11 b3 08 00 18 00  |A...k@B.0.......|
00001bf0  52 42 52 43 0c 42 00 7f  63 08 42 42 4e b9 00 0f  |RBRC.B..c.BBN...|
00001c00  17 de 4a 39 00 0f 6c a4  66 16 0c 43 00 7f 62 10  |..J9..l.f..C..b.|
00001c10  42 80 30 02 20 4b 0c 30  00 0d 08 00 66 00 fe 8c  |B.0. K.0....f...|
00001c20  42 80 30 02 45 f9 00 0f  6c ac 10 32 08 00 0c 00  |B.0.E...l..2....|
00001c30  00 0d 67 06 0c 00 00 21  66 58 76 00 60 14 36 02  |..g....!fXv.`.6.|
00001c40  0c 32 00 1a 38 00 66 4a  13 fc 00 01 00 0f 6c a4  |.2..8.fJ......l.|
00001c50  60 40 0c 42 00 7f 62 28  72 00 41 f9 00 0f 6c ac  |`@.B..b(r.A...l.|
00001c60  32 02 10 30 18 00 0c 00  00 0d 67 0c 0c 00 00 0a  |2..0......g.....|
00001c70  67 06 0c 00 00 21 66 08  52 42 0c 42 00 7f 63 e0  |g....!f.RB.B..c.|
00001c80  0c 42 00 80 66 b8 42 42  4e b9 00 0f 17 de 4a 40  |.B..f.BBN.....J@|
00001c90  66 c0 33 c2 00 0f 6b c6  4c ee 0c 3c ff e8 4e 5e  |f.3...k.L..<..N^|
00001ca0  4e 75 4e 56 00 00 48 e7  38 30 42 42 47 f9 00 0f  |NuNV..H.80BBG...|
00001cb0  6b 40 70 00 20 4b 30 02  42 30 08 00 52 42 0c 42  |k@p. K0.B0..RB.B|
00001cc0  00 80 63 f2 48 78 00 ff  48 78 00 20 45 f9 00 0f  |..c.Hx..Hx. E...|
00001cd0  55 d8 4e 92 38 00 42 80  30 39 00 0f 6b c4 2f 00  |U.N.8.B.09..k./.|
00001ce0  48 78 00 20 4e 92 48 79  00 0f 6c ac 48 78 00 1a  |Hx. N.Hy..l.Hx..|
00001cf0  4e 92 4f ef 00 18 4a 39  00 0f 6c a0 66 08 4a 39  |N.O...J9..l.f.J9|
00001d00  00 0f 6b c8 67 24 42 42  70 00 41 f9 00 0f 6c ac  |..k.g$BBp.A...l.|
00001d10  30 02 42 30 08 00 52 42  0c 42 00 7f 63 f2 4e b9  |0.B0..RB.B..c.N.|
00001d20  00 0f 17 de 42 79 00 0f  6b c6 4a 39 00 0f 6c a4  |....By..k.J9..l.|
00001d30  66 0c 2f 2e 00 08 4e b9  00 0f 1a 58 58 8f 42 42  |f./...N....XX.BB|
00001d40  76 00 41 f9 00 0f 6b 40  36 02 12 30 38 00 10 01  |v.A...k@6..08...|
00001d50  06 00 ff 9f 0c 00 00 19  62 08 10 01 06 00 ff e0  |........b.......|
00001d60  60 02 10 01 17 80 38 00  52 42 0c 42 00 7f 63 d8  |`.....8.RB.B..c.|
00001d70  48 79 00 0f 6a bc 48 78  00 1a 4e 92 3f 04 42 67  |Hy..j.Hx..N.?.Bg|
00001d80  48 78 00 20 4e 92 4c ee  0c 1c ff ec 4e 5e 4e 75  |Hx. N.L.....N^Nu|
00001d90  4e 56 00 00 48 e7 3c 20  2f 2e 00 08 4e b9 00 0f  |NV..H.< /...N...|
00001da0  04 dc 02 80 00 00 ff ff  58 8f 7a 09 ba 80 65 00  |........X.z...e.|
00001db0  01 36 d0 80 30 3b 08 06  4e fb 00 02 00 14 00 2e  |.6..0;..N.......|
00001dc0  00 38 00 42 00 4c 00 6c  00 88 01 2a 01 10 00 20  |.8.B.L.l...*... |
00001dd0  42 a7 4e b9 00 0f 0b 06  60 00 01 1a 48 78 00 01  |B.N.....`...Hx..|
00001de0  4e b9 00 0f 0b 06 60 00  01 0c 4e b9 00 0f 0c f4  |N.....`...N.....|
00001df0  60 00 01 02 4e b9 00 0f  0e 04 60 00 00 f8 4e b9  |`...N.....`...N.|
00001e00  00 0f 10 fc 60 00 00 ee  4e b9 00 0f 12 18 4a 40  |....`...N.....J@|
00001e10  66 00 00 e2 48 79 00 0f  5d 7c 48 78 00 09 4e b9  |f...Hy..]|Hx..N.|
00001e20  00 0f 55 d8 60 00 00 ce  10 39 00 0f 6b f0 48 80  |..U.`....9..k.H.|
00001e30  30 40 48 68 ff bf 48 78  00 0e 4e b9 00 0f 55 d8  |0@Hh..Hx..N...U.|
00001e40  60 00 00 b2 78 07 45 f9  00 0f 6c 0e 4a 12 66 74  |`...x.E...l.J.ft|
00001e50  48 79 00 0f 5c be 48 78  00 09 4e b9 00 0f 55 d8  |Hy..\.Hx..N...U.|
00001e60  48 78 00 7f 48 79 00 0f  6c ac 4e b9 00 0f 06 5c  |Hx..Hy..l.N....\|
00001e70  42 42 4f ef 00 10 41 f9  00 0f 6c ac 10 10 0c 00  |BBO...A...l.....|
00001e80  00 20 67 2a 4a 00 67 26  72 00 22 4a 76 00 0c 42  |. g*J.g&r."Jv..B|
00001e90  00 1c 62 1a 32 02 13 b0  18 00 18 00 52 42 36 02  |..b.2.......RB6.|
00001ea0  10 30 38 00 0c 00 00 20  67 04 4a 00 66 e0 42 80  |.08.... g.J.f.B.|
00001eb0  30 02 42 32 08 00 4a 42  67 3a 13 fc 00 01 00 0f  |0.B2..JBg:......|
00001ec0  6c 78 60 0a 42 39 00 0f  6c 78 60 02 78 0a 7a 0f  |lx`.B9..lx`.x.z.|
00001ed0  ca 84 2f 05 4e b9 00 0f  12 bc 58 8f 4a 40 66 14  |../.N.....X.J@f.|
00001ee0  0c 44 00 07 67 0e 42 a7  48 79 00 0f 6b f0 4e b9  |.D..g.B.Hy..k.N.|
00001ef0  00 0f 04 6a 4c ee 04 3c  ff ec 4e 5e 4e 75 4e 56  |...jL..<..N^NuNV|
00001f00  00 00 48 e7 00 38 13 fc  00 01 00 0f 6c 70 48 79  |..H..8......lpHy|
00001f10  00 0f 6a bc 48 78 00 1a  45 f9 00 0f 55 d8 4e 92  |..j.Hx..E...U.N.|
00001f20  50 8f 4a 39 00 0f 6a ba  67 2a 42 80 30 39 00 0f  |P.J9..j.g*B.09..|
00001f30  6a b8 2f 00 48 78 00 0e  4e 92 42 80 30 39 00 0f  |j./.Hx..N.B.09..|
00001f40  6c 68 2f 00 48 78 00 20  4e 92 42 39 00 0f 6a ba  |lh/.Hx. N.B9..j.|
00001f50  4f ef 00 10 20 79 00 0f  6c 6c b0 fc 00 00 67 16  |O... y..ll....g.|
00001f60  45 e8 00 01 42 80 10 10  42 32 08 00 42 b9 00 0f  |E...B...B2..B...|
00001f70  6c 6c 60 00 00 b4 4a 39  00 0f 60 58 67 68 4a 39  |ll`...J9..`XghJ9|
00001f80  00 0f 60 56 67 40 45 f9  00 0f 6b 40 48 79 00 0f  |..`Vg@E...k@Hy..|
00001f90  6d 2c 47 f9 00 0f 1c 86  4e 93 58 8f 4a 12 66 2c  |m,G.....N.X.J.f,|
00001fa0  4a 39 00 0f 6c a4 66 10  48 79 00 0f 6d 2c 4e 93  |J9..l.f.Hy..m,N.|
00001fb0  58 8f 4a 12 67 ea 60 14  24 79 00 0f 6d b0 42 39  |X.J.g.`.$y..m.B9|
00001fc0  00 0f 60 56 60 06 24 79  00 0f 6d b0 42 39 00 0f  |..`V`.$y..m.B9..|
00001fd0  60 58 4a 12 67 00 01 56  48 78 00 01 2f 0a 4e b9  |`XJ.g..VHx../.N.|
00001fe0  00 0f 04 6a 60 40 4e b9  00 0f 03 e0 45 f9 00 0f  |...j`@N.....E...|
00001ff0  5f d1 4a 39 00 0f 5f d0  67 1c 4a 39 00 0f 6b c2  |_.J9.._.g.J9..k.|
00002000  67 14 48 78 00 01 2f 0a  4e b9 00 0f 04 6a 42 39  |g.Hx../.N....jB9|
00002010  00 0f 6b c2 60 10 48 78  00 80 48 79 00 0f 5f d1  |..k.`.Hx..Hy.._.|
00002020  4e b9 00 0f 06 5c 50 8f  4a 12 67 00 01 00 49 f9  |N....\P.J.g...I.|
00002030  00 0f 6b f0 23 ca 00 0f  6c a8 2f 0a 4e b9 00 0f  |..k.#...l./.N...|
00002040  07 72 58 8f 10 14 67 10  0c 00 00 3b 67 0a 2f 0c  |.rX...g....;g./.|
00002050  4e b9 00 0f 1d 74 58 8f  4a 39 00 0f 60 56 66 12  |N....tX.J9..`Vf.|
00002060  2f 0a 4e b9 00 0f 07 3c  24 40 58 8f 10 12 60 00  |/.N....<$@X...`.|
00002070  00 a4 45 f9 00 0f 6b 40  4a 39 00 0f 6c a0 66 08  |..E...k@J9..l.f.|
00002080  4a 39 00 0f 6b c8 67 6a  47 f9 00 0f 1c 86 41 f9  |J9..k.gjG.....A.|
00002090  00 0f 03 96 4a 39 00 0f  6c 78 67 08 48 79 00 0f  |....J9..lxg.Hy..|
000020a0  6c ac 60 06 2f 39 00 0f  6c a8 4e 90 58 8f 4a 39  |l.`./9..l.N.X.J9|
000020b0  00 0f 6c a0 67 14 2f 39  00 0f 6c a8 4e b9 00 0f  |..l.g./9..l.N...|
000020c0  07 3c 23 c0 00 0f 6d b0  58 8f 48 79 00 0f 6d 2c  |.<#...m.X.Hy..m,|
000020d0  4e 93 42 39 00 0f 6b c8  42 39 00 0f 6c a0 58 8f  |N.B9..k.B9..l.X.|
000020e0  60 12 24 79 00 0f 6d b0  42 39 00 0f 60 56 10 12  |`.$y..m.B9..`V..|
000020f0  60 22 42 12 4a 12 66 20  47 f9 00 0f 1c 86 4a 39  |`"B.J.f G.....J9|
00002100  00 0f 6c a4 66 dc 48 79  00 0f 6d 2c 4e 93 58 8f  |..l.f.Hy..m,N.X.|
00002110  10 12 67 ea 4a 00 67 14  48 78 00 01 2f 0a 4e b9  |..g.J.g.Hx../.N.|
00002120  00 0f 04 6a 50 8f 4a 12  66 00 ff 0a 4c ee 1c 00  |...jP.J.f...L...|
00002130  ff f4 4e 5e 4e 75 00 00  4e 56 00 00 48 79 00 0f  |..N^Nu..NV..Hy..|
00002140  01 28 48 78 00 22 48 78  00 16 4e b9 00 0f 01 68  |.(Hx."Hx..N....h|
00002150  42 39 00 0f 6d b4 20 3c  00 0f 6e 24 23 c0 00 0f  |B9..m. <..n$#...|
00002160  6e 20 23 c0 00 0f 6e 1c  13 fc 00 24 00 0f 6d b5  |n #...n....$..m.|
00002170  42 39 00 0f 6d b6 13 fc  00 01 00 0f 6d b7 42 b9  |B9..m.......m.B.|
00002180  00 0f 6c 6c 48 78 00 0d  4e b9 00 0f 27 c4 48 78  |..llHx..N...'.Hx|
00002190  00 12 4e b9 00 0f 01 68  20 40 20 28 00 02 23 c0  |..N....h @ (..#.|
000021a0  00 0f 6e a4 23 c0 00 0f  6e a8 d0 a8 00 06 23 c0  |..n.#...n.....#.|
000021b0  00 0f 6e b0 23 c0 00 0f  6e b4 48 79 00 0f 6d d4  |..n.#...n.Hy..m.|
000021c0  4e b9 00 0f 2c 5c 4e 5e  4e 75 4e 56 00 00 2f 02  |N...,\N^NuNV../.|
000021d0  34 2e 00 0a 0c 42 00 02  67 16 30 39 00 0f 6e b8  |4....B..g.09..n.|
000021e0  46 40 c1 79 00 0f 6e ac  41 f9 00 0f 6d ba 60 14  |F@.y..n.A...m.`.|
000021f0  41 f9 00 0f 6d ba 42 81  12 10 70 01 e3 a8 c1 79  |A...m.B...p....y|
00002200  00 0f 6e ac 42 79 00 0f  6e b8 42 79 00 0f 6e a2  |..n.By..n.By..n.|
00002210  4a 42 67 0c 42 39 00 0f  60 58 42 39 00 0f 60 56  |JBg.B9..`XB9..`V|
00002220  50 d0 23 f9 00 0f 6e a4  00 0f 6e a8 23 f9 00 0f  |P.#...n...n.#...|
00002230  6e b0 00 0f 6e b4 48 79  00 0f 6d d4 4e b9 00 0f  |n...n.Hy..m.N...|
00002240  2c 5c 48 78 00 01 4e b9  00 0f 01 68 24 2e ff fc  |,\Hx..N....h$...|
00002250  4e 5e 4e 75 20 65 72 72  6f 72 20 6f 6e 20 64 72  |N^Nu error on dr|
00002260  69 76 65 20 24 00 4e 56  00 00 2f 0a 2f 2e 00 08  |ive $.NV.././...|
00002270  45 f9 00 0f 31 6a 4e 92  48 79 00 0f 22 38 4e 92  |E...1jN.Hy.."8N.|
00002280  42 80 10 39 00 0f 6d ba  20 40 48 68 00 41 4e b9  |B..9..m. @Hh.AN.|
00002290  00 0f 2f a4 24 6e ff fc  4e 5e 4e 75 4e 56 00 00  |../.$n..N^NuNV..|
000022a0  2f 2e 00 08 4e b9 00 0f  22 4a 48 78 00 01 4e b9  |/...N..."JHx..N.|
000022b0  00 0f 21 ae 4e 5e 4e 75  0d 0a 57 41 52 4e 49 4e  |..!.N^Nu..WARNIN|
000022c0  47 20 2d 2d 20 44 6f 20  6e 6f 74 20 61 74 74 65  |G -- Do not atte|
000022d0  6d 70 74 20 74 6f 20 63  68 61 6e 67 65 20 64 69  |mpt to change di|
000022e0  73 6b 73 24 00 0a 0d 44  6f 20 79 6f 75 20 77 61  |sks$...Do you wa|
000022f0  6e 74 20 74 6f 3a 20 20  41 62 6f 72 74 20 28 41  |nt to:  Abort (A|
00002300  29 2c 20 20 52 65 74 72  79 20 28 52 29 24 00 2c  |),  Retry (R)$.,|
00002310  20 6f 72 20 43 6f 6e 74  69 6e 75 65 20 77 69 74  | or Continue wit|
00002320  68 20 62 61 64 20 64 61  74 61 20 28 43 29 24 00  |h bad data (C)$.|
00002330  3f 20 24 00 0d 0a 24 00  4e 56 00 00 48 e7 30 30  |? $...$.NV..H.00|
00002340  16 2e 00 0b 2f 2e 00 0c  4e b9 00 0f 22 4a 2f 39  |..../...N..."J/9|
00002350  00 0f 5e 34 45 f9 00 0f  31 6a 4e 92 50 8f 47 f9  |..^4E...1jN.P.G.|
00002360  00 0f 30 e8 48 79 00 0f  22 c9 4e 92 58 8f 4a 03  |..0.Hy..".N.X.J.|
00002370  67 0a 48 79 00 0f 22 f3  4e 92 58 8f 48 79 00 0f  |g.Hy..".N.X.Hy..|
00002380  23 14 4e 92 4e 93 14 00  02 02 00 5f 48 79 00 0f  |#.N.N......_Hy..|
00002390  23 18 4e 92 50 8f 72 5f  c4 81 72 41 b2 82 67 24  |#.N.P.r_..rA..g$|
000023a0  6d 08 72 03 b2 82 67 10  60 ba 72 43 b2 82 67 20  |m.r...g.`.rC..g |
000023b0  72 52 b2 82 67 22 60 ac  48 78 00 01 4e b9 00 0f  |rR..g"`.Hx..N...|
000023c0  21 ae 58 8f 48 78 00 01  4e b9 00 0f 21 ae 58 8f  |!.X.Hx..N...!.X.|
000023d0  4a 03 67 90 70 01 60 02  70 00 4c ee 0c 0c ff f0  |J.g.p.`.p.L.....|
000023e0  4e 5e 4e 75 43 50 2f 4d  20 44 69 73 6b 20 66 69  |N^NuCP/M Disk fi|
000023f0  6c 65 20 65 72 72 6f 72  3a 20 24 00 20 69 73 20  |le error: $. is |
00002400  72 65 61 64 2d 6f 6e 6c  79 2e 24 00 0d 0a 44 6f  |read-only.$...Do|
00002410  20 79 6f 75 20 77 61 6e  74 20 74 6f 3a 20 43 68  | you want to: Ch|
00002420  61 6e 67 65 20 69 74 20  74 6f 20 72 65 61 64 2f  |ange it to read/|
00002430  77 72 69 74 65 20 28 43  29 2c 20 6f 72 20 41 62  |write (C), or Ab|
00002440  6f 72 74 20 28 41 29 3f  20 24 00 00 4e 56 00 00  |ort (A)? $..NV..|
00002450  48 e7 3e 3c 28 6e 00 08  38 2e 00 0e 24 4c 48 79  |H.><(n..8...$LHy|
00002460  00 0f 23 c8 4b f9 00 0f  31 6a 4e 95 74 08 58 8f  |..#.K...1jN.t.X.|
00002470  47 f9 00 0f 2f a4 52 8a  12 12 7c 7f c2 86 2f 01  |G.../.R...|.../.|
00002480  4e 93 58 8f 53 42 66 ee  48 78 00 2e 4e 93 74 03  |N.X.SBf.Hx..N.t.|
00002490  58 8f 52 8a 12 12 7c 7f  c2 86 2f 01 4e 93 58 8f  |X.R...|.../.N.X.|
000024a0  53 42 66 ee 48 79 00 0f  23 e0 4e 95 2f 39 00 0f  |SBf.Hy..#.N./9..|
000024b0  5e 34 4e 95 50 8f 47 f9  00 0f 30 e8 24 4d 76 00  |^4N.P.G...0.$Mv.|
000024c0  3a 04 e4 45 78 00 48 79  00 0f 23 f0 4e 92 4e 93  |:..Ex.Hy..#.N.N.|
000024d0  14 00 02 02 00 5f 48 79  00 0f 23 18 4e 92 50 8f  |....._Hy..#.N.P.|
000024e0  16 02 72 41 b2 83 67 1e  6d 08 7c 03 bc 83 67 0a  |..rA..g.m.|...g.|
000024f0  60 d4 72 43 b2 83 67 1a  60 cc 48 78 00 01 4e b9  |`.rC..g.`.Hx..N.|
00002500  00 0f 21 ae 58 8f 48 78  00 01 4e b9 00 0f 21 ae  |..!.X.Hx..N...!.|
00002510  58 8f 02 2c 00 7f 00 09  48 78 00 02 2f 0c 48 79  |X..,....Hx../.Hy|
00002520  00 0f 3e 8a 4e b9 00 0f  35 5e 30 45 2f 08 4e b9  |..>.N...5^0E/.N.|
00002530  00 0f 34 ba 38 00 20 04  4c ee 3c 7c ff dc 4e 5e  |..4.8. .L.<|..N^|
00002540  4e 75 0d 0a 43 50 2f 4d  20 44 69 73 6b 20 24 00  |Nu..CP/M Disk $.|
00002550  72 65 61 64 24 00 77 72  69 74 65 24 00 73 65 6c  |read$.write$.sel|
00002560  65 63 74 24 00 63 68 61  6e 67 65 24 00 00 4e 56  |ect$.change$..NV|
00002570  00 00 2f 02 24 2e 00 08  48 79 00 0f 25 26 4e b9  |../.$...Hy..%&N.|
00002580  00 0f 31 6a 58 8f 42 80  30 02 72 04 b2 80 65 58  |..1jX.B.0.r...eX|
00002590  d0 80 30 3b 08 06 4e fb  00 02 00 0a 00 12 00 24  |..0;..N........$|
000025a0  00 32 00 42 48 79 00 0f  25 34 60 06 48 79 00 0f  |.2.BHy..%4`.Hy..|
000025b0  25 3a 48 78 00 01 4e b9  00 0f 23 1c 60 2a 48 79  |%:Hx..N...#.`*Hy|
000025c0  00 0f 25 41 4e b9 00 0f  22 80 58 8f 48 79 00 0f  |..%AN...".X.Hy..|
000025d0  25 41 42 a7 4e b9 00 0f  23 1c 60 0c 48 79 00 0f  |%AB.N...#.`.Hy..|
000025e0  25 49 4e b9 00 0f 22 80  24 2e ff fc 4e 5e 4e 75  |%IN...".$...N^Nu|
000025f0  4e 56 00 00 22 6e 00 08  30 51 32 08 55 41 30 08  |NV.."n..0Q2.UA0.|
00002600  06 40 ff de 0c 40 00 01  62 04 70 ff 60 38 30 08  |.@...@..b.p.`80.|
00002610  06 40 ff e0 0c 40 00 07  63 0c 0c 41 00 09 63 0c  |.@...@..c..A..c.|
00002620  70 00 46 00 60 20 32 08  06 41 ff ea 30 01 48 c0  |p.F.` 2..A..0.H.|
00002630  e5 88 41 f9 00 0f 6d d4  23 70 08 00 00 06 21 a9  |..A...m.#p....!.|
00002640  00 02 08 00 70 00 4e 5e  4e 75 4e 56 00 00 20 6e  |....p.N^NuNV.. n|
00002650  00 08 08 28 00 00 00 01  67 2e 23 e8 00 02 00 0f  |...(....g.#.....|
00002660  6e a8 23 e8 00 06 00 0f  6e b4 08 28 00 01 00 01  |n.#.....n..(....|
00002670  67 26 23 f9 00 0f 6e a8  00 0f 6e a4 23 f9 00 0f  |g&#...n...n.#...|
00002680  6e b4 00 0f 6e b0 60 10  21 79 00 0f 6e a8 00 02  |n...n.`.!y..n...|
00002690  21 79 00 0f 6e b4 00 06  4e 5e 4e 75 2c 5f 21 fc  |!y..n...N^Nu,_!.|
000026a0  00 0f 26 c0 00 8c 20 7c  00 0f 5f d0 22 3c 00 0f  |..&... |.._."<..|
000026b0  88 00 92 88 e4 89 60 02  42 98 51 c9 ff fc 4e b9  |......`.B.Q...N.|
000026c0  00 0f 4e 1c 4e b9 00 0f  47 56 20 7c 00 0f 00 0c  |..N.N...GV |....|
000026d0  42 81 70 03 4e 48 30 3c  00 05 4e d6 0c 40 00 17  |B.p.NH0<..N..@..|
000026e0  65 06 20 3c 00 00 00 17  48 e7 60 c0 e5 48 22 7b  |e. <....H.`..H"{|
000026f0  00 12 e4 48 4e 91 4c df  03 06 4e 73 4a fc 70 ff  |...HN.L...NsJ.p.|
00002700  4e 75 00 0f 27 46 00 0f  27 4c 00 0f 27 5e 00 0f  |Nu..'F..'L..'^..|
00002710  27 6e 00 0f 27 78 00 0f  27 7e 00 0f 27 80 00 0f  |'n..'x..'~..'...|
00002720  27 84 00 0f 4c 8a 00 0f  48 46 00 0f 4a 0a 00 0f  |'...L...HF..J...|
00002730  4a 1c 00 0f 4a 2e 00 0f  4a 40 00 0f 4b 04 00 0f  |J...J...J@..K...|
00002740  27 88 00 0f 27 90 00 0f  26 e0 00 0f 27 94 00 0f  |'...'...&...'...|
00002750  27 9c 00 0f 27 a4 00 0f  4c 54 00 0f 27 ac 00 0f  |'...'...LT..'...|
00002760  26 e0 4e f9 00 0f 00 00  4f f9 00 0f 6a 68 4e b9  |&.N.....O...jhN.|
00002770  00 0f 4c 54 4e f9 00 0f  01 18 70 05 4e 48 4a 40  |..LTN.....p.NHJ@|
00002780  67 00 00 06 30 3c 00 ff  4e 75 70 04 4e 48 42 80  |g...0<..Nup.NHB.|
00002790  10 01 4e 75 70 02 4e 48  4e 75 4e 75 30 01 4e 75  |..Nup.NHNuNu0.Nu|
000027a0  70 1a 4e 75 20 3c 00 00  00 ff 4e 75 30 01 4e 75  |p.Nu <....Nu0.Nu|
000027b0  20 3c 00 0f 5e 3a 4e 75  30 39 00 0f 5e 38 4e 75  | <..^:Nu09..^8Nu|
000027c0  13 c0 00 0f 5e 39 4e 75  0c 41 00 40 64 00 ff 2e  |....^9Nu.A.@d...|
000027d0  d2 41 d2 41 48 c1 22 41  20 11 22 82 4e 75 00 00  |.A.AH."A .".Nu..|
000027e0  4e 56 ff f8 48 e7 38 20  24 6e 00 10 30 2e 00 0a  |NV..H.8 $n..0...|
000027f0  34 2e 00 0e 42 2e ff fb  2d 4a ff fc 42 43 30 40  |4...B...-J..BC0@|
00002800  78 3f b8 88 65 00 04 02  20 08 d0 88 30 3b 08 06  |x?..e... ...0;..|
00002810  4e fb 00 02 00 80 00 8a  00 9a 00 aa 00 b0 00 c4  |N...............|
00002820  00 d8 00 ec 01 00 01 12  01 1e 01 2a 01 3c 01 46  |...........*.<.F|
00002830  01 68 01 7e 01 9e 01 b6  01 c4 01 e4 01 fe 02 12  |.h.~............|
00002840  02 22 02 4a 02 62 02 6e  02 7a 03 f4 02 84 02 9a  |.".J.b.n.z......|
00002850  02 a6 02 c8 02 fa 03 12  03 26 03 36 03 4c 03 62  |.........&.6.L.b|
00002860  03 f4 03 f4 03 7a 03 f4  03 f4 03 f4 03 f4 03 f4  |.....z..........|
00002870  03 96 03 a2 03 b6 03 f4  03 f4 03 f4 03 f4 03 f4  |................|
00002880  03 f4 03 f4 03 f4 03 f4  03 f4 03 c4 03 f4 03 da  |................|
00002890  03 f4 03 ea 42 a7 4e b9  00 0f 21 ae 58 8f 4e b9  |....B.N...!.X.N.|
000028a0  00 0f 30 e8 02 80 00 00  00 ff 60 00 03 70 42 a7  |..0.......`..pB.|
000028b0  1f 42 00 03 4e b9 00 0f  30 10 60 00 03 52 48 78  |.B..N...0.`..RHx|
000028c0  00 07 60 40 42 a7 1f 42  00 03 48 78 00 06 4e b9  |..`@B..B..Hx..N.|
000028d0  00 0f 01 68 60 00 03 38  42 a7 1f 42 00 03 48 78  |...h`..8B..B..Hx|
000028e0  00 05 4e b9 00 0f 01 68  60 00 03 24 3f 02 42 67  |..N....h`..$?.Bg|
000028f0  4e b9 00 0f 31 26 02 80  00 00 00 ff 60 00 03 1e  |N...1&......`...|
00002900  48 78 00 13 4e b9 00 0f  01 68 02 80 00 00 00 ff  |Hx..N....h......|
00002910  60 00 03 0a 3f 02 42 67  48 78 00 14 4e b9 00 0f  |`...?.BgHx..N...|
00002920  01 68 60 00 02 ea 2f 0a  4e b9 00 0f 31 6a 60 00  |.h`.../.N...1j`.|
00002930  02 de 2f 0a 4e b9 00 0f  32 66 60 00 02 d2 4e b9  |../.N...2f`...N.|
00002940  00 0f 2e f8 48 80 02 80  00 00 ff ff 60 00 02 ce  |....H.......`...|
00002950  20 3c 00 00 20 22 60 00  02 c4 42 79 00 0f 6e ac  | <.. "`...By..n.|
00002960  42 79 00 0f 6e b8 42 79  00 0f 6e a2 50 f9 00 0f  |By..n.By..n.P...|
00002970  6d ba 42 39 00 0f 6d bb  60 00 02 94 42 a7 1f 42  |m.B9..m.`...B..B|
00002980  00 03 4e b9 00 0f 38 6e  13 c2 00 0f 6d bb 60 00  |..N...8n....m.`.|
00002990  02 7e 48 6e ff fa 4e b9  00 0f 2c 0a 42 2a 00 0c  |.~Hn..N...,.B*..|
000029a0  42 2a 00 0e 42 a7 2f 0a  48 79 00 0f 3a 42 60 00  |B*..B./.Hy..:B`.|
000029b0  01 20 48 6e ff fa 4e b9  00 0f 2c 0a 2f 0a 4e b9  |. Hn..N...,./.N.|
000029c0  00 0f 3b e4 36 00 60 00  02 46 23 ca 00 0f 6d d0  |..;.6.`..F#...m.|
000029d0  48 6e ff fa 42 a7 60 12  24 79 00 0f 6d d0 2d 4a  |Hn..B.`.$y..m.-J|
000029e0  ff fc 48 6e ff fa 48 78  00 01 2f 0a 4e b9 00 0f  |..Hn..Hx../.N...|
000029f0  3c 44 36 00 60 00 02 18  48 6e ff fa 4e b9 00 0f  |<D6.`...Hn..N...|
00002a00  2c 0a 48 78 00 02 2f 0a  48 79 00 0f 3d 5e 60 00  |,.Hx../.Hy..=^`.|
00002a10  00 c0 48 6e ff fa 4e b9  00 0f 2c 0a 42 a7 48 78  |..Hn..N...,.B.Hx|
00002a20  00 01 60 00 01 7a 48 6e  ff fa 4e b9 00 0f 2c 0a  |..`..zHn..N...,.|
00002a30  42 a7 60 00 01 68 48 6e  ff fa 4e b9 00 0f 2c 0a  |B.`..hHn..N...,.|
00002a40  42 2a 00 0c 42 2a 00 0d  42 2a 00 0e 42 2a 00 0f  |B*..B*..B*..B*..|
00002a50  48 78 00 08 2f 0a 48 79  00 0f 3c de 60 72 48 6e  |Hx../.Hy..<.`rHn|
00002a60  ff fa 4e b9 00 0f 2c 0a  48 78 00 02 2f 0a 48 79  |..N...,.Hx../.Hy|
00002a70  00 0f 3e 1a 60 5a 42 80  30 39 00 0f 6e ac 60 00  |..>.`ZB.09..n.`.|
00002a80  01 9c 42 80 10 39 00 0f  6d bb 60 00 01 90 23 ca  |..B..9..m.`...#.|
00002a90  00 0f 6d cc 60 00 01 78  42 81 12 39 00 0f 6d bb  |..m.`..xB..9..m.|
00002aa0  70 01 e3 a8 81 79 00 0f  6e b8 60 00 01 62 42 80  |p....y..n.`..bB.|
00002ab0  30 39 00 0f 6e b8 60 00  01 64 48 6e ff fa 4e b9  |09..n.`..dHn..N.|
00002ac0  00 0f 2c 0a 48 78 00 02  2f 0a 48 79 00 0f 3e 8a  |..,.Hx../.Hy..>.|
00002ad0  4e b9 00 0f 35 5e 36 00  60 00 01 34 10 39 00 0f  |N...5^6.`..4.9..|
00002ae0  6d bb b0 39 00 0f 6d ba  67 0e 42 a7 1f 40 00 03  |m..9..m.g.B..@..|
00002af0  4e b9 00 0f 38 6e 58 8f  48 78 00 10 2f 0a 2f 39  |N...8nX.Hx.././9|
00002b00  00 0f 6d c6 4e b9 00 0f  39 a6 60 00 01 02 0c 02  |..m.N...9.`.....|
00002b10  00 0f 62 06 13 c2 00 0f  6d bc 42 80 10 39 00 0f  |..b.....m.B..9..|
00002b20  6d bc 60 00 00 f8 48 6e  ff fa 4e b9 00 0f 2c 0a  |m.`...Hn..N...,.|
00002b30  48 78 00 01 48 78 00 01  60 64 48 6e ff fa 4e b9  |Hx..Hx..`dHn..N.|
00002b40  00 0f 2c 0a 48 78 00 01  60 52 48 6e ff fa 4e b9  |..,.Hx..`RHn..N.|
00002b50  00 0f 2c 0a 2f 0a 4e b9  00 0f 3f 9a 60 00 00 b0  |..,./.N...?.`...|
00002b60  48 6e ff fa 4e b9 00 0f  2c 0a 2f 0a 4e b9 00 0f  |Hn..N...,./.N...|
00002b70  3f 08 60 00 00 9a 46 42  c5 79 00 0f 6e ac c5 79  |?.`...FB.y..n..y|
00002b80  00 0f 6e b8 c5 79 00 0f  6e a2 60 00 00 82 48 6e  |..n..y..n.`...Hn|
00002b90  ff fa 4e b9 00 0f 2c 0a  48 78 00 02 42 a7 2f 0a  |..N...,.Hx..B./.|
00002ba0  4e b9 00 0f 43 4a 36 00  60 64 3f 02 42 67 4e b9  |N...CJ6.`d?.BgN.|
00002bb0  00 0f 40 1a 60 58 23 f9  00 0f 6d cc 00 0f 6c 6c  |..@.`X#...m...ll|
00002bc0  42 a7 4e b9 00 0f 21 ae  58 8f 4e b9 00 0f 3a a6  |B.N...!.X.N...:.|
00002bd0  02 80 00 00 ff ff 60 44  2f 39 00 0f 6d cc 2f 0a  |......`D/9..m./.|
00002be0  4e b9 00 0f 55 e4 02 80  00 00 ff ff 60 2e 2f 0a  |N...U.......`./.|
00002bf0  4e b9 00 0f 25 d4 02 80  00 00 ff ff 60 1e 2f 0a  |N...%.......`./.|
00002c00  4e b9 00 0f 26 2e 60 06  70 00 46 40 60 0e 4a 2e  |N...&.`.p.F@`.J.|
00002c10  ff fb 67 04 14 ae ff fa  42 80 30 03 4c ee 04 1c  |..g.....B.0.L...|
00002c20  ff e8 4e 5e 4e 75 4e 56  00 00 2f 0b 2f 0a 24 6e  |..N^NuNV.././.$n|
00002c30  00 08 26 6a 00 02 10 13  14 80 67 0a 02 80 00 00  |..&j......g.....|
00002c40  00 ff 53 80 60 08 42 80  10 39 00 0f 6d bb 2f 00  |..S.`.B..9..m./.|
00002c50  4e b9 00 0f 38 6e 16 b9  00 0f 6d bc 15 7c 00 01  |N...8n....m..|..|
00002c60  00 01 24 6e ff f8 26 6e  ff fc 4e 5e 4e 75 00 00  |..$n..&n..N^Nu..|
00002c70  13 02 ff 80 0c 01 00 00  4e 56 00 00 48 e7 38 00  |........NV..H.8.|
00002c80  70 16 72 02 24 3c 00 0f  2c e2 41 fa ff e4 26 01  |p.r.$<..,.A...&.|
00002c90  e6 4b 03 30 30 00 66 00  00 0c 48 e7 e0 00 4e 43  |.K.00.f...H...NC|
00002ca0  4c df 00 07 52 81 58 82  0c 41 00 30 6d 00 ff e0  |L...R.X..A.0m...|
00002cb0  70 12 4e 43 20 40 4a 58  22 18 24 01 d4 90 26 39  |p.NC @JX".$...&9|
00002cc0  00 0f 6e a4 28 39 00 0f  6e b0 70 11 20 6e 00 08  |..n.(9..n.p. n..|
00002cd0  23 c8 00 0f 6a 6c b2 90  62 00 00 14 b4 90 63 00  |#...jl..b.....c.|
00002ce0  00 0e b6 90 62 00 00 0a  b8 90 63 00 00 04 42 90  |....b.....c...B.|
00002cf0  4a 98 51 c8 ff e2 4c df  00 1c 4e 5e 4e 75 61 00  |J.Q...L...N^Nua.|
00002d00  00 b6 61 00 00 b2 61 00  00 ae 61 00 00 aa 61 00  |..a...a...a...a.|
00002d10  00 a6 61 00 00 a2 61 00  00 9e 61 00 00 9a 61 00  |..a...a...a...a.|
00002d20  00 96 61 00 00 92 61 00  00 8e 61 00 00 8a 61 00  |..a...a...a...a.|
00002d30  00 86 61 00 00 82 61 00  00 7e 61 00 00 7a 61 00  |..a...a..~a..za.|
00002d40  00 76 61 00 00 72 61 00  00 6e 61 00 00 6a 61 00  |.va..ra..na..ja.|
00002d50  00 66 61 00 00 62 61 00  00 5e 61 00 00 5a 61 00  |.fa..ba..^a..Za.|
00002d60  00 56 61 00 00 52 61 00  00 4e 61 00 00 4a 61 00  |.Va..Ra..Na..Ja.|
00002d70  00 46 61 00 00 42 61 00  00 3e 61 00 00 3a 61 00  |.Fa..Ba..>a..:a.|
00002d80  00 36 61 00 00 32 61 00  00 2e 61 00 00 2a 61 00  |.6a..2a...a..*a.|
00002d90  00 26 61 00 00 22 61 00  00 1e 61 00 00 1a 61 00  |.&a.."a...a...a.|
00002da0  00 16 61 00 00 12 61 00  00 0e 61 00 00 0a 61 00  |..a...a...a...a.|
00002db0  00 06 61 00 00 02 42 67  48 e7 80 80 20 2f 00 0a  |..a...BgH... /..|
00002dc0  04 80 00 0f 2c e6 0c 40  00 24 6f 00 00 16 0c 40  |....,..@.$o....@|
00002dd0  00 58 6d 00 00 28 0c 40  00 74 6e 00 00 20 04 40  |.Xm..(.@.tn.. .@|
00002de0  00 30 20 79 00 0f 6a 6c  d0 c0 4a 90 66 00 00 64  |.0 y..jl..J.f..d|
00002df0  0c 40 00 28 6d 00 00 06  06 40 00 30 de fc 00 0e  |.@.(m....@.0....|
00002e00  e4 40 0c 40 00 02 6c 00  00 06 4c df 03 00 4a 5f  |.@.@..l...L...J_|
00002e10  06 40 00 02 0c 40 00 17  6f 00 00 06 06 40 00 08  |.@...@..o....@..|
00002e20  3f 00 41 f9 00 0f 5e 44  61 00 00 98 30 1f 61 00  |?.A...^Da...0.a.|
00002e30  00 ba 41 f9 00 0f 5e 54  61 00 00 88 20 1f 61 00  |..A...^Ta... .a.|
00002e40  00 96 41 f9 00 0f 5e 68  61 00 00 78 42 80 4e 42  |..A...^ha..xB.NB|
00002e50  4e 73 0c 40 00 08 6d 00  00 2e 08 2f 00 0d 00 0e  |Ns.@..m..../....|
00002e60  66 00 ff 8e 2f 50 00 0a  4e 68 21 2f 00 10 31 2f  |f.../P..Nh!/..1/|
00002e70  00 0e 4e 60 4c df 01 01  2f 6f 00 02 00 08 5c 4f  |..N`L.../o....\O|
00002e80  02 57 7f ff 4e 73 08 2f  00 0d 00 16 66 00 ff 62  |.W..Ns./....f..b|
00002e90  2f 50 00 0a 4e 68 21 2f  00 18 31 2f 00 16 21 2f  |/P..Nh!/..1/..!/|
00002ea0  00 12 21 2f 00 0e 4e 60  4c df 01 01 2f 6f 00 02  |..!/..N`L.../o..|
00002eb0  00 10 de fc 00 0e 02 57  7f ff 4e 73 2f 08 42 67  |.......W..Ns/.Bg|
00002ec0  4e 73 42 81 12 18 67 00  00 0c 30 3c 00 02 4e 42  |NsB...g...0<..NB|
00002ed0  60 00 ff f0 4e 75 3f 00  48 40 61 00 00 04 30 1f  |`...Nu?.H@a...0.|
00002ee0  3f 00 e0 48 61 00 00 04  30 1f 3f 00 e8 48 61 00  |?..Ha...0.?..Ha.|
00002ef0  00 04 30 1f 02 40 00 0f  0c 40 00 0a 6d 00 00 06  |..0..@...@..m...|
00002f00  06 00 00 07 06 00 00 30  32 00 30 3c 00 02 4e 42  |.......02.0<..NB|
00002f10  4e 75 00 00 4e 56 00 00  4a 39 00 0f 6d b4 66 10  |Nu..NV..J9..m.f.|
00002f20  48 78 00 02 4e b9 00 0f  01 68 48 80 30 40 60 04  |Hx..N....hH.0@`.|
00002f30  30 7c 00 01 20 08 4e 5e  4e 75 4e 56 00 00 48 e7  |0|.. .N^NuNV..H.|
00002f40  30 38 42 03 48 78 00 02  49 f9 00 0f 01 68 4e 94  |08B.Hx..I....hN.|
00002f50  58 8f 4a 00 67 60 47 f9  00 0f 6d b6 45 f9 00 0f  |X.J.g`G...m.E...|
00002f60  6e 1c 48 78 00 03 4e 94  14 00 58 8f 0c 02 00 03  |n.Hx..N...X.....|
00002f70  66 0c 48 78 00 02 4e b9  00 0f 21 ae 58 8f 0c 02  |f.Hx..N...!.X...|
00002f80  00 13 66 04 76 01 60 da  0c 02 00 11 67 28 0c 02  |..f.v.`.....g(..|
00002f90  00 10 66 0a 4a 13 57 c0  44 00 16 80 60 14 43 f9  |..f.J.W.D...`.C.|
00002fa0  00 0f 6d b4 0c 11 00 7d  62 08 20 52 10 82 52 92  |..m....}b. R..R.|
00002fb0  52 11 4a 03 66 ac 4c ee  1c 0c ff ec 4e 5e 4e 75  |R.J.f.L.....N^Nu|
00002fc0  4e 56 00 00 48 e7 30 20  24 2e 00 08 16 02 4e b9  |NV..H.0 $.....N.|
00002fd0  00 0f 2f 1e 02 82 00 00  00 ff 2f 02 48 78 00 04  |../......./.Hx..|
00002fe0  45 f9 00 0f 01 68 4e 92  50 8f 4a 39 00 0f 6d b6  |E....hN.P.J9..m.|
00002ff0  67 08 2f 02 48 78 00 05  4e 92 0c 03 00 1f 63 08  |g./.Hx..N.....c.|
00003000  52 79 00 0f 6d b8 60 1a  0c 03 00 0d 66 08 42 79  |Ry..m.`.....f.By|
00003010  00 0f 6d b8 60 0c 0c 03  00 08 66 06 53 79 00 0f  |..m.`.....f.Sy..|
00003020  6d b8 4c ee 04 0c ff f4  4e 5e 4e 75 4e 56 00 00  |m.L.....N^NuNV..|
00003030  20 2e 00 08 0c 00 00 09  66 1a 48 78 00 20 4e b9  | .......f.Hx. N.|
00003040  00 0f 2f a4 58 8f 30 39  00 0f 6d b8 02 40 00 07  |../.X.09..m..@..|
00003050  66 e8 60 0c 42 a7 1f 40  00 03 4e b9 00 0f 2f a4  |f.`.B..@..N.../.|
00003060  4e 5e 4e 75 4e 56 00 00  2f 02 14 2e 00 0b 0c 02  |N^NuNV../.......|
00003070  00 09 66 0c 48 78 00 09  4e b9 00 0f 30 10 60 22  |..f.Hx..N...0.`"|
00003080  0c 02 00 1f 62 10 48 78  00 5e 4e b9 00 0f 2f a4  |....b.Hx.^N.../.|
00003090  00 02 00 40 58 8f 42 a7  1f 42 00 03 4e b9 00 0f  |...@X.B..B..N...|
000030a0  2f a4 24 2e ff fc 4e 5e  4e 75 4e 56 00 00 2f 0a  |/.$...N^NuNV../.|
000030b0  2f 02 45 f9 00 0f 6d b4  10 12 67 2c 43 f9 00 0f  |/.E...m...g,C...|
000030c0  6e 20 20 51 12 10 52 91  14 00 53 02 14 82 0c 00  |n  Q..R...S.....|
000030d0  00 01 66 0e 20 3c 00 0f  6e 24 23 c0 00 0f 6e 1c  |..f. <..n$#...n.|
000030e0  22 80 42 80 10 01 60 10  48 78 00 03 4e b9 00 0f  |".B...`.Hx..N...|
000030f0  01 68 02 80 00 00 00 ff  24 2e ff f8 24 6e ff fc  |.h......$...$n..|
00003100  4e 5e 4e 75 4e 56 00 00  2f 03 2f 02 4e b9 00 0f  |N^NuNV.././.N...|
00003110  30 8e 14 00 42 83 16 02  2f 03 4e b9 00 0f 2f a4  |0...B.../.N.../.|
00003120  0c 02 00 10 66 0e 41 f9  00 0f 6d b6 4a 10 57 c0  |....f.A...m.J.W.|
00003130  44 00 10 80 20 03 24 2e  ff f8 26 2e ff fc 4e 5e  |D... .$...&...N^|
00003140  4e 75 4e 56 00 00 30 2e  00 0a 0c 40 00 ff 66 0e  |NuNV..0....@..f.|
00003150  4e b9 00 0f 30 8e 02 80  00 00 00 ff 60 24 0c 40  |N...0.......`$.@|
00003160  00 fe 66 0e 4e b9 00 0f  2e f8 02 80 00 00 00 ff  |..f.N...........|
00003170  60 10 42 a7 1f 40 00 03  48 78 00 04 4e b9 00 0f  |`.B..@..Hx..N...|
00003180  01 68 4e 5e 4e 75 4e 56  00 00 48 e7 20 30 24 6e  |.hN^NuNV..H. 0$n|
00003190  00 08 47 f9 00 0f 6d b5  12 12 b2 13 67 14 74 00  |..G...m.....g.t.|
000031a0  14 1a 2f 02 4e b9 00 0f  30 10 58 8f 12 12 b2 13  |../.N...0.X.....|
000031b0  66 ee 4c ee 0c 04 ff f4  4e 5e 4e 75 4e 56 00 00  |f.L.....N^NuNV..|
000031c0  48 e7 30 20 24 2e 00 08  36 02 48 78 00 0d 45 f9  |H.0 $...6.Hx..E.|
000031d0  00 0f 2f a4 4e 92 48 78  00 0a 4e 92 50 8f 4a 42  |../.N.Hx..N.P.JB|
000031e0  67 0c 48 78 00 20 4e 92  53 43 58 8f 66 f4 4c ee  |g.Hx. N.SCX.f.L.|
000031f0  04 0c ff f4 4e 5e 4e 75  4e 56 00 00 48 e7 20 38  |....N^NuNV..H. 8|
00003200  20 6e 00 08 32 2e 00 0e  10 28 00 01 67 06 53 00  | n..2....(..g.S.|
00003210  11 40 00 01 42 42 14 28  00 01 54 88 53 42 0c 42  |.@..BB.(..T.SB.B|
00003220  ff ff 67 20 10 18 0c 00  00 09 66 08 50 41 02 41  |..g ......f.PA.A|
00003230  ff f8 60 0c 0c 00 00 1f  62 04 54 41 60 02 52 41  |..`.....b.TA`.RA|
00003240  51 ca ff e2 49 f9 00 0f  6d b8 42 80 30 14 36 41  |Q...I...m.B.0.6A|
00003250  b7 c0 6c 24 45 f9 00 0f  2f a4 74 00 48 78 00 08  |..l$E.../.t.Hx..|
00003260  4e 92 48 78 00 20 4e 92  48 78 00 08 4e 92 4f ef  |N.Hx. N.Hx..N.O.|
00003270  00 0c 34 14 b7 c2 6d e4  4c ee 1c 04 ff f0 4e 5e  |..4...m.L.....N^|
00003280  4e 75 4e 56 ff fc 48 e7  3f 3c 26 6e 00 08 3c 39  |NuNV..H.?<&n..<9|
00003290  00 0f 6d b8 42 2b 00 01  4a 13 67 00 01 8e 9b cd  |..m.B+..J.g.....|
000032a0  99 cc 42 ae ff fc 4e b9  00 0f 30 8e 12 00 0c 01  |..B...N...0.....|
000032b0  00 03 66 20 4a 2b 00 01  66 1a 48 78 00 03 4e b9  |..f J+..f.Hx..N.|
000032c0  00 0f 30 48 48 78 00 02  4e b9 00 0f 21 ae 50 8f  |..0HHx..N...!.P.|
000032d0  60 00 01 4e 0c 01 00 0d  67 06 0c 01 00 0a 66 0e  |`..N....g.....f.|
000032e0  48 78 00 0d 4e b9 00 0f  2f a4 60 00 01 3e 0c 01  |Hx..N.../.`..>..|
000032f0  00 08 66 0a 2e 0d 3e 06  2a 47 2f 0d 60 40 0c 01  |..f...>.*G/.`@..|
00003300  00 7f 66 48 4a 39 00 0f  6d b7 67 2e 10 2b 00 01  |..fHJ9..m.g..+..|
00003310  67 00 01 0e 53 00 17 40  00 01 42 42 14 00 3d 42  |g...S..@..BB..=B|
00003320  ff fe 2e 0c 22 6e ff fc  1e 31 b8 02 28 47 2f 0c  |...."n...1..(G/.|
00003330  4e b9 00 0f 2f a4 60 00  00 e6 3f 06 42 67 2f 0b  |N.../.`...?.Bg/.|
00003340  4e b9 00 0f 31 dc 50 8f  60 00 00 d6 0c 01 00 10  |N...1.P.`.......|
00003350  66 12 41 f9 00 0f 6d b6  4a 10 57 c0 44 00 10 80  |f.A...m.J.W.D...|
00003360  60 00 00 be 0c 01 00 18  66 1a 74 00 34 06 2f 02  |`.......f.t.4./.|
00003370  2f 0b 4e b9 00 0f 31 dc  50 8f 4a 2b 00 01 66 ec  |/.N...1.P.J+..f.|
00003380  60 00 00 9e 0c 01 00 05  66 0e 3f 06 42 67 4e b9  |`.......f.?.BgN.|
00003390  00 0f 31 a0 60 00 00 88  0c 01 00 15 66 1c 48 78  |..1.`.......f.Hx|
000033a0  00 23 4e b9 00 0f 2f a4  3f 06 42 67 4e b9 00 0f  |.#N.../.?.BgN...|
000033b0  31 a0 42 2b 00 01 50 8f  60 66 0c 01 00 12 66 44  |1.B+..P.`f....fD|
000033c0  48 78 00 23 4e b9 00 0f  2f a4 3f 06 42 67 4e b9  |Hx.#N.../.?.BgN.|
000033d0  00 0f 31 a0 50 8f 42 42  4a 2b 00 01 67 42 7a 00  |..1.P.BBJ+..gBz.|
000033e0  45 eb 00 02 78 00 42 43  3a 02 18 32 58 00 2f 04  |E...x.BC:..2X./.|
000033f0  4e b9 00 0f 30 48 58 8f  52 42 16 2b 00 01 b6 42  |N...0HX.RB.+...B|
00003400  62 e6 60 1c 42 80 10 2b  00 01 17 81 08 02 42 a7  |b.`.B..+......B.|
00003410  1f 41 00 03 52 2b 00 01  4e b9 00 0f 30 48 58 8f  |.A..R+..N...0HX.|
00003420  1e 2b 00 01 be 13 65 00  fe 7e 4c ee 3c fc ff d4  |.+....e..~L.<...|
00003430  4e 5e 4e 75 4e 56 ff ec  48 e7 38 20 20 2e 00 10  |N^NuNV..H.8  ...|
00003440  36 00 41 f9 00 0f 6d ba  1d 50 ff f1 4a 40 67 2c  |6.A...m..P..J@g,|
00003450  1d 7c 00 02 ff ee 18 03  53 04 1d 44 ff ef 42 81  |.|......S..D..B.|
00003460  32 39 00 0f 6e b8 42 80  10 10 01 01 67 18 48 78  |29..n.B.....g.Hx|
00003470  00 04 4e b9 00 0f 25 52  58 8f 60 0a 1d 7c 00 01  |..N...%RX.`..|..|
00003480  ff ee 42 2e ff ef 2d 6e  00 08 ff f2 2d 6e 00 0c  |..B...-n....-n..|
00003490  ff f8 2d 79 00 0f 6d be  ff fc 74 ee d4 8e 45 f9  |..-y..m...t...E.|
000034a0  00 0f 45 50 60 1a 4a 43  56 c0 48 80 30 40 28 08  |..EP`.JCV.H.0@(.|
000034b0  44 84 2f 04 4e b9 00 0f  25 52 58 8f 4a 40 66 0a  |D./.N...%RX.J@f.|
000034c0  2f 02 4e 92 58 8f 4a 40  66 dc 70 00 4c ee 04 1c  |/.N.X.J@f.p.L...|
000034d0  ff dc 4e 5e 4e 75 4e 56  00 00 42 a7 2f 39 00 0f  |..N^NuNV..B./9..|
000034e0  6d c2 30 6e 00 0a 2f 08  4e b9 00 0f 34 18 02 80  |m.0n../.N...4...|
000034f0  00 00 ff ff 4e 5e 4e 75  4e 56 00 00 2f 0a 2f 02  |....N^NuNV.././.|
00003500  48 78 00 02 2f 39 00 0f  6d c2 34 6e 00 0a 2f 0a  |Hx../9..m.4n../.|
00003510  4e b9 00 0f 34 18 34 00  20 79 00 0f 6d c6 42 80  |N...4.4. y..m.B.|
00003520  30 28 00 0c 4f ef 00 0c  b0 8a 6f 14 4e b9 00 0f  |0(..O.....o.N...|
00003530  35 34 20 79 00 0f 6d be  20 68 00 12 15 80 88 00  |54 y..m. h......|
00003540  42 80 30 02 24 2e ff f8  24 6e ff fc 4e 5e 4e 75  |B.0.$...$n..N^Nu|
00003550  4e 56 00 00 20 79 00 0f  6d c2 72 00 70 20 d2 98  |NV.. y..m.r.p ..|
00003560  53 40 66 fa 20 01 48 40  48 c0 d2 80 20 01 e0 80  |S@f. .H@H... ...|
00003570  d2 80 42 80 10 01 4e 5e  4e 75 4e 56 ff fc 48 e7  |..B...N^NuNV..H.|
00003580  3f 3c 3c 2e 00 12 26 79  00 0f 6d c6 38 7c 00 ff  |?<<...&y..m.8|..|
00003590  08 06 00 00 67 10 38 39  00 0f 6d ca 52 44 60 08  |....g.89..m.RD`.|
000035a0  20 02 60 00 01 0e 42 44  3e 06 02 47 00 08 60 00  | .`...BD>..G..`.|
000035b0  00 de b8 6b 00 08 62 00  00 f4 3a 04 02 45 00 03  |...k..b...:..E..|
000035c0  4b f9 00 0f 6d ca 66 00  00 90 34 04 e4 4a 22 02  |K...m.f...4..J".|
000035d0  02 81 00 00 3f ff 2f 01  2d 41 ff fc 4e b9 00 0f  |....?./.-A..N...|
000035e0  34 ba 58 8f 22 2e ff fc  b4 6b 00 0c 64 6a 20 79  |4.X."....k..dj y|
000035f0  00 0f 6d be 24 68 00 12  d5 c1 41 f9 00 0f 35 34  |..m.$h....A...54|
00003600  08 06 00 02 67 06 4e 90  14 80 60 4c 4e 90 b0 12  |....g.N...`LN...|
00003610  67 46 20 79 00 0f 6d be  31 6b 00 08 00 04 41 f9  |gF y..m.1k....A.|
00003620  00 0f 6d ba 42 81 12 10  70 01 e3 a8 22 00 30 39  |..m.B...p...".09|
00003630  00 0f 6e a2 c0 41 66 1a  46 41 c3 79 00 0f 6e ac  |..n..Af.FA.y..n.|
00003640  42 80 10 10 2f 00 4e b9  00 0f 38 6e 58 8f 60 00  |B.../.N...8nX.`.|
00003650  ff 7a 83 79 00 0f 6e b8  3a 84 3f 04 42 67 74 03  |.z.y..n.:.?.Bgt.|
00003660  c4 85 20 02 eb 88 d0 b9  00 0f 6d c2 2f 00 2f 2e  |.. .......m././.|
00003670  00 0c 22 6e 00 08 4e 91  4f ef 00 0c 4a 00 67 0c  |.."n..N.O...J.g.|
00003680  08 06 00 01 67 00 ff 1a  38 7c 00 00 52 44 4a 47  |....g...8|..RDJG|
00003690  66 00 ff 20 42 81 32 04  20 79 00 0f 6d be 42 80  |f.. B.2. y..m.B.|
000036a0  30 28 00 04 52 80 b0 81  6c 00 ff 08 36 0c 42 80  |0(..R...l...6.B.|
000036b0  10 03 4c ee 3c fc ff d4  4e 5e 4e 75 4e 56 00 00  |..L.<...N^NuNV..|
000036c0  2f 02 20 2e 00 08 34 00  6d 2c 30 42 22 79 00 0f  |/. ...4.m,0B"y..|
000036d0  6d c6 42 80 30 29 00 06  b0 88 6d 1a 20 79 00 0f  |m.B.0)....m. y..|
000036e0  6d be 20 68 00 16 72 07  c2 82 70 7f 46 00 e2 a0  |m. h..r...p.F...|
000036f0  e6 42 81 30 20 00 24 1f  4e 5e 4e 75 4e 56 00 00  |.B.0 .$.N^NuNV..|
00003700  2f 02 20 2e 00 08 34 00  6f 2e 30 42 22 79 00 0f  |/. ...4.o.0B"y..|
00003710  6d c6 42 80 30 29 00 06  b0 88 6d 1c 20 79 00 0f  |m.B.0)....m. y..|
00003720  6d be 20 68 00 16 72 07  c2 82 70 7f 46 00 e2 a0  |m. h..r...p.F...|
00003730  46 00 e6 42 c1 30 20 00  24 1f 4e 5e 4e 75 4e 56  |F..B.0 .$.N^NuNV|
00003740  00 00 2f 03 2f 02 34 2e  00 0a 20 79 00 0f 6d be  |.././.4... y..m.|
00003750  30 02 e6 48 02 80 00 00  1f ff 20 68 00 16 10 30  |0..H...... h...0|
00003760  08 00 02 40 00 ff 46 40  76 07 c4 83 72 7f 46 01  |...@..F@v...r.F.|
00003770  e4 a1 c0 41 02 80 00 00  ff ff 24 1f 26 1f 4e 5e  |...A......$.&.N^|
00003780  4e 75 4e 56 00 00 48 e7  3c 00 20 2e 00 08 36 00  |NuNV..H.<. ...6.|
00003790  20 79 00 0f 6d c6 3a 28  00 06 34 00 38 3c ff ff  | y..m.:(..4.8<..|
000037a0  4a 40 66 08 ba 42 63 3c  4a 43 67 16 53 43 3f 03  |J@f..Bc<JCg.SC?.|
000037b0  42 67 4e b9 00 0f 37 22  58 8f 4a 40 67 04 38 03  |BgN...7"X.J@g.8.|
000037c0  60 22 ba 42 63 16 52 42  3f 02 42 67 4e b9 00 0f  |`".Bc.RB?.BgN...|
000037d0  37 22 58 8f 4a 40 67 04  38 02 60 08 4a 43 66 cc  |7"X.J@g.8.`.JCf.|
000037e0  ba 42 62 c4 0c 44 ff ff  67 0a 3f 04 42 67 4e b9  |.Bb..D..g.?.BgN.|
000037f0  00 0f 36 a0 42 80 30 04  4c ee 00 3c ff f0 4e 5e  |..6.B.0.L..<..N^|
00003800  4e 75 00 00 4e 56 00 00  48 e7 30 38 22 6e 00 0c  |Nu..NV..H.08"n..|
00003810  20 2e 00 10 0c 11 00 0f  62 66 20 79 00 0f 6d be  | .......bf y..m.|
00003820  31 40 00 04 42 42 20 79  00 0f 6d c6 0c 68 00 ff  |1@..BB y..m..h..|
00003830  00 06 62 1e 45 e9 00 10  76 00 16 32 20 00 2f 03  |..b.E...v..2 ./.|
00003840  52 42 4e b9 00 0f 36 a0  58 8f 0c 42 00 0f 6f ea  |RBN...6.X..B..o.|
00003850  60 2e 45 e9 00 10 49 f9  00 0f 36 a0 47 f9 00 0f  |`.E...I...6.G...|
00003860  01 84 76 00 30 42 d1 c8  30 70 a8 00 2f 08 52 42  |..v.0B..0p../.RB|
00003870  4e 93 36 00 2f 03 4e 94  50 8f 0c 42 00 07 6f e4  |N.6./.N.P..B..o.|
00003880  4c ee 1c 0c ff ec 4e 5e  4e 75 4e 56 ff ec 48 e7  |L.....N^NuNV..H.|
00003890  3c 30 24 2e 00 08 18 02  42 80 30 39 00 0f 6e ac  |<0$.....B.09..n.|
000038a0  42 81 12 02 e2 a0 16 00  46 03 02 03 00 01 41 f9  |B.......F.....A.|
000038b0  00 0f 6d ba b8 10 66 06  4a 03 67 00 00 fc 42 2e  |..m...f.J.g...B.|
000038c0  ff ee 1d 42 ff f1 10 82  0c 04 00 0f 63 0c 48 78  |...B........c.Hx|
000038d0  00 02 4e b9 00 0f 25 52  58 8f 1a 03 0a 05 00 01  |..N...%RX.......|
000038e0  1d 45 ff ef 74 ee d4 8e  47 f9 00 0f 45 50 45 f9  |.E..t...G...EPE.|
000038f0  00 0f 6d be 60 10 48 78  00 03 4e b9 00 0f 25 52  |..m.`.Hx..N...%R|
00003900  58 8f 4a 40 66 0e 2f 02  4e 93 20 2e ff fc 24 80  |X.J@f./.N. ...$.|
00003910  58 8f 67 e2 20 79 00 0f  6d be 23 e8 00 0a 00 0f  |X.g. y..m.#.....|
00003920  6d c2 23 e8 00 0e 00 0f  6d c6 4a 03 67 00 00 8a  |m.#.....m.J.g...|
00003930  20 79 00 0f 6d c6 34 28  00 06 45 f9 00 0f 36 e0  | y..m.4(..E...6.|
00003940  32 42 2f 09 4e 92 58 8f  51 ca ff f6 48 6e ff ec  |2B/.N.X.Q...Hn..|
00003950  20 79 00 0f 6d c6 42 80  10 28 00 03 e5 88 22 40  | y..m.B..(...."@|
00003960  48 69 00 04 42 80 30 28  00 08 22 40 48 69 00 01  |Hi..B.0(.."@Hi..|
00003970  4e b9 00 0f 01 98 34 00  4f ef 00 0c 4a 6e ff ec  |N.....4.O...Jn..|
00003980  67 02 52 42 45 f9 00 0f  36 a0 53 42 32 42 2f 09  |g.RBE...6.SB2B/.|
00003990  4e 92 58 8f 4a 42 66 f2  48 78 00 0e 42 a7 48 79  |N.X.JBf.Hx..B.Hy|
000039a0  00 0f 37 e8 4e b9 00 0f  35 5e 42 81 12 04 70 01  |..7.N...5^B...p.|
000039b0  e3 a8 81 79 00 0f 6e ac  4c ee 0c 3c ff d4 4e 5e  |...y..n.L..<..N^|
000039c0  4e 75 4e 56 00 00 22 6e  00 08 20 6e 00 0c 30 2e  |NuNV.."n.. n..0.|
000039d0  00 12 53 40 0c 40 ff ff  67 06 10 d9 51 c8 ff fc  |..S@.@..g...Q...|
000039e0  4e 5e 4e 75 4e 56 00 00  48 e7 38 20 22 6e 00 08  |N^NuNV..H.8 "n..|
000039f0  24 6e 00 0c 16 2e 00 13  74 0c 10 19 12 00 0a 01  |$n......t.......|
00003a00  00 3f 18 1a b9 00 02 00  00 7f 67 04 4a 01 66 2c  |.?........g.J.f,|
00003a10  53 42 66 e6 4a 03 67 3c  12 11 0c 01 00 3f 67 20  |SBf.J.g<.....?g |
00003a20  18 12 b9 01 02 81 00 00  00 ff 20 79 00 0f 6d c6  |.......... y..m.|
00003a30  42 80 10 28 00 04 46 80  c2 80 67 04 70 00 60 16  |B..(..F...g.p.`.|
00003a40  12 29 00 02 18 2a 00 02  b9 01 02 01 00 3f 70 00  |.)...*.......?p.|
00003a50  4a 01 66 02 70 01 4c df  04 1c 4e 5e 4e 75 4e 56  |J.f.p.L...N^NuNV|
00003a60  00 00 48 e7 38 20 24 6e  00 08 28 2e 00 0c 48 78  |..H.8 $n..(...Hx|
00003a70  00 01 2f 04 2f 0a 4e b9  00 0f 39 c8 16 00 4f ef  |.././.N...9...O.|
00003a80  00 0c 67 2e 14 2a 00 0c  48 78 00 20 2f 0a 2f 04  |..g..*..Hx. /./.|
00003a90  4e b9 00 0f 39 a6 15 42  00 0c 00 2a 00 80 00 0e  |N...9..B...*....|
00003aa0  42 81 12 39 00 0f 6d ba  70 01 e3 a8 81 79 00 0f  |B..9..m.p....y..|
00003ab0  6e a2 10 03 48 80 48 c0  4c ee 04 1c ff f0 4e 5e  |n...H.H.L.....N^|
00003ac0  4e 75 4e 56 ff ec 48 e7  30 20 1d 7c 00 03 ff ee  |NuNV..H.0 .|....|
00003ad0  76 ee d6 8e 45 f9 00 0f  45 50 60 10 48 78 00 01  |v...E...EP`.Hx..|
00003ae0  4e b9 00 0f 25 52 58 8f  4a 40 66 0a 2f 03 4e 92  |N...%RX.J@f./.N.|
00003af0  34 00 58 8f 66 e6 42 80  30 02 4c ee 04 0c ff e0  |4.X.f.B.0.L.....|
00003b00  4e 5e 4e 75 4e 56 00 00  48 e7 38 3c 28 6e 00 08  |N^NuNV..H.8<(n..|
00003b10  26 6e 00 0c 36 2e 00 12  48 78 00 01 2f 0b 2f 0c  |&n..6...Hx.././.|
00003b20  4e b9 00 0f 39 c8 4f ef  00 0c 4a 00 67 00 00 c6  |N...9.O...J.g...|
00003b30  43 ec 00 10 45 eb 00 10  20 79 00 0f 6d c6 0c 68  |C...E... y..m..h|
00003b40  00 ff 00 06 62 22 74 10  10 12 67 10 12 11 67 08  |....b"t...g...g.|
00003b50  b2 00 66 00 00 8e 60 06  12 80 60 02 14 91 52 89  |..f...`...`...R.|
00003b60  52 8a 53 42 66 e2 60 1e  74 08 30 12 67 0e 32 11  |R.SBf.`.t.0.g.2.|
00003b70  67 06 b2 40 66 6c 60 06  32 80 60 02 34 91 54 89  |g..@fl`.2.`.4.T.|
00003b80  54 8a 53 42 66 e4 2f 0c  4e b9 00 0f 42 b0 12 2b  |T.SBf./.N...B..+|
00003b90  00 0c 02 41 00 1f 58 8f  b2 40 65 0c 66 14 18 2c  |...A..X..@e.f..,|
00003ba0  00 0f b8 2b 00 0f 63 0a  17 6c 00 0f 00 0f 17 40  |...+..c..l.....@|
00003bb0  00 0c 17 6c 00 0d 00 0d  4a 2b 00 09 6c 0e 3a 43  |...l....J+..l.:C|
00003bc0  2f 0d 2f 0c 4e b9 00 0f  24 30 50 8f 02 2b 00 7f  |/./.N...$0P..+..|
00003bd0  00 0b e4 43 3a 43 2f 0d  4e b9 00 0f 34 dc 70 01  |...C:C/.N...4.p.|
00003be0  60 14 42 81 12 39 00 0f  6d ba 70 01 e3 a8 81 79  |`.B..9..m.p....y|
00003bf0  00 0f 6e b8 70 00 4c ee  3c 1c ff e4 4e 5e 4e 75  |..n.p.L.<...N^Nu|
00003c00  4e 56 00 00 2f 0a 24 6e  00 08 4e b9 00 0f 3a a6  |NV../.$n..N...:.|
00003c10  4a 2a 00 0e 6d 18 42 a7  2f 0a 48 79 00 0f 3a e8  |J*..m.B./.Hy..:.|
00003c20  4e b9 00 0f 35 5e 02 80  00 00 ff ff 60 02 70 00  |N...5^......`.p.|
00003c30  24 6e ff fc 4e 5e 4e 75  4e 56 00 00 70 01 4e 5e  |$n..N^NuNV..p.N^|
00003c40  4e 75 4e 56 00 00 48 78  00 01 2f 2e 00 0c 2f 2e  |NuNV..Hx../.../.|
00003c50  00 08 4e b9 00 0f 39 c8  48 80 48 c0 4e 5e 4e 75  |..N...9.H.H.N^Nu|
00003c60  4e 56 00 00 2f 0a 2f 02  24 6e 00 08 24 2e 00 0c  |NV.././.$n..$...|
00003c70  0c 12 00 3f 66 2a 42 80  10 39 00 0f 6d bb 2f 00  |...?f*B..9..m./.|
00003c80  4e b9 00 0f 38 6e 3f 02  42 67 2f 0a 48 79 00 0f  |N...8n?.Bg/.Hy..|
00003c90  3c 1c 4e b9 00 0f 35 5e  34 40 4f ef 00 10 60 34  |<.N...5^4@O...`4|
00003ca0  2f 2e 00 10 4e b9 00 0f  2c 0a 58 8f 0c 2a 00 3f  |/...N...,.X..*.?|
00003cb0  00 0c 67 04 42 2a 00 0c  42 2a 00 0e 3f 02 42 67  |..g.B*..B*..?.Bg|
00003cc0  2f 0a 48 79 00 0f 3c 26  4e b9 00 0f 35 5e 34 40  |/.Hy..<&N...5^4@|
00003cd0  4f ef 00 0c 48 78 00 80  2f 39 00 0f 6d cc 2f 39  |O...Hx../9..m./9|
00003ce0  00 0f 6d c2 4e b9 00 0f  39 a6 42 80 30 0a 24 2e  |..m.N...9.B.0.$.|
00003cf0  ff f8 24 6e ff fc 4e 5e  4e 75 4e 56 00 00 48 e7  |..$n..N^NuNV..H.|
00003d00  30 20 22 2e 00 08 22 6e  00 0c 36 2e 00 12 0c 11  |0 "..."n..6.....|
00003d10  00 e5 57 c2 44 02 67 52  24 41 41 ea 00 0f 70 11  |..W.D.gR$AA...p.|
00003d20  42 18 53 40 66 fa 48 78  00 20 2f 09 2f 01 4e b9  |B.S@f.Hx. /./.N.|
00003d30  00 0f 39 a6 30 03 e4 40  34 40 2f 0a 4e b9 00 0f  |..9.0..@4@/.N...|
00003d40  34 dc 30 43 22 79 00 0f  6d be 42 80 30 29 00 04  |4.0C"y..m.B.0)..|
00003d50  b0 88 6c 04 33 43 00 04  42 81 12 39 00 0f 6d ba  |..l.3C..B..9..m.|
00003d60  70 01 e3 a8 81 79 00 0f  6e a2 10 02 48 80 48 c0  |p....y..n...H.H.|
00003d70  4c ee 04 0c ff f4 4e 5e  4e 75 4e 56 00 00 48 e7  |L.....N^NuNV..H.|
00003d80  38 38 26 2e 00 08 24 6e  00 0c 34 2e 00 12 42 a7  |88&...$n..4...B.|
00003d90  2f 0a 2f 03 4e b9 00 0f  39 c8 18 00 4f ef 00 0c  |/./.N...9...O...|
00003da0  67 00 00 84 4a 2a 00 09  6c 0e 32 42 2f 09 2f 03  |g...J*..l.2B/./.|
00003db0  4e b9 00 0f 24 30 50 8f  14 bc 00 e5 e4 42 32 42  |N...$0P......B2B|
00003dc0  2f 09 4e b9 00 0f 34 dc  20 79 00 0f 6d c6 58 8f  |/.N...4. y..m.X.|
00003dd0  0c 68 00 ff 00 06 62 20  74 10 47 ea 00 10 45 f9  |.h....b t.G...E.|
00003de0  00 0f 36 e0 76 00 53 42  16 33 20 00 2f 03 4e 92  |..6.v.SB.3 ./.N.|
00003df0  58 8f 4a 42 66 f0 60 2e  74 08 47 ea 00 10 45 f9  |X.JBf.`.t.G...E.|
00003e00  00 0f 36 e0 49 f9 00 0f  01 84 76 00 53 42 30 42  |..6.I.....v.SB0B|
00003e10  d1 c8 30 70 b8 00 2f 08  4e 94 36 00 2f 03 4e 92  |..0p../.N.6./.N.|
00003e20  50 8f 4a 42 66 e6 10 04  48 80 48 c0 4c ee 1c 1c  |P.JBf...H.H.L...|
00003e30  ff e8 4e 5e 4e 75 4e 56  00 00 48 e7 38 30 26 2e  |..N^NuNV..H.80&.|
00003e40  00 08 24 6e 00 0c 34 2e  00 12 42 a7 2f 0a 2f 03  |..$n..4...B././.|
00003e50  4e b9 00 0f 39 c8 18 00  4f ef 00 0c 67 38 4a 2a  |N...9...O...g8J*|
00003e60  00 09 6c 0e 36 42 2f 0b  2f 03 4e b9 00 0f 24 30  |..l.6B/./.N...$0|
00003e70  50 8f 26 43 43 eb 00 11  41 ea 00 01 70 0b 12 19  |P.&CC...A...p...|
00003e80  02 01 00 7f 10 c1 53 40  66 f4 e4 42 36 42 2f 0b  |......S@f..B6B/.|
00003e90  4e b9 00 0f 34 dc 10 04  48 80 48 c0 4c ee 0c 1c  |N...4...H.H.L...|
00003ea0  ff ec 4e 5e 4e 75 4e 56  00 00 48 e7 30 30 26 6e  |..N^NuNV..H.00&n|
00003eb0  00 08 24 6e 00 0c 34 2e  00 12 42 a7 2f 0a 2f 0b  |..$n..4...B././.|
00003ec0  4e b9 00 0f 39 c8 16 00  4f ef 00 0c 67 1e 48 78  |N...9...O...g.Hx|
00003ed0  00 0b 48 6a 00 01 48 6b  00 01 4e b9 00 0f 39 a6  |..Hj..Hk..N...9.|
00003ee0  e4 42 30 42 2f 08 4e b9  00 0f 34 dc 10 03 48 80  |.B0B/.N...4...H.|
00003ef0  48 c0 4c ee 0c 0c ff f0  4e 5e 4e 75 4e 56 00 00  |H.L.....N^NuNV..|
00003f00  2f 02 20 6e 00 08 10 28  00 0c 74 1f c0 82 ef 88  |/. n...(..t.....|
00003f10  12 28 00 0e 74 3f c2 82  74 0c e5 a9 80 81 24 1f  |.(..t?..t.....$.|
00003f20  4e 5e 4e 75 4e 56 00 00  2f 0a 24 6e 00 08 2f 0a  |N^NuNV../.$n../.|
00003f30  4e b9 00 0f 3e e0 42 81  12 2a 00 20 d2 80 20 01  |N...>.B..*. .. .|
00003f40  42 40 48 40 15 40 00 21  30 01 e0 40 15 40 00 22  |B@H@.@.!0..@.@."|
00003f50  15 41 00 23 24 6e ff fc  4e 5e 4e 75 4e 56 00 00  |.A.#$n..N^NuNV..|
00003f60  48 e7 20 30 26 6e 00 08  24 6e 00 0c 42 a7 2f 0a  |H. 0&n..$n..B./.|
00003f70  2f 0b 4e b9 00 0f 39 c8  14 00 4f ef 00 0c 67 26  |/.N...9...O...g&|
00003f80  2f 0a 4e b9 00 0f 3e e0  42 81 12 2a 00 0f d2 80  |/.N...>.B..*....|
00003f90  20 01 42 40 48 40 17 40  00 21 30 01 e0 40 17 40  | .B@H@.@.!0..@.@|
00003fa0  00 22 17 41 00 23 10 02  48 80 48 c0 4c ee 0c 04  |.".A.#..H.H.L...|
00003fb0  ff f4 4e 5e 4e 75 4e 56  00 00 48 e7 30 30 24 6e  |..N^NuNV..H.00$n|
00003fc0  00 08 76 00 42 40 74 00  47 f9 00 0f 35 5e 60 2c  |..v.B@t.G...5^`,|
00003fd0  42 80 10 2a 00 21 48 40  42 40 02 82 ff 00 ff ff  |B..*.!H@B@......|
00003fe0  84 80 42 80 10 2a 00 22  e1 88 02 42 00 ff 84 80  |..B..*."...B....|
00003ff0  14 2a 00 23 b6 82 6c 02  26 02 70 01 72 01 c2 80  |.*.#..l.&.p.r...|
00004000  2f 01 2f 0a 48 79 00 0f  3f 40 4e 93 4f ef 00 0c  |/./.Hy..?@N.O...|
00004010  0c 40 00 fe 63 ba 20 03  42 40 48 40 15 40 00 21  |.@..c. .B@H@.@.!|
00004020  30 03 e0 40 15 40 00 22  15 43 00 23 4c ee 0c 0c  |0..@.@.".C.#L...|
00004030  ff f0 4e 5e 4e 75 4e 56  ff fc 48 e7 38 38 42 80  |..N^NuNV..H.88B.|
00004040  10 2e 00 0b 2f 00 4e b9  00 0f 38 6e 97 cb 20 79  |..../.N...8n.. y|
00004050  00 0f 6d be 28 68 00 16  42 41 32 7c 00 00 58 8f  |..m.(h..BA2|..X.|
00004060  20 79 00 0f 6d c6 42 80  30 28 00 06 b0 8b 6d 2e  | y..m.B.0(....m.|
00004070  24 48 76 00 74 00 4a 41  66 08 32 3c 80 00 38 1c  |$Hv.t.JAf.2<..8.|
00004080  46 44 30 04 c0 41 67 08  16 2a 00 03 47 f3 38 01  |FD0..Ag..*..G.8.|
00004090  e2 49 52 49 30 49 34 2a  00 06 b4 88 6c d8 2d 4b  |.IRI0I4*....l.-K|
000040a0  ff fc 48 78 00 04 2f 39  00 0f 6d cc 48 6e ff fc  |..Hx../9..m.Hn..|
000040b0  4e b9 00 0f 39 a6 4c ee  1c 1c ff e4 4e 5e 4e 75  |N...9.L.....N^Nu|
000040c0  4e 56 00 00 2f 02 22 6e  00 08 20 79 00 0f 6d c6  |NV../."n.. y..m.|
000040d0  10 29 00 0c c0 28 00 04  02 80 00 00 00 ff 42 82  |.)...(........B.|
000040e0  14 28 00 02 72 07 92 82  e3 a8 42 81 12 29 00 20  |.(..r.....B..). |
000040f0  e4 a1 d0 41 48 c0 24 1f  4e 5e 4e 75 4e 56 00 00  |...AH.$.N^NuNV..|
00004100  22 6e 00 08 30 2e 00 0e  4a 6e 00 12 66 10 41 e9  |"n..0...Jn..f.A.|
00004110  00 10 10 30 00 00 02 80  00 00 00 ff 60 16 30 40  |...0........`.0@|
00004120  d1 c8 30 70 98 10 2f 08  4e b9 00 0f 01 84 02 80  |..0p../.N.......|
00004130  00 00 ff ff 4e 5e 4e 75  4e 56 00 00 48 e7 30 20  |....N^NuNV..H.0 |
00004140  24 6e 00 08 20 2e 00 10  22 2e 00 14 36 2e 00 0e  |$n.. ..."...6...|
00004150  34 01 02 2a 00 7f 00 0e  4a 40 67 14 3f 01 42 67  |4..*....J@g.?.Bg|
00004160  4e b9 00 0f 01 84 30 43  d1 c8 31 80 a8 10 60 08  |N.....0C..1...`.|
00004170  41 ea 00 10 11 82 30 00  4c ee 04 0c ff f4 4e 5e  |A.....0.L.....N^|
00004180  4e 75 4e 56 00 00 20 79  00 0f 6d c6 42 81 32 2e  |NuNV.. y..m.B.2.|
00004190  00 0a 42 80 10 28 00 02  e1 a9 10 2e 00 0f c0 28  |..B..(.........(|
000041a0  00 03 02 80 00 00 00 ff  32 6e 00 12 2f 09 2f 39  |........2n.././9|
000041b0  00 0f 6d cc 22 41 48 71  08 00 4e b9 00 0f 34 18  |..m."AHq..N...4.|
000041c0  02 80 00 00 ff ff 4e 5e  4e 75 4e 56 00 00 48 e7  |......N^NuNV..H.|
000041d0  3f 30 24 6e 00 08 1c 2e  00 0f 4a 6e 00 12 67 24  |?0$n......Jn..g$|
000041e0  16 2a 00 21 e9 0b 12 2a  00 22 10 01 e8 08 86 00  |.*.!...*."......|
000041f0  14 01 02 02 00 0f e3 0a  4a 2a 00 23 6c 14 00 02  |........J*.#l...|
00004200  00 01 60 0e 16 2a 00 0e  02 03 00 3f 14 2a 00 0c  |..`..*.....?.*..|
00004210  52 02 0c 02 00 1f 63 04  42 02 52 03 0c 03 00 3f  |R.....c.B.R....?|
00004220  63 06 70 06 60 00 00 9c  10 2a 00 0e 02 00 00 3f  |c.p.`....*.....?|
00004230  b0 03 66 24 10 02 1e 2a  00 0c bf 00 20 79 00 0f  |..f$...*.... y..|
00004240  6d c6 42 81 12 28 00 04  46 81 c0 81 7e 1f c0 87  |m.B..(..F...~...|
00004250  66 06 15 42 00 0c 60 68  2f 0a 4e b9 00 0f 3b e4  |f..B..`h/.N...;.|
00004260  58 8f 0c 40 00 fe 63 04  70 03 60 56 18 2a 00 0e  |X..@..c.p.`V.*..|
00004270  1a 2a 00 0c 15 43 00 0e  15 42 00 0c 42 a7 2f 0a  |.*...C...B..B./.|
00004280  48 79 00 0f 3a 42 47 f9  00 0f 35 5e 4e 93 4f ef  |Hy..:BG...5^N.O.|
00004290  00 0c 0c 40 00 fe 63 28  4a 06 67 0c 15 44 00 0e  |...@..c(J.g..D..|
000042a0  15 45 00 0c 70 04 60 1a  48 78 00 08 2f 0a 48 79  |.E..p.`.Hx../.Hy|
000042b0  00 0f 3c de 4e 93 32 00  70 05 0c 41 00 fe 62 02  |..<.N.2.p..A..b.|
000042c0  70 00 4c ee 0c fc ff e0  4e 5e 4e 75 4e 56 00 00  |p.L.....N^NuNV..|
000042d0  2f 02 22 6e 00 08 72 0f  41 e9 00 1f 4a 10 66 08  |/."n..r.A...J.f.|
000042e0  53 41 67 04 4a 20 67 f8  20 79 00 0f 6d c6 0c 68  |SAg.J g. y..m..h|
000042f0  00 ff 00 06 63 02 e2 49  02 81 00 00 ff ff 42 80  |....c..I......B.|
00004300  10 28 00 02 74 07 94 80  20 02 e0 a1 42 40 10 28  |.(..t... ...B@.(|
00004310  00 04 46 40 14 29 00 0c  c0 42 02 40 00 1f 80 41  |..F@.)...B.@...A|
00004320  02 80 00 00 ff ff 24 1f  4e 5e 4e 75 4e 56 00 00  |......$.N^NuNV..|
00004330  2f 0a 2f 02 24 6e 00 08  2f 0a 4e b9 00 0f 42 b0  |/./.$n../.N...B.|
00004340  42 41 12 2a 00 0c b2 40  67 0a 55 c0 74 7f 46 02  |BA.*...@g.U.t.F.|
00004350  c0 82 60 06 42 80 10 2a  00 0f 24 2e ff f8 24 6e  |..`.B..*..$...$n|
00004360  ff fc 4e 5e 4e 75 4e 56  ff fc 48 e7 3f 3c 24 6e  |..N^NuNV..H.?<$n|
00004370  00 08 20 2e 00 0c 16 00  3d 6e 00 12 ff fe 20 79  |.. .....=n.... y|
00004380  00 0f 6d c6 38 28 00 06  02 44 ff 00 4a 00 66 22  |..m.8(...D..J.f"|
00004390  4a 2a 00 09 6c 1c 20 79  00 0f 6d be 20 68 00 0e  |J*..l. y..m. h..|
000043a0  42 80 30 28 00 08 2f 00  2f 0a 4e b9 00 0f 24 30  |B.0(.././.N...$0|
000043b0  50 8f 4a 6e ff fe 67 2c  48 78 00 01 10 03 48 80  |P.Jn..g,Hx....H.|
000043c0  3a 40 2f 0d 2f 0a 4e b9  00 0f 41 ae 4f ef 00 0c  |:@/./.N...A.O...|
000043d0  4a 40 66 00 01 86 12 2a  00 23 02 01 00 7f 15 41  |J@f....*.#.....A|
000043e0  00 20 60 26 0c 2a 00 80  00 20 66 1e 42 a7 10 03  |. `&.*... f.B...|
000043f0  48 80 3a 40 2f 0d 2f 0a  4e b9 00 0f 41 ae 4f ef  |H.:@/./.N...A.O.|
00004400  00 0c 4a 40 66 6a 42 2a  00 20 1d 6a 00 0f ff fd  |..J@fjB*. .j....|
00004410  42 42 14 2a 00 20 2f 0a  4e b9 00 0f 43 10 58 8f  |BB.*. /.N...C.X.|
00004420  b0 42 62 14 4a 03 66 48  02 2a 00 7f 00 0e 12 2a  |.Bb.J.fH.*.....*|
00004430  00 20 52 01 1d 41 ff fd  2f 0a 4e b9 00 0f 40 a4  |. R..A../.N...@.|
00004440  34 00 38 44 2f 0c 36 42  2f 0b 2f 0a 28 3c 00 0f  |4.8D/.6B/./.(<..|
00004450  40 e0 2a 44 4e 95 3e 00  4f ef 00 10 67 0e 4a 03  |@.*DN.>.O...g.J.|
00004460  57 c0 1c 00 48 86 44 46  60 00 00 c6 4a 03 67 06  |W...H.DF`...J.g.|
00004470  70 01 60 00 00 ec 2f 0c  4a 42 56 c0 48 80 30 40  |p.`.../.JBV.H.0@|
00004480  20 0b 53 80 22 08 c2 80  2f 01 2f 0a 2a 44 4e 95  | .S."..././.*DN.|
00004490  3f 00 42 67 4e b9 00 0f  37 66 3e 00 4f ef 00 10  |?.BgN...7f>.O...|
000044a0  0c 47 ff ff 66 06 70 02  60 00 00 b6 3f 07 42 67  |.G..f.p.`...?.Bg|
000044b0  2f 0c 2f 0b 2f 0a 4e b9  00 0f 41 1c 7c 03 4f ef  |/././.N...A.|.O.|
000044c0  00 10 0c 6e 00 02 ff fe  66 66 47 f9 00 0f 6d cc  |...n....ffG...m.|
000044d0  28 53 26 b9 00 0f 6d c2  34 3c 00 80 53 42 20 79  |(S&...m.4<..SB y|
000044e0  00 0f 6d cc 42 30 20 00  4a 42 66 f0 70 00 20 79  |..m.B0 .JBf.p. y|
000044f0  00 0f 6d c6 42 81 12 28  00 03 b2 80 6d 30 7a 00  |..m.B..(....m0z.|
00004500  78 00 76 00 3a 46 2f 0d  1a 02 2f 05 38 07 2f 04  |x.v.:F/.../.8./.|
00004510  4e b9 00 0f 41 66 7c 01  4f ef 00 0c 52 42 32 42  |N...Af|.O...RB2B|
00004520  20 79 00 0f 6d c6 16 28  00 03 b6 89 6c d6 26 8c  | y..m..(....l.&.|
00004530  3a 46 2f 0d 42 80 10 2a  00 20 2f 00 3f 07 42 67  |:F/.B..*. /.?.Bg|
00004540  4e b9 00 0f 41 66 4a 40  66 10 15 6e ff fd 00 0f  |N...AfJ@f..n....|
00004550  4a 6e ff fe 66 04 52 2a  00 20 02 80 00 00 ff ff  |Jn..f.R*. ......|
00004560  4c ee 3c fc ff d4 4e 5e  4e 75 00 00 4e 56 ff fc  |L.<...N^Nu..NV..|
00004570  48 e7 30 38 28 6e 00 08  42 42 42 80 10 14 76 02  |H.08(n..BBB...v.|
00004580  b6 80 6d 0e 76 01 b6 80  6f 40 4a 80 67 10 60 00  |..m.v...o@J.g.`.|
00004590  00 f6 76 03 b6 80 67 00  00 e2 60 00 00 ea 13 ec  |..v...g...`.....|
000045a0  00 03 00 0f 6a 70 42 80  10 2c 00 01 2f 00 42 80  |....jpB..,../.B.|
000045b0  10 39 00 0f 6a 70 2f 00  48 78 00 09 4e b9 00 0f  |.9..jp/.Hx..N...|
000045c0  01 68 29 40 00 0e 60 00  00 be 10 2c 00 03 b0 39  |.h)@..`....,...9|
000045d0  00 0f 6a 70 67 1c 42 a7  13 c0 00 0f 6a 70 42 a7  |..jpg.B.....jpB.|
000045e0  1f 40 00 03 48 78 00 09  4e b9 00 0f 01 68 4f ef  |.@..Hx..N....hO.|
000045f0  00 0c 26 6c 00 0e 24 6b  00 0e 48 6e ff fe 42 80  |..&l..$k..Hn..B.|
00004600  30 12 2f 00 2f 2c 00 04  4e b9 00 0f 01 98 42 81  |0././,..N.....B.|
00004610  32 00 42 80 30 2a 00 0e  20 41 48 70 08 00 48 78  |2.B.0*.. AHp..Hx|
00004620  00 0a 45 f9 00 0f 01 68  4e 92 2f 13 42 80 30 2e  |..E....hN./.B.0.|
00004630  ff fe 2f 00 48 78 00 10  4e b9 00 0f 01 68 3f 00  |../.Hx..N....h?.|
00004640  42 67 48 78 00 0b 4e 92  4f ef 00 24 2e ac 00 0a  |BgHx..N.O..$....|
00004650  48 78 00 0c 4e b9 00 0f  01 68 50 8f 0c 14 00 01  |Hx..N....hP.....|
00004660  66 06 48 78 00 0d 60 16  42 80 10 2c 00 01 2f 00  |f.Hx..`.B..,../.|
00004670  48 78 00 0e 4e 92 34 00  60 0c 48 78 00 15 4e b9  |Hx..N.4.`.Hx..N.|
00004680  00 0f 01 68 14 00 42 80  30 02 4c ee 1c 0c ff e8  |...h..B.0.L.....|
00004690  4e 5e 4e 75 00 10 04 0f  01 00 00 c7 00 3f 80 00  |N^Nu.........?..|
000046a0  00 00 00 00 00 48 04 0f  00 00 02 c6 00 ff f0 00  |.....H..........|
000046b0  00 40 00 02 00 24 04 0f  00 00 01 5e 00 7f c0 00  |.@...$.....^....|
000046c0  00 20 00 04 4e 56 00 00  2f 02 22 6e 00 08 20 2e  |. ..NV../."n.. .|
000046d0  00 0c 20 49 22 2e 00 10  53 81 74 ff b4 81 67 0c  |.. I"...S.t...g.|
000046e0  10 c0 51 c9 ff fc 42 41  53 81 64 f4 20 09 24 1f  |..Q...BAS.d. .$.|
000046f0  4e 5e 4e 75 4e 56 00 00  2f 02 20 2e 00 08 22 6e  |N^NuNV../. ..."n|
00004700  00 0c 20 40 22 2e 00 10  53 81 74 ff b4 81 67 0c  |.. @"...S.t...g.|
00004710  10 d9 51 c9 ff fc 42 41  53 81 64 f4 24 1f 4e 5e  |..Q...BAS.d.$.N^|
00004720  4e 75 4e 56 00 00 48 e7  38 00 26 39 00 0f 5f cc  |NuNV..H.8.&9.._.|
00004730  24 2e 00 08 56 82 78 fc  c4 84 42 a7 4e b9 00 0f  |$...V.x...B.N...|
00004740  5b 7c 23 c0 00 0f 6f 28  22 03 d2 82 58 8f b0 81  |[|#...o("...X...|
00004750  65 14 23 c1 00 0f 5f cc  2f 02 42 a7 2f 03 4e b9  |e.#..._./.B./.N.|
00004760  00 0f 46 a8 60 02 70 00  4c ee 00 1c ff f4 4e 5e  |..F.`.p.L.....N^|
00004770  4e 75 4e 56 ff fc 48 e7  38 20 20 3c 00 0f 88 00  |NuNV..H.8  <....|
00004780  76 10 48 43 0c 80 00 0f  ff ff 6f 02 26 00 4e b9  |v.HC......o.&.N.|
00004790  00 0f 5b 78 24 00 94 83  45 f9 00 0f 5e c8 0c 82  |..[x$...E...^...|
000047a0  00 07 cf ff 6f 00 00 b2  0c 82 00 10 00 00 6f 04  |....o.........o.|
000047b0  74 10 48 42 78 01 2d 44  ff fc 70 01 72 01 4a aa  |t.HBx.-D..p.r.J.|
000047c0  00 04 67 1a 4a aa 00 08  67 14 20 01 52 80 2d 40  |..g.J...g. .R.-@|
000047d0  ff fc 45 ea 00 10 22 00  78 0f b8 80 6c e0 78 0f  |..E...".x...l.x.|
000047e0  b8 80 6d 74 48 78 00 10  48 79 00 0f 5f b8 2f 0a  |..mtHx..Hy.._./.|
000047f0  4e b9 00 0f 46 d8 20 6a  00 08 20 68 00 0e 42 81  |N...F. j.. h..B.|
00004800  12 28 00 02 70 7f 46 00  e3 a8 48 6e ff fc 53 40  |.(..p.F...Hn..S@|
00004810  3f 00 42 67 2f 02 4e b9  00 0f 01 98 20 6a 00 08  |?.Bg/.N..... j..|
00004820  20 68 00 0e 31 40 00 06  20 02 6c 04 78 7f d0 84  | h..1@.. .l.x...|
00004830  ee 80 25 40 00 04 20 6a  00 08 20 68 00 0e 42 80  |..%@.. j.. h..B.|
00004840  30 28 00 08 eb 88 22 40  48 69 00 20 48 78 00 e5  |0(...."@Hi. Hx..|
00004850  2f 03 4e b9 00 0f 46 a8  4c ee 04 1c ff ec 4e 5e  |/.N...F.L.....N^|
00004860  4e 75 4e 56 00 00 20 2e  00 08 0c 00 00 0f 63 0c  |NuNV.. .......c.|
00004870  33 fc ff ff 00 0f 5f c8  70 00 60 18 02 40 00 ff  |3....._.p.`..@..|
00004880  33 c0 00 0f 5f c8 48 c0  e9 88 41 f9 00 0f 5e c0  |3..._.H...A...^.|
00004890  20 30 08 00 4e 5e 4e 75  4e 56 00 00 2f 0a 30 2e  | 0..N^NuNV../.0.|
000048a0  00 0a 45 f9 00 0f 87 b0  41 f2 00 00 12 10 53 40  |..E.....A.....S@|
000048b0  0c 40 ff ff 67 0e 43 e8  ff ff 10 91 53 89 53 88  |.@..g.C.....S.S.|
000048c0  51 c8 ff f8 14 81 24 5f  4e 5e 4e 75 4e 56 00 00  |Q.....$_N^NuNV..|
000048d0  2f 0a 2f 02 22 2e 00 08  20 01 e5 88 d0 81 d0 81  |/./."... .......|
000048e0  24 40 d5 fc 00 0f 6e d8  10 2a 00 05 08 00 00 04  |$@....n..*......|
000048f0  67 2e 02 00 00 0f 67 28  74 09 e5 a9 06 81 00 0f  |g.....g(t.......|
00004900  6f ac 2f 01 2f 12 42 80  10 2a 00 04 2f 00 4e b9  |o././.B..*../.N.|
00004910  00 0f 5b 32 23 c0 00 0f  6f 20 02 2a 00 f0 00 05  |..[2#...o .*....|
00004920  70 00 24 2e ff f8 24 6e  ff fc 4e 5e 4e 75 4e 56  |p.$...$n..N^NuNV|
00004930  00 00 48 e7 3f 3c 28 2e  00 0c 36 2e 00 0a 3a 6e  |..H.?<(...6...:n|
00004940  00 12 74 00 2e 3c 00 0f  6e d8 2a 07 72 00 30 43  |..t..<..n.*.r.0C|
00004950  43 f9 00 0f 87 b0 10 19  48 80 36 40 20 0b e5 88  |C.......H.6@ ...|
00004960  d0 8b d0 8b 24 40 d5 c5  08 2a 00 04 00 05 67 0e  |....$@...*....g.|
00004970  b8 92 66 0a 12 2a 00 04  b1 c1 67 00 00 94 52 82  |..f..*....g...R.|
00004980  7c 0b bc 82 6c d0 74 0b  10 39 00 0f 87 bb 48 80  ||...l.t..9....H.|
00004990  36 40 20 0b e5 88 d0 8b  d0 8b 24 40 d5 c7 2f 0b  |6@ .......$@../.|
000049a0  4e b9 00 0f 48 b0 42 2a  00 05 58 8f 3c 0d 66 2a  |N...H.B*..X.<.f*|
000049b0  20 0b 7c 09 ed a8 06 80  00 0f 6f ac 2f 00 2f 04  | .|.......o././.|
000049c0  38 43 2f 0c 4e b9 00 0f  5b 10 23 c0 00 0f 6f 20  |8C/.N...[.#...o |
000049d0  4f ef 00 0c 67 2e 70 ff  60 42 42 b9 00 0f 6f 20  |O...g.p.`BB...o |
000049e0  48 78 02 00 42 a7 20 0b  7c 09 ed a8 06 80 00 0f  |Hx..B. .|.......|
000049f0  6f ac 2f 00 4e b9 00 0f  46 a8 00 2a 00 0f 00 05  |o./.N...F..*....|
00004a00  4f ef 00 0c 00 2a 00 10  00 05 15 43 00 04 24 84  |O....*.....C..$.|
00004a10  38 42 2f 0c 4e b9 00 0f  48 7c 20 0b 4c ee 3c fc  |8B/.N...H| .L.<.|
00004a20  ff d8 4e 5e 4e 75 4e 56  00 00 33 ee 00 0a 00 0f  |..N^NuNV..3.....|
00004a30  87 ac 70 00 4e 5e 4e 75  4e 56 00 00 33 ee 00 0a  |..p.N^NuNV..3...|
00004a40  00 0f 87 fc 70 00 4e 5e  4e 75 4e 56 00 00 23 ee  |....p.N^NuNV..#.|
00004a50  00 08 00 0f 6f 24 70 00  4e 5e 4e 75 4e 56 00 00  |....o$p.N^NuNV..|
00004a60  48 e7 30 20 30 39 00 0f  5f c8 48 c0 e9 88 24 40  |H.0 09.._.H...$@|
00004a70  d5 fc 00 0f 5e b8 20 6a  00 08 20 68 00 0e 32 39  |....^. j.. h..29|
00004a80  00 0f 87 ac c2 d0 42 80  30 39 00 0f 87 fc d2 80  |......B.09......|
00004a90  0c 6a 00 63 00 0c 6f 12  b2 aa 00 04 64 76 48 78  |.j.c..o.....dvHx|
00004aa0  00 80 ef 89 d2 92 2f 01  60 5a 30 2a 00 0e 6c 04  |....../.`Z0*..l.|
00004ab0  06 40 00 7f ee 40 30 40  20 08 53 80 24 01 c4 80  |.@...@0@ .S.$...|
00004ac0  2f 08 2f 01 4e b9 00 0f  5b a4 50 8f 22 00 b2 aa  |/./.N...[.P."...|
00004ad0  00 04 64 40 42 a7 d2 92  2f 01 34 6a 00 0c 2f 0a  |..d@B.../.4j../.|
00004ae0  4e b9 00 0f 49 12 4f ef  00 0c 4a 80 6d 26 48 78  |N...I.O...J.m&Hx|
00004af0  00 80 76 09 e7 a8 ef 8a  20 42 d1 fc 00 0f 6f ac  |..v..... B....o.|
00004b00  48 70 08 00 2f 39 00 0f  6f 24 4e b9 00 0f 46 d8  |Hp../9..o$N...F.|
00004b10  70 00 60 02 70 01 4c ee  04 0c ff f4 4e 5e 4e 75  |p.`.p.L.....N^Nu|
00004b20  4e 56 00 00 48 e7 3e 30  3a 2e 00 0a 30 39 00 0f  |NV..H.>0:...09..|
00004b30  5f c8 48 c0 e9 88 24 40  d5 fc 00 0f 5e b8 20 6a  |_.H...$@....^. j|
00004b40  00 08 26 68 00 0e 32 39  00 0f 87 ac c2 d3 42 80  |..&h..29......B.|
00004b50  30 39 00 0f 87 fc 26 01  d6 80 30 2a 00 0c 0c 40  |09....&...0*...@|
00004b60  00 64 6e 00 00 b4 66 22  b6 aa 00 04 64 00 00 aa  |.dn...f"....d...|
00004b70  48 78 00 80 2f 39 00 0f  6f 24 ef 8b d6 92 2f 03  |Hx../9..o$..../.|
00004b80  4e b9 00 0f 46 d8 60 00  00 dc 30 2a 00 0e 6c 04  |N...F.`...0*..l.|
00004b90  06 40 00 7f ee 40 30 40  20 08 53 80 28 03 c8 80  |.@...@0@ .S.(...|
00004ba0  2f 08 2f 03 4e b9 00 0f  5b a4 50 8f 26 00 b6 aa  |/./.N...[.P.&...|
00004bb0  00 04 64 64 d6 92 0c 45  00 02 66 36 42 80 10 2b  |..dd...E..f6B..+|
00004bc0  00 02 55 80 74 01 e1 aa  70 0c 90 82 7c 02 bc 80  |..U.t...p...|...|
00004bd0  6c 20 60 1a 48 78 00 01  22 43 48 71 28 00 32 6a  |l `.Hx.."CHq(.2j|
00004be0  00 0c 2f 09 4e b9 00 0f  49 12 4f ef 00 0c 53 82  |../.N...I.O...S.|
00004bf0  66 e2 0c 45 00 02 57 c0  48 80 30 40 2c 08 44 86  |f..E..W.H.0@,.D.|
00004c00  2f 06 2f 03 34 6a 00 0c  2f 0a 4e b9 00 0f 49 12  |/./.4j../.N...I.|
00004c10  24 00 4f ef 00 0c 6c 04  70 01 60 4a 20 02 e5 88  |$.O...l.p.`J ...|
00004c20  d0 82 d0 82 41 f9 00 0f  6e d8 09 f0 08 05 48 78  |....A...n.....Hx|
00004c30  00 80 2f 39 00 0f 6f 24  20 02 7c 09 ed a8 ef 8c  |../9..o$ .|.....|
00004c40  20 44 d1 fc 00 0f 6f ac  48 70 08 00 4e b9 00 0f  | D....o.Hp..N...|
00004c50  46 d8 4f ef 00 0c 0c 45  00 01 66 08 2f 02 4e b9  |F.O....E..f./.N.|
00004c60  00 0f 48 b0 70 00 4c ee  0c 7c ff e4 4e 5e 4e 75  |..H.p.L..|..N^Nu|
00004c70  4e 56 00 00 48 e7 30 20  76 00 74 00 45 f9 00 0f  |NV..H.0 v.t.E...|
00004c80  48 b0 2f 02 4e 92 58 8f  4a b9 00 0f 6f 20 67 02  |H./.N.X.J...o g.|
00004c90  76 ff 52 82 72 0b b2 82  6c e8 20 03 4c ee 04 0c  |v.R.r...l. .L...|
00004ca0  ff f4 4e 5e 4e 75 4e 56  00 00 30 39 00 0f 5f c8  |..N^NuNV..09.._.|
00004cb0  48 c0 e9 88 20 40 d1 fc  00 0f 5e b8 30 68 00 0c  |H... @....^.0h..|
00004cc0  2f 08 4e b9 00 0f 5b 54  70 00 4e 5e 4e 75 20 25  |/.N...[Tp.N^Nu %|
00004cd0  30 32 78 00 20 00 25 63  00 00 4e 56 00 00 48 e7  |02x. .%c..NV..H.|
00004ce0  3c 30 24 6e 00 08 2a 0a  78 01 47 f9 00 0f 52 94  |<0$n..*.x.G...R.|
00004cf0  76 07 74 00 14 1a 2f 02  48 79 00 0f 4c b2 4e 93  |v.t.../.Hy..L.N.|
00004d00  50 8f 51 cb ff f0 48 79  00 0f 4c b8 4e 93 58 8f  |P.Q...Hy..L.N.X.|
00004d10  51 cc ff de 48 79 00 0f  4c b8 4e 93 24 45 58 8f  |Q...Hy..L.N.$EX.|
00004d20  76 0f 12 12 10 01 06 00  ff e0 0c 00 00 5e 62 06  |v............^b.|
00004d30  42 80 10 01 60 02 70 2e  2f 00 48 79 00 0f 4c ba  |B...`.p./.Hy..L.|
00004d40  4e 93 50 8f 52 8a 51 cb  ff da 4c ee 0c 3c ff e8  |N.P.R.Q...L..<..|
00004d50  4e 5e 4e 75 0a 25 30 34  78 3a 20 00 0a 00 4e 56  |N^Nu.%04x: ...NV|
00004d60  00 00 48 e7 3c 20 2a 2e  00 08 28 2e 00 0c 26 2e  |..H.< *...(...&.|
00004d70  00 10 6f 42 45 f9 00 0f  52 94 74 00 4a 83 6f 28  |..oBE...R.t.J.o(|
00004d80  2f 05 48 79 00 0f 4d 38  4e 92 2f 04 4e b9 00 0f  |/.Hy..M8N./.N...|
00004d90  4c be 72 10 d8 81 da 81  72 f0 d6 81 4f ef 00 0c  |L.r.....r...O...|
00004da0  52 82 72 07 b2 82 6c d4  48 79 00 0f 4d 40 4e 92  |R.r...l.Hy..M@N.|
00004db0  58 8f 4a 83 6e c4 4c ee  04 3c ff ec 4e 5e 4e 75  |X.J.n.L..<..N^Nu|
00004dc0  0a 20 20 44 65 76 69 63  65 20 25 63 3a 00 43 72  |.  Device %c:.Cr|
00004dd0  65 61 74 65 64 20 64 72  69 76 65 20 25 63 3e 20  |eated drive %c> |
00004de0  6f 6e 20 64 65 76 69 63  65 20 25 63 3a 0a 00 20  |on device %c:.. |
00004df0  20 62 65 67 69 6e 20 3d  20 25 6c 75 20 28 25 30  | begin = %lu (%0|
00004e00  37 6c 78 29 20 20 6c 65  6e 67 74 68 20 3d 20 25  |7lx)  length = %|
00004e10  6c 75 20 28 25 30 37 6c  78 29 0a 00 0a 45 6e 64  |lu (%07lx)...End|
00004e20  20 6f 66 20 27 64 69 73  6b 5f 73 79 73 74 65 6d  | of 'disk_system|
00004e30  5f 69 6e 69 74 27 0a 00  4e 56 ff fc 48 e7 3f 3c  |_init'..NV..H.?<|
00004e40  78 00 45 f9 00 0f 87 b0  41 f9 00 0f 6e dd 42 10  |x.E.....A...n.B.|
00004e50  5c 88 14 c4 52 84 72 0b  b2 84 6c f2 28 38 00 a0  |\...R.r...l.(8..|
00004e60  00 84 ff f7 ff ff c9 b9  00 0f 5f 08 7c 02 76 02  |.........._.|.v.|
00004e70  42 a7 42 a7 32 46 2f 09  4e b9 00 0f 49 12 4f ef  |B.B.2F/.N...I.O.|
00004e80  00 0c 4a 80 6d 00 01 22  72 09 e3 a8 24 40 d5 fc  |..J.m.."r...$@..|
00004e90  00 0f 71 6a 12 06 06 01  00 41 1d 41 ff ff 10 01  |..qj.....A.A....|
00004ea0  48 80 32 40 2f 09 48 79  00 0f 4d a4 4e b9 00 0f  |H.2@/.Hy..M.N...|
00004eb0  52 94 48 78 00 40 2f 0a  48 78 01 be 4e b9 00 0f  |R.Hx.@/.Hx..N...|
00004ec0  4d 42 78 00 4f ef 00 14  2a 0a 58 85 22 45 10 11  |MBx.O...*.X."E..|
00004ed0  72 10 da 81 0c 00 00 52  66 00 00 b6 0c 43 00 0f  |r......Rf....C..|
00004ee0  62 00 00 ae 70 00 47 f9  00 0f 5e bc 49 f9 00 0f  |b...p.G...^.I...|
00004ef0  01 8c 4b eb ff fc 2e 3c  00 0f 52 94 30 03 24 00  |..K....<..R.0.$.|
00004f00  e9 8a 4a b3 28 00 66 7e  2f 2a 00 08 4e 94 2b 80  |..J.(.f~/*..N.+.|
00004f10  28 00 2f 2a 00 0c 4e 94  27 80 28 00 41 f9 00 0f  |(./*..N.'.(.A...|
00004f20  5e c6 31 bc 02 00 28 00  41 f9 00 0f 5e c4 31 86  |^.1...(.A...^.1.|
00004f30  28 00 e5 88 2f 00 4e b9  00 0f 50 5a 41 f9 00 0f  |(.../.N...PZA...|
00004f40  5e c0 21 80 28 00 10 2e  ff ff 48 80 32 40 2f 09  |^.!.(.....H.2@/.|
00004f50  10 03 06 00 00 41 48 80  32 40 2f 09 48 79 00 0f  |.....AH.2@/.Hy..|
00004f60  4d b2 22 47 4e 91 2f 33  28 00 2f 33 28 00 2f 35  |M."GN./3(./3(./5|
00004f70  28 00 2f 35 28 00 48 79  00 0f 4d d3 22 47 4e 91  |(./5(.Hy..M."GN.|
00004f80  4f ef 00 2c 60 0a 52 43  0c 43 00 0f 63 00 ff 6e  |O..,`.RC.C..c..n|
00004f90  45 ea 00 10 52 84 72 03  b2 84 6c 00 ff 30 52 46  |E...R.r...l..0RF|
00004fa0  0c 43 00 0f 63 00 fe ca  48 79 00 0f 4e 00 4e b9  |.C..c...Hy..N.N.|
00004fb0  00 0f 52 94 4c ee 3c fc  ff d4 4e 5e 4e 75 4e 56  |..R.L.<...N^NuNV|
00004fc0  00 00 2f 02 24 2e 00 08  20 02 53 80 22 02 c2 80  |../.$... .S."...|
00004fd0  57 c0 48 80 30 40 4a 82  67 06 52 88 e2 8a 66 fa  |W.H.0@J.g.R...f.|
00004fe0  20 08 24 1f 4e 5e 4e 75  73 70 74 3d 25 68 75 20  | .$.N^Nuspt=%hu |
00004ff0  62 73 68 3d 25 64 20 62  6c 6d 3d 25 64 20 00 65  |bsh=%d blm=%d .e|
00005000  78 6d 3d 25 64 20 00 64  73 6d 3d 25 68 75 20 64  |xm=%d .dsm=%hu d|
00005010  72 6d 3d 25 68 75 20 00  64 69 72 5f 61 6c 3d 25  |rm=%hu .dir_al=%|
00005020  30 34 68 78 20 00 63 6b  73 3d 25 68 75 20 74 72  |04hx .cks=%hu tr|
00005030  6b 5f 6f 66 66 3d 25 68  75 0a 00 54 68 65 72 65  |k_off=%hu..There|
00005040  20 61 72 65 20 25 6c 75  20 62 6c 6f 63 6b 73 20  | are %lu blocks |
00005050  6f 66 20 73 69 7a 65 20  25 6c 75 0a 00 61 6c 76  |of size %lu..alv|
00005060  20 6c 65 6e 67 74 68 20  69 73 20 25 64 20 62 79  | length is %d by|
00005070  74 65 73 0a 00 00 4e 56  ff f8 48 e7 3f 3c 24 2e  |tes...NV..H.?<$.|
00005080  00 08 48 78 00 1a 4e b9  00 0f 47 06 2a 40 48 78  |..Hx..N...G.*@Hx|
00005090  00 10 4e b9 00 0f 47 06  24 40 2b 4a 00 0e 50 8f  |..N...G.$@+J..P.|
000050a0  0c 82 00 40 00 00 6f 04  74 40 48 42 0c 82 00 00  |...@..o.t@HB....|
000050b0  2d 00 66 0c 34 bc 00 48  35 7c 00 02 00 0e 60 58  |-.f.4..H5|....`X|
000050c0  0c 82 00 00 16 80 66 0c  34 bc 00 24 35 7c 00 04  |......f.4..$5|..|
000050d0  00 0e 60 44 0c 82 00 00  25 80 66 0c 34 bc 00 3c  |..`D....%.f.4..<|
000050e0  35 7c 00 02 00 0e 60 30  0c 82 00 00 07 d2 66 0c  |5|....`0......f.|
000050f0  34 bc 00 1a 35 7c 00 08  00 0e 60 1c 0c 82 00 00  |4...5|....`.....|
00005100  0f a4 66 0c 34 bc 00 34  35 7c 00 04 00 0e 60 08  |..f.4..45|....`.|
00005110  34 bc 00 80 42 6a 00 0e  30 12 c0 ea 00 0e 94 80  |4...Bj..0.......|
00005120  2f 02 49 f9 00 0f 4f a2  4e 94 58 8f 5e 80 7e 1d  |/.I...O.N.X.^.~.|
00005130  be 80 6d 0a 2f 02 4e 94  58 8f 5e 80 60 02 70 1d  |..m./.N.X.^.`.p.|
00005140  22 00 52 81 e2 81 7e 0b  be 81 6f 02 72 0b 7e 12  |".R...~...o.r.~.|
00005150  be 80 6d 02 53 81 36 7c  00 0e 7e 0e be 81 6d 02  |..m.S.6|..~...m.|
00005160  26 41 28 0b 5f 84 e8 a2  72 f6 d2 8b 7c 01 20 06  |&A(._...r...|. .|
00005170  e3 a8 2a 00 53 85 20 42  53 88 2d 48 ff f8 b1 fc  |..*.S. BS.-H....|
00005180  00 00 00 ff 6f 02 e2 85  2f 02 4e 94 26 00 55 83  |....o.../.N.&.U.|
00005190  2b 7c 00 0f 6f 2c 00 0a  28 42 5e 8c 20 0c 6c 04  |+|..o,..(B^. .l.|
000051a0  70 0e d0 82 e6 80 2d 40  ff fc 2f 00 4e b9 00 0f  |p.....-@../.N...|
000051b0  47 06 2b 40 00 16 15 44  00 02 20 06 e9 a8 14 00  |G.+@...D.. .....|
000051c0  53 02 15 42 00 03 35 6e  ff fa 00 06 20 06 e7 a8  |S..B..5n.... ...|
000051d0  53 40 35 40 00 08 15 45  00 04 20 0b 5b 80 96 80  |S@5@...E.. .[...|
000051e0  22 06 e7 a9 50 8f 7e 01  be 81 6f 02 72 01 70 00  |"...P.~...o.r.p.|
000051f0  46 40 e2 a0 46 40 35 40  00 0a 42 a7 1f 42 00 03  |F@..F@5@..B..B..|
00005200  42 80 10 2a 00 02 2f 00  42 80 30 12 2f 00 48 79  |B..*../.B.0./.Hy|
00005210  00 0f 4f cc 47 f9 00 0f  52 94 4e 93 42 80 10 2a  |..O.G...R.N.B..*|
00005220  00 04 2f 00 48 79 00 0f  4f e3 4e 93 42 80 30 2a  |../.Hy..O.N.B.0*|
00005230  00 08 2f 00 42 80 30 2a  00 06 2f 00 48 79 00 0f  |../.B.0*../.Hy..|
00005240  4f eb 4e 93 4f ef 00 24  42 80 30 2a 00 0a 2f 00  |O.N.O..$B.0*../.|
00005250  48 79 00 0f 4f fc 4e 93  42 80 30 2a 00 0e 2f 00  |Hy..O.N.B.0*../.|
00005260  42 80 30 2a 00 0c 2f 00  48 79 00 0f 50 0a 4e 93  |B.0*../.Hy..P.N.|
00005270  42 81 12 2a 00 02 70 7f  46 00 e3 a8 2f 00 42 80  |B..*..p.F.../.B.|
00005280  30 2a 00 06 20 40 48 68  00 01 48 79 00 0f 50 1f  |0*.. @Hh..Hy..P.|
00005290  4e 93 4f ef 00 1c 2e ae  ff fc 48 79 00 0f 50 41  |N.O.......Hy..PA|
000052a0  4e 93 20 0d 4c ee 3c fc  ff d0 4e 5e 4e 75 00 00  |N. .L.<...N^Nu..|
000052b0  4e 56 ff ec 48 e7 3f 3c  2c 2e 00 08 7a 00 78 0c  |NV..H.?<,...z.x.|
000052c0  d8 8e 60 00 02 82 52 85  7e 25 be 8a 67 2a 47 f9  |..`...R.~%..g*G.|
000052d0  00 0f 01 68 7e 0a be 8a  66 0c 48 78 00 0d 48 78  |...h~...f.Hx..Hx|
000052e0  00 04 4e 93 50 8f 30 0a  48 80 3a 40 2f 0d 48 78  |..N.P.0.H.:@/.Hx|
000052f0  00 04 4e 93 60 00 02 4e  72 01 2a 46 1d 55 ff f3  |..N.`..Nr.*F.U..|
00005300  74 00 99 cc 0c 2e 00 2d  ff f3 66 16 52 86 60 12  |t......-..f.R.`.|
00005310  20 02 e7 88 20 40 d1 c2  41 f0 28 d0 20 08 24 00  | ... @..A.(. .$.|
00005320  d4 8a 2a 46 52 86 10 15  48 80 34 40 70 d0 d0 8a  |..*FR...H.4@p...|
00005330  7e 09 be 80 64 da 7e 2e  be 8a 66 28 60 12 20 0c  |~...d.~...f(`. .|
00005340  e7 88 41 f4 08 00 41 f0  c8 d0 20 08 49 f2 08 00  |..A...A... .I...|
00005350  2a 46 52 86 10 15 48 80  34 40 70 d0 d0 8a 7e 09  |*FR...H.4@p...~.|
00005360  be 80 64 da 0c 2e 00 2d  ff f3 66 04 44 82 60 0e  |..d....-..f.D.`.|
00005370  0c 2e 00 30 ff f3 67 06  1d 7c 00 20 ff f3 b4 fc  |...0..g..|. ....|
00005380  00 00 67 00 01 d4 7e 68  be 8a 66 0e 2a 46 52 86  |..g...~h..f.*FR.|
00005390  10 15 48 80 34 40 72 00  60 12 7e 6c be 8a 66 0c  |..H.4@r.`.~l..f.|
000053a0  2a 46 52 86 10 15 48 80  34 40 72 02 70 a8 d0 8a  |*FR...H.4@r.p...|
000053b0  7e 20 be 80 65 00 01 7c  d0 80 30 3b 08 06 4e fb  |~ ..e..|..0;..N.|
000053c0  00 02 00 42 01 70 01 70  01 70 01 70 01 70 01 70  |...B.p.p.p.p.p.p|
000053d0  01 70 01 70 01 70 01 70  01 66 00 60 01 70 01 70  |.p.p.p.p.f.`.p.p|
000053e0  01 70 01 70 01 70 01 70  01 70 01 70 01 70 01 70  |.p.p.p.p.p.p.p.p|
000053f0  00 4c 01 70 01 70 01 70  00 c6 01 70 00 56 01 70  |.L.p.p.p...p.V.p|
00005400  01 70 00 42 32 7c 00 10  7e 04 82 87 60 18 32 7c  |.p.B2|..~...`.2||
00005410  00 08 7e 04 82 87 60 0e  32 7c 00 0a 7e 04 82 87  |..~...`.2|..~...|
00005420  60 04 32 7c ff f6 76 f4  d6 8e 41 f9 00 0f 55 5a  |`.2|..v...A...UZ|
00005430  45 f9 00 0f 5b 88 7e 06  be 81 65 3a 20 01 d0 81  |E...[.~...e: ...|
00005440  30 3b 08 06 4e fb 00 02  00 0e 00 26 00 26 00 2e  |0;..N......&.&..|
00005450  00 1a 00 26 00 26 58 84  2a 44 30 2d ff fe 48 c0  |...&.&X.*D0-..H.|
00005460  60 16 58 84 2a 44 42 80  30 2d ff fe 60 0a 2a 44  |`.X.*DB.0-..`.*D|
00005470  58 84 20 15 60 02 70 00  2f 03 2f 09 2f 00 4e 90  |X. .`.p./././.N.|
00005480  26 40 4f ef 00 0c 60 0c  2a 44 58 84 26 55 45 f9  |&@O...`.*DX.&UE.|
00005490  00 0f 5b 88 53 85 2f 0b  4e 92 24 40 58 8f b8 fc  |..[.S./.N.$@X...|
000054a0  00 00 66 02 28 4a 4a 82  6f 30 94 8a 4a 82 6f 28  |..f.(JJ.o0..J.o(|
000054b0  16 2e ff f3 48 83 41 f9  00 0f 01 68 3a 43 2f 0d  |....H.A....h:C/.|
000054c0  48 78 00 04 2d 48 ff ee  4e 90 52 85 53 82 50 8f  |Hx..-H..N.R.S.P.|
000054d0  20 6e ff ee 4a 82 6e e4  74 00 4a 82 6c 04 44 82  | n..J.n.t.J.l.D.|
000054e0  94 8a 4a 13 67 22 45 f9  00 0f 01 68 20 0c 53 8c  |..J.g"E....h .S.|
000054f0  6f 16 10 1b 48 80 3a 40  2f 0d 48 78 00 04 4e 92  |o...H.:@/.Hx..N.|
00005500  52 85 50 8f 4a 13 66 e4  4a 82 6f 3a 45 f9 00 0f  |R.P.J.f.J.o:E...|
00005510  01 68 48 78 00 20 48 78  00 04 4e 92 52 85 53 82  |.hHx. Hx..N.R.S.|
00005520  50 8f 4a 82 6e ec 60 1e  58 84 2a 44 10 2d ff ff  |P.J.n.`.X.*D.-..|
00005530  60 02 30 0a 48 80 3a 40  2f 0d 48 78 00 04 4e b9  |`.0.H.:@/.Hx..N.|
00005540  00 0f 01 68 50 8f 2a 46  52 86 10 15 48 80 34 40  |...hP.*FR...H.4@|
00005550  b4 fc 00 00 66 00 fd 70  20 05 4c ee 3c fc ff c4  |....f..p .L.<...|
00005560  4e 5e 4e 75 30 31 32 33  34 35 36 37 38 39 41 42  |N^Nu0123456789AB|
00005570  43 44 45 46 00 00 4e 56  00 00 48 e7 3e 3c 20 2e  |CDEF..NV..H.>< .|
00005580  00 08 28 2e 00 0c 26 6e  00 10 7a 00 4a 84 6c 0a  |..(...&n..z.J.l.|
00005590  44 84 4a 80 6c 04 7a 01  44 80 24 00 42 2b 00 0b  |D.J.l.z.D.$.B+..|
000055a0  76 0a 2c 3c 00 0f 5c 00  4b f9 00 0f 55 48 49 f9  |v.,<..\.K...UHI.|
000055b0  00 0f 5b a4 45 eb 00 0a  2f 04 2f 02 20 46 4e 90  |..[.E..././. FN.|
000055c0  50 8f 14 b5 08 00 53 8a  53 83 2f 04 2f 02 4e 94  |P.....S.S././.N.|
000055d0  50 8f 24 00 66 e2 4a 85  67 08 17 bc 00 2d 38 00  |P.$.f.J.g....-8.|
000055e0  53 83 47 f3 38 01 20 0b  4c ee 3c 7c ff dc 4e 5e  |S.G.8. .L.<|..N^|
000055f0  4e 75 00 00 30 2f 00 06  22 2f 00 08 4e 42 4e 75  |Nu..0/.."/..NBNu|
00005600  48 e7 7f fe 20 6f 00 3c  42 80 61 00 00 62 4a 80  |H... o.<B.a..bJ.|
00005610  66 00 00 34 61 00 01 24  4a 80 66 00 00 2a 61 00  |f..4a..$J.f..*a.|
00005620  02 90 4a 80 66 00 00 20  2e 39 00 0f 6a 8a be b9  |..J.f.. .9..j...|
00005630  00 0f 6a 98 67 00 00 06  61 00 03 b0 4a 80 66 00  |..j.g...a...J.f.|
00005640  00 06 61 00 04 52 22 2f  00 40 61 00 00 18 4c df  |..a..R"/.@a...L.|
00005650  7f fe 4e 75 2f 00 22 28  00 00 70 14 4e 42 22 00  |..Nu/."(..p.NB".|
00005660  20 1f 4e 75 2f 00 70 1a  4e 42 20 1f 4e 75 22 28  | .Nu/.p.NB .Nu"(|
00005670  00 04 61 00 ff f0 61 00  ff dc 4a 81 66 00 00 16  |..a...a...J.f...|
00005680  7e 12 2a 68 00 04 2c 7c  00 0f 6a 74 3c dd 51 cf  |~.*h..,|..jt<.Q.|
00005690  ff fc 4e 75 70 02 4e 75  42 81 24 7c 00 0f 6a 98  |..Nup.NuB.$|..j.|
000056a0  26 7c 00 0f 6a 76 2e 32  28 00 be b2 38 00 6c 00  |&|..jv.2(...8.l.|
000056b0  00 10 de b3 28 00 be b2  38 00 6e 00 00 14 4e 75  |....(...8.n...Nu|
000056c0  2e 32 38 00 de b3 38 00  be b2 28 00 6f 00 00 04  |.28...8...(.o...|
000056d0  72 01 4e 75 2c 02 53 46  e5 4a 2e 28 00 08 2a 7c  |r.Nu,.SF.J.(..*||
000056e0  00 0f 6a 98 2c 7c 00 0f  6a 76 9e b6 28 00 08 87  |..j.,|..jv..(...|
000056f0  00 00 2b 87 28 00 be a8  00 04 6d 00 ff d4 42 83  |..+.(.....m...B.|
00005700  61 00 ff 96 58 83 4a 81  56 ce ff f6 4e 75 2a 02  |a...X.J.V...Nu*.|
00005710  53 85 23 c5 00 0f 6a b0  e5 8a 42 84 2c 39 00 0f  |S.#...j...B.,9..|
00005720  6a b0 2a 7c 00 0f 6a 98  2e 35 48 00 61 00 ff b0  |j.*|..j..5H.a...|
00005730  58 84 4a 81 57 cd ff e6  4e 75 3c 39 00 0f 6a 74  |X.J.W...Nu<9..jt|
00005740  02 46 ff fe 0c 46 60 1a  66 00 01 3c 23 f9 00 0f  |.F...F`.f..<#...|
00005750  6a 82 00 0f 6a ac 2e 3c  00 00 01 00 23 c7 00 0f  |j...j..<....#...|
00005760  6a 82 45 f9 00 0f 6a 86  be 52 6d 00 00 04 24 87  |j.E...j..Rm...$.|
00005770  0c 79 60 1b 00 0f 6a 74  67 00 00 0c 4a 79 00 0f  |.y`...jtg...Jy..|
00005780  6a 8e 67 00 00 10 23 f9  00 0f 6a 8a 00 0f 6a 98  |j.g...#...j...j.|
00005790  60 00 00 46 08 28 00 00  00 15 66 00 00 1a 2e 28  |`..F.(....f....(|
000057a0  00 04 06 87 00 00 01 01  08 87 00 00 23 c7 00 0f  |............#...|
000057b0  6a 98 60 00 00 24 2e 28  00 08 9e b9 00 0f 6a 76  |j.`..$.(......jv|
000057c0  9e b9 00 0f 6a 7a 9e b9  00 0f 6a 7e 59 87 08 87  |....jz....j~Y...|
000057d0  00 00 23 c7 00 0f 6a 98  0c 79 60 1b 00 0f 6a 74  |..#...j..y`...jt|
000057e0  66 00 00 1a 23 f9 00 0f  6a 90 00 0f 6a 9c 23 f9  |f...#...j...j.#.|
000057f0  00 0f 6a 94 00 0f 6a a0  60 00 00 2c 2e 39 00 0f  |..j...j.`..,.9..|
00005800  6a 98 de b9 00 0f 6a 76  52 87 08 87 00 00 23 c7  |j.....jvR.....#.|
00005810  00 0f 6a 9c de b9 00 0f  6a 7a 52 87 08 87 00 00  |..j.....jzR.....|
00005820  23 c7 00 0f 6a a0 74 03  61 00 fe e4 4a 81 67 00  |#...j.t.a...J.g.|
00005830  00 0e 74 03 61 00 fe 9e  4a 81 66 00 00 4a 74 04  |..t.a...J.f..Jt.|
00005840  61 00 fe 92 4a 81 67 00  00 0e 74 04 61 00 fe c0  |a...J.g...t.a...|
00005850  4a 81 66 00 00 32 2a 7c  00 0f 6a 98 2c 7c 00 0f  |J.f..2*|..j.,|..|
00005860  6a 76 42 82 76 04 2e 35  28 00 be a8 00 04 6d 00  |jvB.v..5(.....m.|
00005870  00 16 de b6 28 00 be a8  00 08 6e 00 00 0a 58 82  |....(.....n...X.|
00005880  51 cb ff e4 4e 75 70 01  4e 75 22 79 00 0f 6a a4  |Q...Nup.Nu"y..j.|
00005890  2c 3c 00 00 00 80 9c 79  00 0f 6a b6 d2 c6 97 79  |,<.....y..j....y|
000058a0  00 0f 6a b6 60 00 00 04  14 d9 51 cb ff fc 4e 75  |..j.`.....Q...Nu|
000058b0  7e 3f 2a 68 00 04 2c 79  00 0f 6a a4 3c dd 51 cf  |~?*h..,y..j.<.Q.|
000058c0  ff fc 3e 3c 00 64 0c 79  60 1a 00 0f 6a 74 67 00  |..><.d.y`...jtg.|
000058d0  00 04 51 47 33 c7 00 0f  6a b6 33 fc 00 02 00 0f  |..QG3...j.3.....|
000058e0  6a b4 24 79 00 0f 6a 98  24 39 00 0f 6a 76 42 83  |j.$y..j.$9..jvB.|
000058f0  36 39 00 0f 6a b6 b6 82  6d 00 00 0c 26 02 61 00  |69..j...m...&.a.|
00005900  ff 8a 60 00 00 56 94 83  61 00 ff 80 26 3c 00 00  |..`..V..a...&<..|
00005910  00 80 b4 83 6d 00 00 1e  22 0a 61 00 fd 48 61 00  |....m...".a..Ha.|
00005920  fd 34 4a 41 66 00 00 64  94 83 d5 fc 00 00 00 80  |.4JAf..d........|
00005930  60 00 ff e0 4a 82 67 00  00 22 22 39 00 0f 6a a4  |`...J.g..""9..j.|
00005940  61 00 fd 22 61 00 fd 0e  4a 41 66 00 00 3e 33 c3  |a.."a...JAf..>3.|
00005950  00 0f 6a b6 26 02 61 00  ff 32 24 79 00 0f 6a 9c  |..j.&.a..2$y..j.|
00005960  24 39 00 0f 6a 7a 53 79  00 0f 6a b4 66 00 ff 80  |$9..jzSy..j.f...|
00005970  24 79 00 0f 6a a0 24 39  00 0f 6a 7e 67 00 00 0a  |$y..j.$9..j~g...|
00005980  42 1a 53 82 66 00 ff fa  4e 75 70 02 4e 75 3e 1b  |B.S.f...Nup.Nu>.|
00005990  02 47 00 07 e3 4f 4e fb  78 02 60 00 00 24 60 00  |.G...ON.x.`..$`.|
000059a0  00 30 60 00 00 2c 60 00  00 28 60 00 00 0e 60 00  |.0`..,`..(`...`.|
000059b0  00 18 60 00 00 06 60 00  00 08 20 1f 70 03 4e 75  |..`...`... .p.Nu|
000059c0  08 82 00 00 4a 5a 4e 75  08 c2 00 00 4a 5a 4e 75  |....JZNu....JZNu|
000059d0  08 82 00 00 66 00 00 0a  3c 12 dc 45 34 c6 4e 75  |....f...<..E4.Nu|
000059e0  4a 62 2c 12 dc 85 24 c6  4e 75 22 39 00 0f 6a a4  |Jb,...$.Nu"9..j.|
000059f0  61 00 fc 72 2e 39 00 0f  6a ac 8e fc 00 80 3c 07  |a..r.9..j.....<.|
00005a00  48 47 36 39 00 0f 6a b6  96 47 6c 00 00 08 06 43  |HG69..j..Gl....C|
00005a10  00 80 52 46 26 79 00 0f  6a a4 d6 fc 00 80 96 c3  |..RF&y..j.......|
00005a20  e2 4b 60 00 00 0c 61 00  fc 2c 4a 41 66 00 ff 5c  |.K`...a..,JAf..\|
00005a30  51 ce ff f4 2a 39 00 0f  6a 98 24 45 9a b9 00 0f  |Q...*9..j.$E....|
00005a40  6a 8a 28 39 00 0f 6a 76  33 fc 00 02 00 0f 6a b4  |j.(9..jv3.....j.|
00005a50  42 82 e2 8c 60 00 00 22  53 43 6a 00 00 16 61 00  |B...`.."SCj...a.|
00005a60  fb f4 4a 41 66 00 ff 24  26 79 00 0f 6a a4 36 3c  |..JAf..$&y..j.6<|
00005a70  00 3f 61 00 ff 1a 53 84  4a 84 66 00 ff dc 24 79  |.?a...S.J.f...$y|
00005a80  00 0f 6a 9c 28 39 00 0f  6a 7a 53 79 00 0f 6a b4  |..j.(9..jzSy..j.|
00005a90  66 00 ff be 4e 75 21 79  00 0f 6a a4 00 0c 2e 39  |f...Nu!y..j....9|
00005aa0  00 0f 6a a8 de b9 00 0f  6a 86 08 87 00 00 21 47  |..j.....j.....!G|
00005ab0  00 10 22 79 00 0f 6a a4  22 e8 00 04 22 e8 00 08  |.."y..j."..."...|
00005ac0  22 f9 00 0f 6a 98 22 f9  00 0f 6a 76 22 f9 00 0f  |"...j."...jv"...|
00005ad0  6a 9c 22 f9 00 0f 6a 7a  22 f9 00 0f 6a a0 22 b9  |j."...jz"...j.".|
00005ae0  00 0f 6a 7e 2e 28 00 08  2c 29 ff fc dc 99 2c 7c  |..j~.(..,)....,||
00005af0  00 0f 6a 98 7a 04 42 b9  00 0f 6a a0 bc 96 62 00  |..j.z.B...j...b.|
00005b00  00 0a be 96 63 00 00 04  2e 16 4a 9e 51 cd ff ee  |....c.....J.Q...|
00005b10  9e 86 22 c7 24 68 00 00  10 12 66 00 00 0a 30 3c  |..".$h....f...0<|
00005b20  00 19 4e 42 52 40 12 c0  42 80 4e 75 4e 56 00 00  |..NBR@..B.NuNV..|
00005b30  48 e7 30 00 22 2e 00 08  24 2e 00 0c 76 01 20 6e  |H.0."...$...v. n|
00005b40  00 10 70 0c 4e 48 4c df  00 0c 4e 5e 4e 75 4e 56  |..p.NHL...N^NuNV|
00005b50  00 00 48 e7 30 00 22 2e  00 08 24 2e 00 0c 76 01  |..H.0."...$...v.|
00005b60  20 6e 00 10 70 0d 4e 48  4c df 00 0c 4e 5e 4e 75  | n..p.NHL...N^Nu|
00005b70  4e 56 00 00 22 2e 00 08  70 0a 4e 48 4e 5e 4e 75  |NV.."...p.NHN^Nu|
00005b80  4e 56 00 00 22 2e 00 08  20 6e 00 0c 70 0b 4e 48  |NV.."... n..p.NH|
00005b90  4e 5e 4e 75 42 81 60 04  22 2f 00 04 70 08 4e 48  |N^NuB.`."/..p.NH|
00005ba0  4e 75 00 00 4e 56 00 00  20 6e 00 08 22 48 70 ff  |Nu..NV.. n.."Hp.|
00005bb0  4a 19 66 fc 93 c8 20 09  53 80 4e 5e 4e 75 00 00  |J.f... .S.N^Nu..|
00005bc0  2f 02 22 2f 00 0c 20 2f  00 08 0c 81 00 01 00 00  |/."/.. /........|
00005bd0  64 16 24 00 42 42 48 42  84 c1 30 02 48 40 34 2f  |d.$.BBHB..0.H@4/|
00005be0  00 0a 84 c1 30 02 60 30  24 01 e2 89 e2 88 0c 81  |....0.`0$.......|
00005bf0  00 01 00 00 64 f4 80 c1  02 80 00 00 ff ff 22 02  |....d.........".|
00005c00  c2 c0 48 42 c4 c0 48 42  4a 42 66 0a d2 82 65 06  |..HB..HBJBf...e.|
00005c10  b2 af 00 08 63 02 53 80  24 1f 4e 75 22 2f 00 08  |....c.S.$.Nu"/..|
00005c20  20 2f 00 04 2f 01 2f 00  4e b9 00 0f 5b a4 50 8f  | /.././.N...[.P.|
00005c30  22 2f 00 08 2f 01 2f 00  4e b9 00 0f 5c 30 50 8f  |"/.././.N...\0P.|
00005c40  22 2f 00 04 92 80 20 01  4e 75 00 00 30 2f 00 04  |"/.... .Nu..0/..|
00005c50  c0 ef 00 0a 32 2f 00 06  c2 ef 00 08 d0 41 48 40  |....2/.......AH@|
00005c60  42 40 32 2f 00 06 c2 ef  00 0a d0 81 4e 75 00 00  |B@2/........Nu..|
00005c70  00 00 00 00 00 00 00 00  00 00 00 00 00 00 00 00  |................|
00005c80  36 38 4b 00 20 20 20 00  53 55 42 00 00 00 00 00  |68K.   .SUB.....|
00005c90  00 0f 03 1a 00 00 00 0f  03 15 00 09 00 0f 03 10  |................|
00005ca0  00 01 00 0f 03 0c 00 02  00 0f 03 08 00 03 00 0f  |................|
00005cb0  03 03 00 04 00 0f 02 fc  00 06 00 00 00 00 ff ff  |................|
00005cc0  4e 4f 4e 2d 53 59 53 54  45 4d 20 46 49 4c 45 28  |NON-SYSTEM FILE(|
00005cd0  53 29 20 45 58 49 53 54  24 00 45 6e 74 65 72 20  |S) EXIST$.Enter |
00005ce0  46 69 6c 65 6e 61 6d 65  3a 20 24 00 45 6e 74 65  |Filename: $.Ente|
00005cf0  72 20 4f 6c 64 20 4e 61  6d 65 3a 20 24 00 45 6e  |r Old Name: $.En|
00005d00  74 65 72 20 4e 65 77 20  4e 61 6d 65 3a 20 24 00  |ter New Name: $.|
00005d10  46 69 6c 65 20 61 6c 72  65 61 64 79 20 65 78 69  |File already exi|
00005d20  73 74 73 24 00 4e 6f 20  66 69 6c 65 24 00 4e 6f  |sts$.No file$.No|
00005d30  20 77 69 6c 64 63 61 72  64 20 66 69 6c 65 6e 61  | wildcard filena|
00005d40  6d 65 73 24 00 53 79 6e  74 61 78 3a 20 52 45 4e  |mes$.Syntax: REN|
00005d50  20 4e 65 77 66 69 6c 65  3d 4f 6c 64 66 69 6c 65  | Newfile=Oldfile|
00005d60  24 00 43 6f 6e 66 69 72  6d 28 59 2f 4e 29 3f 20  |$.Confirm(Y/N)? |
00005d70  24 00 45 6e 74 65 72 20  55 73 65 72 20 4e 6f 3a  |$.Enter User No:|
00005d80  20 24 00 2e 53 55 42 20  66 69 6c 65 20 6e 6f 74  | $..SUB file not|
00005d90  20 66 6f 75 6e 64 24 00  55 73 65 72 20 23 20 72  | found$.User # r|
00005da0  61 6e 67 65 20 69 73 20  5b 30 2d 31 35 5d 24 00  |ange is [0-15]$.|
00005db0  54 6f 6f 20 6d 61 6e 79  20 61 72 67 75 6d 65 6e  |Too many argumen|
00005dc0  74 73 3a 20 24 00 49 6e  73 75 66 66 69 63 69 65  |ts: $.Insufficie|
00005dd0  6e 74 20 6d 65 6d 6f 72  79 20 6f 72 20 62 61 64  |nt memory or bad|
00005de0  20 66 69 6c 65 20 68 65  61 64 65 72 24 00 52 65  | file header$.Re|
00005df0  61 64 20 65 72 72 6f 72  20 6f 6e 20 70 72 6f 67  |ad error on prog|
00005e00  72 61 6d 20 6c 6f 61 64  24 00 42 61 64 20 72 65  |ram load$.Bad re|
00005e10  6c 6f 63 61 74 69 6f 6e  20 69 6e 66 6f 72 6d 61  |location informa|
00005e20  74 69 6f 6e 20 62 69 74  73 24 00 50 72 6f 67 72  |tion bits$.Progr|
00005e30  61 6d 20 6c 6f 61 64 20  65 72 72 6f 72 24 00 3e  |am load error$.>|
00005e40  3c 2e 2c 3d 5b 5d 3b 7c  26 2f 28 29 2b 2d 5c 00  |<.,=[];|&/()+-\.|
00005e50  00 0f 22 9c 00 94 00 01  00 00 10 00 00 0e f0 00  |..".............|
00005e60  0d 0a 0a 45 78 63 65 70  74 69 6f 6e 20 30 78 00  |...Exception 0x.|
00005e70  20 61 74 20 75 73 65 72  20 61 64 64 72 65 73 73  | at user address|
00005e80  20 30 78 00 2e 20 20 41  62 6f 72 74 65 64 2e 00  | 0x..  Aborted..|
00005e90  00 10 04 0f 00 00 01 ff  01 ff ff 00 00 00 00 00  |................|
00005ea0  00 00 00 00 00 00 00 00  00 00 00 0f 6f 2c 00 0f  |............o,..|
00005eb0  46 78 00 00 00 00 00 0f  6e bc 00 00 00 00 00 00  |Fx......n.......|
00005ec0  00 00 00 00 00 0f 6f 2c  00 0f 5e 74 00 00 00 00  |......o,..^t....|
00005ed0  00 0f 87 bc 00 00 00 00  00 00 00 00 00 00 00 00  |................|
00005ee0  00 00 02 00 00 00 00 00  00 00 00 00 00 00 00 00  |................|
*
00005f20  00 00 02 00 ff f8 c0 00  00 00 0c 80 00 0f 5e 84  |..............^.|
00005f30  00 65 00 80 00 00 00 00  00 00 00 00 00 00 00 00  |.e..............|
00005f40  00 00 02 00 00 00 00 00  00 00 00 00 00 00 00 00  |................|
*
00005fd0  00 00 02 00 00 10 00 00  00 00 20 00 00 0f 5e 9e  |.......... ...^.|
00005fe0  00 64 00 80 ff ff 00 00  00 0f 88 00              |.d..........|
00005fec
